bottle.id,casrn,chemical.id,chemical.name,plate.id,conc,well,EPR_max,MO24,any.effect,L1,L2,L3,D1,D2,D3,LPR_light_mean,LPR_dark_mean
P737470,50-32-8,1174,Benzo[a]pyrene,19842,0,A01,7.5521,0,0,1.96449998021126,35.1125001013279,6.99650001525879,154.719999268651,145.370500094257,166.566998928785,14.691,155.552
P737470,50-32-8,1174,Benzo[a]pyrene,19842,0,B01,24.6962,0,0,0,3.99099999666214,0.524500012397765,174.664999991655,152.635500460863,125.879999250174,1.505,151.06
P737470,50-32-8,1174,Benzo[a]pyrene,19842,1,C01,NA,1,1,NA,NA,NA,NA,NA,NA,NA,NA
P737470,50-32-8,1174,Benzo[a]pyrene,19842,1,D01,5.7292,0,0,0,11.0274997353554,14.5354998698458,7.30400002002716,113.461500614882,263.492999821901,8.521,128.086
P737470,50-32-8,1174,Benzo[a]pyrene,19842,5,E01,14.9522,0,0,1.58999997377396,18.2465002536773,1.08300000429153,247.086500756443,161.076000045985,152.515499383211,6.973,186.893
P737470,50-32-8,1174,Benzo[a]pyrene,19842,5,F01,11.3281,0,0,0,0,0.17399999499321,0.527999997138977,0,37.3409996628761,0.058,12.623
P737470,50-32-8,1174,Benzo[a]pyrene,19842,10,G01,15.6901,0,0,5.21550004184247,26.2430000901223,12.1409997791052,384.496500313282,318.621500968934,268.412997484208,14.533,323.844
P737470,50-32-8,1174,Benzo[a]pyrene,19842,10,H01,24.4357,0,0,0,0.17450000345707,8.24900019168852,106.92199960351,256.19250190258,2.96199989318848,2.808,122.026
P737470,50-32-8,1174,Benzo[a]pyrene,19842,0,A02,10.3515,0,0,27.4880002737045,3.19249999523163,24.3059998750686,315.399502456188,256.368498519063,139.966000683606,18.329,237.245
P737470,50-32-8,1174,Benzo[a]pyrene,19842,0,B02,NA,1,1,NA,NA,NA,NA,NA,NA,NA,NA
P737470,50-32-8,1174,Benzo[a]pyrene,19842,1,C02,14.0842,0,0,2.49099995195866,3.16499999165535,12.9649999365211,267.620500847697,279.886000573635,121.632000159472,6.207,223.046
P737470,50-32-8,1174,Benzo[a]pyrene,19842,1,D02,NA,1,1,NA,NA,NA,NA,NA,NA,NA,NA
P737470,50-32-8,1174,Benzo[a]pyrene,19842,5,E02,29.1233,0,0,0.321000009775162,1.34100003726781,3.37000003457069,277.60249787569,109.647000318393,43.1550005860626,1.677,143.468
P737470,50-32-8,1174,Benzo[a]pyrene,19842,5,F02,NA,1,1,NA,NA,NA,NA,NA,NA,NA,NA
P737470,50-32-8,1174,Benzo[a]pyrene,19842,10,G02,12.5,0,0,6.49999988079071,11.9790003299713,0,267.063499391079,98.8379998207092,135.300501525402,6.16,167.067
P737470,50-32-8,1174,Benzo[a]pyrene,19842,10,H02,37.5217,0,0,0.333999991416931,0.950999975204468,0,0,58.778999408707,171.782000444829,0.428,76.854
P737470,50-32-8,1174,Benzo[a]pyrene,19842,0,A03,NA,1,1,NA,NA,NA,NA,NA,NA,NA,NA
P737470,50-32-8,1174,Benzo[a]pyrene,19842,0,B03,51.4106,0,0,6.03799995779991,0,0,72.8540012538433,12.5060001313686,83.9749985337257,2.013,56.445
P737470,50-32-8,1174,Benzo[a]pyrene,19842,1,C03,17.6215,0,0,3.24899995326996,11.0019999146461,23.6079995632172,132.518499944359,120.187500953674,107.527999401093,12.62,120.078
P737470,50-32-8,1174,Benzo[a]pyrene,19842,1,D03,15.3646,0,0,21.3399996235967,11.85100017488,14.6049998104572,96.783500522375,87.7630009949207,75.4375004842877,15.932,86.661
P737470,50-32-8,1174,Benzo[a]pyrene,19842,5,E03,19.8785,0,0,9.4799998998642,18.3400000110269,5.50749999284744,88.5210000276566,29.518500328064,30.8250003457069,11.109,49.622
P737470,50-32-8,1174,Benzo[a]pyrene,19842,5,F03,NA,1,1,NA,NA,NA,NA,NA,NA,NA,NA
P737470,50-32-8,1174,Benzo[a]pyrene,19842,10,G03,9.2231,0,0,3.75149995088577,12.2524999380112,2.19799998402595,210.35599899292,210.890500575304,206.182000339031,6.067,209.143
P737470,50-32-8,1174,Benzo[a]pyrene,19842,10,H03,69.9219,0,0,9.84950002282858,1.48300003260374,15.0694997906685,243.033000122756,221.335999771953,202.400000136345,8.801,222.256
P737470,50-32-8,1174,Benzo[a]pyrene,19842,0,A04,12.066,0,0,6.03199997544288,19.41350023821,9.49999999999998,278.003000736237,348.238000750542,217.638500422239,11.649,281.293
P737470,50-32-8,1174,Benzo[a]pyrene,19842,0,B04,16.6667,0,0,21.6680000424385,16.7399998307228,3.03449991345406,317.533500999212,314.429498657584,262.201998591423,13.814,298.055
P737470,50-32-8,1174,Benzo[a]pyrene,19842,1,C04,26.3021,0,0,6.89199995994569,7.67250013351442,3.08500000834465,491.548503398896,418.948002140969,322.044002529233,5.883,410.847
P737470,50-32-8,1174,Benzo[a]pyrene,19842,1,D04,0.0217,0,3,NA,NA,NA,NA,NA,NA,NA,NA
P737470,50-32-8,1174,Benzo[a]pyrene,19842,5,E04,26.7361,0,0,0.375,18.3279997110367,0.830499999225139,418.411000967026,354.384500056505,338.327500402927,6.511,370.374
P737470,50-32-8,1174,Benzo[a]pyrene,19842,5,F04,28.2552,0,0,10.2759999036789,6.10000005364419,4.05350015312433,167.711000233889,190.772000968456,150.203500520438,6.81,169.562
P737470,50-32-8,1174,Benzo[a]pyrene,19842,10,G04,13.5417,0,0,2.55399990081787,3.68599992990493,1.60400003194809,5.16200016438961,358.140499651432,51.550000756979,2.615,138.284
P737470,50-32-8,1174,Benzo[a]pyrene,19842,10,H04,28.4071,0,0,5.00450013950466,15.5340000018478,1.27399998903274,306.04150126502,327.68699991703,235.358500599861,7.271,289.696
P737470,50-32-8,1174,Benzo[a]pyrene,19842,0,A05,5.5556,0,0,18.8339998722076,2.81250005960465,3.81750003062188,229.242000669241,130.769499650225,71.8200000301004,8.488,143.944
P737470,50-32-8,1174,Benzo[a]pyrene,19842,0,B05,17.1658,0,0,7.05899998545647,3.71549999713897,41.0255002118647,267.504999101162,232.902000516653,259.83050107956,17.267,253.413
P737470,50-32-8,1174,Benzo[a]pyrene,19842,1,C05,16.1675,0,0,23.4390000775456,107.586000557989,77.1860007345676,368.417998392135,363.592498898506,381.289501428604,69.404,371.1
P737470,50-32-8,1174,Benzo[a]pyrene,19842,1,D05,15.1042,0,0,0,2.32900007069111,4.8255000114441,140.717500120401,195.627000510693,6.11699999310076,2.385,114.154
P737470,50-32-8,1174,Benzo[a]pyrene,19842,5,E05,29.4271,0,0,0.916000008583069,2.24099999666214,0.910999976098538,30.9029998034239,150.562500594184,121.428000539541,1.356,100.965
P737470,50-32-8,1174,Benzo[a]pyrene,19842,5,F05,55.3385,0,0,3.70300003886222,0.495999984443188,3.92650008201599,146.702499501407,191.723999679089,167.437999904156,2.709,168.621
P737470,50-32-8,1174,Benzo[a]pyrene,19842,10,G05,53.277,0,0,2.36700010299682,12.9639997780323,3.0090000629425,319.132499754429,143.588501125574,330.135502636432,6.113,264.286
P737470,50-32-8,1174,Benzo[a]pyrene,19842,10,H05,34.4184,0,0,12.1460001468658,18.5139999985695,5.26350009441375,328.300000965595,283.016498923302,255.023999631405,11.975,288.78
P737470,50-32-8,1174,Benzo[a]pyrene,19842,0,A06,NA,1,1,NA,NA,NA,NA,NA,NA,NA,NA
P737470,50-32-8,1174,Benzo[a]pyrene,19842,0,B06,NA,1,1,NA,NA,NA,NA,NA,NA,NA,NA
P737470,50-32-8,1174,Benzo[a]pyrene,19842,1,C06,11.3932,0,0,64.4725004285574,26.4305000789464,6.6324999295175,214.359500288963,169.220000550151,65.2399994283915,32.512,149.607
P737470,50-32-8,1174,Benzo[a]pyrene,19842,1,D06,12.4566,0,0,1.55300003290176,2.20349997282029,0,79.8114999532701,77.3390000164509,123.112999379635,1.252,93.421
P737470,50-32-8,1174,Benzo[a]pyrene,19842,5,E06,19.77,0,0,42.3320001363754,8.30550009012222,3.27700001001358,384.084002502263,353.40750169754,303.720502052456,17.972,347.071
P737470,50-32-8,1174,Benzo[a]pyrene,19842,5,F06,19.336,0,0,24.269999794662,29.3504993272945,15.9649999216199,206.003501731902,145.319999884814,138.164498772472,23.195,163.163
P737470,50-32-8,1174,Benzo[a]pyrene,19842,10,G06,33.2899,0,0,8.73999992012978,13.0624997019768,9.3065000474453,392.052497923374,279.796000085771,159.449999816715,10.37,277.099
P737470,50-32-8,1174,Benzo[a]pyrene,19842,10,H06,14.605,0,0,6.42800003290177,0,1.36500004678964,6.76000010967255,25.1159997582436,193.073998689651,2.598,74.983
P737470,50-32-8,1174,Benzo[a]pyrene,19842,0,A07,NA,NA,NA,NA,NA,NA,NA,NA,NA,NA,NA
P737470,50-32-8,1174,Benzo[a]pyrene,19842,0,B07,31.1198,0,0,0.379000008106232,0.409000009298324,9.24850004911423,241.97600139305,229.860001802445,82.2809999212623,3.346,184.706
P737470,50-32-8,1174,Benzo[a]pyrene,19842,1,C07,9.6137,0,0,0,0.721000015735625,7.05649963021279,125.492499887943,85.6890011429787,67.2639999389649,2.592,92.815
P737470,50-32-8,1174,Benzo[a]pyrene,19842,1,D07,6.9444,0,0,1.70499996840954,5.00200009346008,13.0725002586841,384.411498054862,490.325502634048,287.994499742985,6.593,387.577
P737470,50-32-8,1174,Benzo[a]pyrene,19842,5,E07,21.3759,0,0,0.275999993085861,0.819999992847442,40.7099995687604,219.889500319958,90.6494997218251,183.22600062564,13.935,164.588
P737470,50-32-8,1174,Benzo[a]pyrene,19842,5,F07,NA,1,1,NA,NA,NA,NA,NA,NA,NA,NA
P737470,50-32-8,1174,Benzo[a]pyrene,19842,10,G07,34.3099,0,0,2.7960000038147,6.13999992609024,6.94399988651276,274.689498104155,246.460999488831,312.924500226974,5.293,278.025
P737470,50-32-8,1174,Benzo[a]pyrene,19842,10,H07,44.0755,0,0,0,2.26399996876717,10.4985001087189,80.6755003966391,113.578999504447,132.601499798708,4.254,108.952
P737470,50-32-8,1174,Benzo[a]pyrene,19842,0,A08,10.6988,0,0,6.90300005674362,9.78299988806246,7.75399994850159,0.568000018596649,0,1.16400003433228,8.147,0.577
P737470,50-32-8,1174,Benzo[a]pyrene,19842,0,B08,NA,1,1,NA,NA,NA,NA,NA,NA,NA,NA
P737470,50-32-8,1174,Benzo[a]pyrene,19842,1,C08,NA,1,1,NA,NA,NA,NA,NA,NA,NA,NA
P737470,50-32-8,1174,Benzo[a]pyrene,19842,1,D08,15.1042,0,0,8.23999997228384,4.87149985134602,1.38800001144409,220.149500727654,242.105000127107,104.868998523802,4.833,189.041
P737470,50-32-8,1174,Benzo[a]pyrene,19842,5,E08,19.0972,0,0,1.38100001215935,13.8129997253418,9.22749992460013,311.727500747889,265.222998894751,254.166500397027,8.14,277.039
P737470,50-32-8,1174,Benzo[a]pyrene,19842,5,F08,70.3993,0,0,38.8919996395707,32.3814998567104,7.62599994242191,264.055499635637,462.093998432159,170.498499833048,26.3,298.883
P737470,50-32-8,1174,Benzo[a]pyrene,19842,10,G08,16.9922,0,0,46.0625005215406,11.6560001969337,8.16250002384186,500.639502763748,361.268001355231,295.698999121785,21.96,385.869
P737470,50-32-8,1174,Benzo[a]pyrene,19842,10,H08,18.316,0,0,0,0.447499990463257,0.185499995946884,97.2340003252029,324.960998654366,158.855000495911,0.211,193.683
P737470,50-32-8,1174,Benzo[a]pyrene,19842,0,A09,11.8924,0,0,10.8304998725653,5.09299989044666,16.6590000987053,93.5939992386848,202.401999231428,123.918000936508,10.861,139.971
P737470,50-32-8,1174,Benzo[a]pyrene,19842,0,B09,15.1259,0,0,15.6784996688366,35.9925000667572,5.87100005149841,198.683000966906,136.495001554489,53.4075009822845,19.181,129.529
P737470,50-32-8,1174,Benzo[a]pyrene,19842,1,C09,7.9427,0,0,1.74500000476837,3.57299995422363,3.37449997663498,320.302499115467,259.5269998312,257.315499603748,2.897,279.048
P737470,50-32-8,1174,Benzo[a]pyrene,19842,1,D09,17.3394,0,0,0.323000013828278,0,7.46799993515015,3.55399993062019,4.58400017023087,123.895000219345,2.597,44.011
P737470,50-32-8,1174,Benzo[a]pyrene,19842,5,E09,8.1814,0,0,0,2.25699994340539,16.7499999701977,168.335000991821,104.905500326306,130.433000076562,6.336,134.558
P737470,50-32-8,1174,Benzo[a]pyrene,19842,5,F09,34.7657,0,0,13.182000041008,22.7139998786151,43.3595004854724,421.14450109005,396.427498817444,306.810500264168,26.419,374.794
P737470,50-32-8,1174,Benzo[a]pyrene,19842,10,G09,11.7621,0,0,6.52199995517731,4.68300008773804,2.13700002431869,268.098499938846,302.383997023105,255.980499744415,4.447,275.488
P737470,50-32-8,1174,Benzo[a]pyrene,19842,10,H09,16.059,0,0,28.1569996476173,0.880499988794325,0,532.810002565384,4.10000005923212,67.7724986821413,9.679,201.561
P737470,50-32-8,1174,Benzo[a]pyrene,19842,0,A10,7.5087,0,0,0.308499991893768,4.20649988949299,1.80649992823601,267.495499849319,173.666500225663,188.888998650014,2.107,210.017
P737470,50-32-8,1174,Benzo[a]pyrene,19842,0,B10,NA,1,1,NA,NA,NA,NA,NA,NA,NA,NA
P737470,50-32-8,1174,Benzo[a]pyrene,19842,1,C10,6.8359,0,0,0.615000009536743,5.72849982976913,0.495000004768372,386.519499003887,152.003000155091,40.266999669373,2.279,192.93
P737470,50-32-8,1174,Benzo[a]pyrene,19842,1,D10,13.7804,0,0,7.28949993848801,21.1934999935329,4.14550000429153,183.131499961019,179.670999862254,120.823500717059,10.876,161.209
P737470,50-32-8,1174,Benzo[a]pyrene,19842,5,E10,16.493,0,0,143.488500081003,148.488001465797,71.5445000901818,425.766501545907,385.071998476982,345.798501014709,121.174,385.546
P737470,50-32-8,1174,Benzo[a]pyrene,19842,5,F10,NA,1,1,NA,NA,NA,NA,NA,NA,NA,NA
P737470,50-32-8,1174,Benzo[a]pyrene,19842,10,G10,35.8941,0,0,4.00999991595745,9.71050000190734,3.54549992084503,0,0,2.95499992370605,5.755,0.985
P737470,50-32-8,1174,Benzo[a]pyrene,19842,10,H10,11.8273,0,0,5.5639999806881,26.7835002094507,4.05499994754791,229.452999457717,247.886500418186,247.390999138355,12.134,241.577
P737470,50-32-8,1174,Benzo[a]pyrene,19842,0,A11,14.0191,0,0,8.53450000286102,22.0365001708269,18.2890001013875,257.568500248716,231.289500065148,224.49850089848,16.287,237.786
P737470,50-32-8,1174,Benzo[a]pyrene,19842,0,B11,6.467,0,0,0.337999992072582,0,2.82100008428097,209.473999887705,280.312998093665,261.695500977337,1.053,250.494
P737470,50-32-8,1174,Benzo[a]pyrene,19842,1,C11,15.7986,0,0,1.44600003957748,1.37699994444847,3.63949999213219,188.683999750763,163.985999345779,109.304500371218,2.154,153.991
P737470,50-32-8,1174,Benzo[a]pyrene,19842,1,D11,33.6155,0,0,0,0,0.847000002861023,98.1885002851486,50.2005000635982,87.1420013904572,0.282,78.51
P737470,50-32-8,1174,Benzo[a]pyrene,19842,5,E11,10.5035,0,0,4.54499989748001,14.7374999523163,9.35399985313416,243.465499460697,199.288500547409,130.986999511719,9.545,191.247
P737470,50-32-8,1174,Benzo[a]pyrene,19842,5,F11,12.3915,0,0,0.926999993622303,81.1025008186697,18.9870000481605,320.045997478068,358.861502371728,342.886498451232,33.672,340.598
P737470,50-32-8,1174,Benzo[a]pyrene,19842,10,G11,12.0442,0,0,11.997000053525,55.900000706315,6.65200013667345,269.419999837876,222.065999776125,263.380498826504,24.85,251.622
P737470,50-32-8,1174,Benzo[a]pyrene,19842,10,H11,10.3082,0,0,13.2010000124574,15.2870003283024,41.7140000462532,467.49749994278,433.312000334263,303.641498662532,23.401,401.484
P737470,50-32-8,1174,Benzo[a]pyrene,19842,0,A12,14.0408,0,0,3.14499998092651,6.58250008150936,15.7459996119142,192.482000440359,217.631499025039,132.264498174191,8.491,180.793
P737470,50-32-8,1174,Benzo[a]pyrene,19842,0,B12,7.7691,0,0,59.0795001089573,84.521500363946,22.2760003209114,486.507502794266,416.146999180317,241.305500855669,55.292,381.32
P737470,50-32-8,1174,Benzo[a]pyrene,19842,1,C12,5.2083,0,0,3.90299999713898,4.70999991893769,5.16049998998642,405.325000166893,355.446999803185,302.950500547886,4.591,354.574
P737470,50-32-8,1174,Benzo[a]pyrene,19842,1,D12,12.3481,0,0,5.59400011971592,21.1099998615682,33.2699999064207,405.229498505593,314.963998883963,241.020500205458,19.991,320.405
P737470,50-32-8,1174,Benzo[a]pyrene,19842,5,E12,12.1094,0,0,0.270000010728836,7.32549995183945,3.65099999308586,373.141999602318,354.536999077536,304.961501121521,3.749,344.213
P737470,50-32-8,1174,Benzo[a]pyrene,19842,5,F12,11.6102,0,0,40.8809997737408,15.5385001301765,2.64849996566773,132.806999690831,181.94899854064,130.756999909878,19.689,148.504
P737470,50-32-8,1174,Benzo[a]pyrene,19842,10,G12,26.1068,0,0,8.16900004446507,4.15600004792214,12.9789998531342,35.253000035882,10.9224998354912,118.710998348892,8.435,54.962
P737470,50-32-8,1174,Benzo[a]pyrene,19842,10,H12,10.7639,0,0,173.903499782085,0.59850001335144,0.59799998998642,243.957500100136,259.659500002861,215.032500505447,58.367,239.55
P737470,50-32-8,1174,Benzo[a]pyrene,19843,0,A01,3.1467,0,0,14.1674998700619,14.0419999957085,9.89050000905991,211.756500847638,60.2655002474785,184.443000532686,12.7,152.155
P737470,50-32-8,1174,Benzo[a]pyrene,19843,0,B01,NA,1,1,NA,NA,NA,NA,NA,NA,NA,NA
P737470,50-32-8,1174,Benzo[a]pyrene,19843,1,C01,5.0781,0,0,13.4880002737045,4.16550002992153,7.08899986743926,254.49149876833,190.669499628246,200.272501051426,8.248,215.144
P737470,50-32-8,1174,Benzo[a]pyrene,19843,1,D01,0.0217,0,8,NA,NA,NA,NA,NA,NA,NA,NA
P737470,50-32-8,1174,Benzo[a]pyrene,19843,5,E01,6.1415,0,0,9.97699996829031,1.22599998116493,0,5.70700001716614,8.49899999424815,33.9809998720884,3.734,16.062
P737470,50-32-8,1174,Benzo[a]pyrene,19843,5,F01,11.6319,0,0,1.04999995231629,1.8594999909401,31.9535001143813,86.3879994750022,336.591000378132,317.920500442386,11.621,246.967
P737470,50-32-8,1174,Benzo[a]pyrene,19843,10,G01,12.3264,0,0,23.0064999014139,10.3504999577999,14.5064997375011,184.707998093218,414.589000284672,287.935000777245,15.954,295.744
P737470,50-32-8,1174,Benzo[a]pyrene,19843,10,H01,5.0347,0,0,12.1055000424385,6.14200010895729,7.28849989175796,268.374500066042,299.118500113487,229.842999488115,8.512,265.779
P737470,50-32-8,1174,Benzo[a]pyrene,19843,0,A02,3.2335,0,0,2.09800001978875,5.60899981856345,7.28649999201298,350.931498646736,297.768999576569,299.68399900198,4.998,316.128
P737470,50-32-8,1174,Benzo[a]pyrene,19843,0,B02,6.8359,0,0,50.6489990949631,1.33000004291535,3.43500000238418,185.319500297308,100.804000407457,93.8550009280443,18.471,126.66
P737470,50-32-8,1174,Benzo[a]pyrene,19843,1,C02,3.8194,0,0,0,0,1.16500002145767,105.074999757111,75.0490009114146,51.4870001450181,0.388,77.204
P737470,50-32-8,1174,Benzo[a]pyrene,19843,1,D02,5.1215,0,0,6.09299995750189,9.65449989587069,1.56900002062321,321.829499185085,314.512500822544,236.077501773834,5.772,290.807
P737470,50-32-8,1174,Benzo[a]pyrene,19843,5,E02,16.9271,0,0,0.86599999666214,0.370999991893768,3.30850000679493,327.417998824269,176.271999508143,151.332999646664,1.515,218.341
P737470,50-32-8,1174,Benzo[a]pyrene,19843,5,F02,9.8741,0,0,15.1434997543693,4.74600003659724,10.7529999613762,361.393500983715,336.602000415325,96.8510000631214,10.214,264.949
P737470,50-32-8,1174,Benzo[a]pyrene,19843,10,G02,12.3481,0,0,0.382999986410141,2.55349999666214,5.39099991321564,12.4890002124012,91.6570002138615,277.03399965167,2.776,127.06
P737470,50-32-8,1174,Benzo[a]pyrene,19843,10,H02,13.1945,0,0,0,0,0,12.0009999275208,28.4739997386933,61.5360000729561,0,34.004
P737470,50-32-8,1174,Benzo[a]pyrene,19843,0,A03,0,0,10,NA,NA,NA,NA,NA,NA,NA,NA
P737470,50-32-8,1174,Benzo[a]pyrene,19843,0,B03,7.0963,0,0,0,3.39850002527237,3.81800004839897,32.1669995039702,57.0020008534193,130.724500775337,2.406,73.298
P737470,50-32-8,1174,Benzo[a]pyrene,19843,1,C03,10.0043,0,0,5.32700000703335,4.99399995803833,0.603999972343445,199.806999441236,204.116999849677,128.893999509513,3.642,177.606
P737470,50-32-8,1174,Benzo[a]pyrene,19843,1,D03,4.8394,0,0,0,1.24200001358986,1.341000020504,11.0429998785257,284.261501368136,128.902001291513,0.861,141.402
P737470,50-32-8,1174,Benzo[a]pyrene,19843,5,E03,22.3742,0,0,0,0,0,0,0,0,0,0
P737470,50-32-8,1174,Benzo[a]pyrene,19843,5,F03,9.0495,0,0,2.52550000697374,10.2654999196529,16.3119997754693,438.477002263069,411.015999466181,426.701500624418,9.701,425.398
P737470,50-32-8,1174,Benzo[a]pyrene,19843,10,G03,12.066,0,0,0.461499989032745,48.1060002669692,8.59500014781953,189.782499145716,207.478499419987,175.149500522763,19.054,190.803
P737470,50-32-8,1174,Benzo[a]pyrene,19843,10,H03,9.5703,0,0,0,8.11899989843368,3.85299998521805,71.0714995414019,256.689500510693,153.571001008153,3.991,160.444
P737470,50-32-8,1174,Benzo[a]pyrene,19843,0,A04,2.6476,0,0,4.66200011968613,4.15450009703636,3.38600000739098,98.9370016185566,139.046000868082,226.33400118351,4.068,154.772
P737470,50-32-8,1174,Benzo[a]pyrene,19843,0,B04,3.8845,0,0,52.6349995881319,26.3915000259876,64.386500865221,271.611000746489,232.569499379024,161.907500252128,47.804,222.029
P737470,50-32-8,1174,Benzo[a]pyrene,19843,1,C04,2.8646,0,0,5.07149988412857,34.1784989833832,13.1909998655319,289.953500300646,237.031499534845,171.358500912786,17.48,232.781
P737470,50-32-8,1174,Benzo[a]pyrene,19843,1,D04,11.5452,0,0,0.883000016212463,0,2.15499997138977,0,1.43099999427795,0,1.013,0.477
P737470,50-32-8,1174,Benzo[a]pyrene,19843,5,E04,9.8741,0,0,1.40800004452467,16.3954999446869,5.73499992489815,226.325500130654,301.729499310255,18.0270003676415,7.846,182.027
P737470,50-32-8,1174,Benzo[a]pyrene,19843,5,F04,10.0694,0,0,29.2520000338555,26.4549999162555,23.2300000712276,508.283502340317,577.668000221252,541.034999608994,26.312,542.329
P737470,50-32-8,1174,Benzo[a]pyrene,19843,10,G04,9.3316,0,0,1.26450000703335,4.90849995613098,8.14149999618529,221.512499302625,175.898499682546,185.513500764966,4.771,194.308
P737470,50-32-8,1174,Benzo[a]pyrene,19843,10,H04,9.5269,0,0,0,3.09650006890297,0,169.957499913871,6.1160000488162,32.3040000796317,1.032,69.459
P737470,50-32-8,1174,Benzo[a]pyrene,19843,0,A05,3.9714,0,0,18.5274998173118,40.9754999056458,34.7820002613589,343.367499379441,354.804000370204,308.913501173258,31.428,335.695
P737470,50-32-8,1174,Benzo[a]pyrene,19843,0,B05,NA,1,1,NA,NA,NA,NA,NA,NA,NA,NA
P737470,50-32-8,1174,Benzo[a]pyrene,19843,1,C05,2.2135,0,0,17.2835000753402,5.9535000026226,19.4859999120236,283.602001070976,390.611998111009,380.973498344421,14.241,351.729
P737470,50-32-8,1174,Benzo[a]pyrene,19843,1,D05,4.7092,0,0,19.9184999912977,10.1660001315176,22.2130000963807,405.988999009132,322.204498171806,318.22999972105,17.433,348.808
P737470,50-32-8,1174,Benzo[a]pyrene,19843,5,E05,5.1432,0,0,5.28050008416176,35.1964998096228,28.3544997833669,378.40950024873,311.334000080824,339.637002345175,22.944,343.127
P737470,50-32-8,1174,Benzo[a]pyrene,19843,5,F05,NA,1,1,NA,NA,NA,NA,NA,NA,NA,NA
P737470,50-32-8,1174,Benzo[a]pyrene,19843,10,G05,9.2665,0,0,1.36549996584654,7.60999986529351,4.70799988508225,5.74700004607439,215.894000917673,293.821999967098,4.561,171.821
P737470,50-32-8,1174,Benzo[a]pyrene,19843,10,H05,24.197,0,0,1.7030000090599,4.3215000629425,5.26399999856949,45.2419999428093,214.34850050509,285.779499344528,3.763,181.79
P737470,50-32-8,1174,Benzo[a]pyrene,19843,0,A06,6.4453,0,0,4.75699996761978,0,4.64099991321563,59.7749997153878,67.4109999090433,74.4410003013909,3.133,67.209
P737470,50-32-8,1174,Benzo[a]pyrene,19843,0,B06,6.4453,0,0,3.6460000872612,2.8575000166893,4.2739999294281,19.120000034105,25.573999941349,42.3149997182191,3.593,29.003
P737470,50-32-8,1174,Benzo[a]pyrene,19843,1,C06,7.8559,0,0,19.6160000115633,15.4689998924732,7.33049994707107,21.7169997915626,24.975000390783,26.3779998682439,14.138,24.357
P737470,50-32-8,1174,Benzo[a]pyrene,19843,1,D06,NA,1,1,NA,NA,NA,NA,NA,NA,NA,NA
P737470,50-32-8,1174,Benzo[a]pyrene,19843,5,E06,11.9358,0,0,1.24899995326996,0.868499994277955,0.985000014305115,122.203499637544,143.47400072217,126.848999898881,1.034,130.842
P737470,50-32-8,1174,Benzo[a]pyrene,19843,5,F06,15.408,0,0,1.4009999781847,11.6399997919798,1.87799996137619,440.912003040314,337.068500995636,81.2280007004738,4.973,286.403
P737470,50-32-8,1174,Benzo[a]pyrene,19843,10,G06,15.2344,0,0,21.2915001213551,26.3340000063181,4.20500004291535,452.481500178576,464.720496017486,342.280499279499,17.277,419.827
P737470,50-32-8,1174,Benzo[a]pyrene,19843,10,H06,7.921,0,0,3.1240000128746,5.13199990987778,12.7160000801087,435.350000619889,364.7624989748,114.798997819423,6.991,304.97
P737470,50-32-8,1174,Benzo[a]pyrene,19843,0,A07,2.0182,0,0,5.82199984788894,17.8934999108315,55.7000016868114,256.981497861445,229.943500652909,156.609000615775,26.472,214.511
P737470,50-32-8,1174,Benzo[a]pyrene,19843,0,B07,6.8142,0,0,0,20.4219999909401,7.1440000757575,289.717000484467,263.13049906306,131.406000345945,9.189,228.084
P737470,50-32-8,1174,Benzo[a]pyrene,19843,1,C07,5.4253,0,0,14.7224999666214,2.06949999928474,3.10950011014939,196.246000915766,207.667999505997,118.797000914812,6.634,174.237
P737470,50-32-8,1174,Benzo[a]pyrene,19843,1,D07,17.0139,0,0,0,10.4330001100898,3.42900002002716,114.913999825716,28.0189992021769,14.0090001821518,4.621,52.314
P737470,50-32-8,1174,Benzo[a]pyrene,19843,5,E07,8.5504,0,0,5.56299990415573,0.986000016331674,1.19400000572205,281.261001110077,62.8360004797578,14.4770001173019,2.581,119.525
P737470,50-32-8,1174,Benzo[a]pyrene,19843,5,F07,14.5399,0,0,8.54600012302399,10.3360000252724,4.66250002384186,341.595499515533,336.101499974728,235.882499694824,7.848,304.526
P737470,50-32-8,1174,Benzo[a]pyrene,19843,10,G07,19.7266,0,0,13.125,1.88100001215935,1.35350000858307,225.960499554872,256.609498172998,81.8214992284774,5.453,188.13
P737470,50-32-8,1174,Benzo[a]pyrene,19843,10,H07,19.9653,0,0,8.37699995189902,76.8039992898703,23.8640002310275,128.595999151469,188.840500235558,147.532499730587,36.348,154.99
P737470,50-32-8,1174,Benzo[a]pyrene,19843,0,A08,NA,1,1,NA,NA,NA,NA,NA,NA,NA,NA
P737470,50-32-8,1174,Benzo[a]pyrene,19843,0,B08,5.5989,0,0,2.33399993181228,8.81049992889166,17.3090001344681,30.1845000982285,41.5050005107187,2.06500003859401,9.484,24.585
P737470,50-32-8,1174,Benzo[a]pyrene,19843,1,C08,9.8958,0,0,4.44999992847443,6.70049986243249,18.1949997320771,372.994501233101,302.422997891903,292.24950003624,9.782,322.556
P737470,50-32-8,1174,Benzo[a]pyrene,19843,1,D08,5.5339,0,0,0,3.80650007724762,2.1904999986291,145.709500491619,117.722500350326,99.9435015469791,1.999,121.125
P737470,50-32-8,1174,Benzo[a]pyrene,19843,5,E08,14.6702,0,0,1.36500000953674,0.633500009775162,4.6410000026226,197.267999358475,229.627000246197,185.798000462353,2.213,204.231
P737470,50-32-8,1174,Benzo[a]pyrene,19843,5,F08,17.6866,0,0,5.4310000538826,0.462500005960464,0,0,19.2659996002913,12.6335001885891,1.965,10.633
P737470,50-32-8,1174,Benzo[a]pyrene,19843,10,G08,8.1814,0,0,67.8100004196167,56.7159999758005,129.918499439955,339.532498776913,232.617998532951,220.993498422205,84.815,264.381
P737470,50-32-8,1174,Benzo[a]pyrene,19843,10,H08,8.0078,0,0,7.34699988365173,12.3270000964403,5.71799987554551,1.23300004005432,3.20200002193452,5.27299997210502,8.464,3.236
P737470,50-32-8,1174,Benzo[a]pyrene,19843,0,A09,NA,1,1,NA,NA,NA,NA,NA,NA,NA,NA
P737470,50-32-8,1174,Benzo[a]pyrene,19843,0,B09,13.0859,0,0,4.7714999616146,5.22299998998642,1.82649996876716,472.393502116203,189.157500252127,232.801000781357,3.94,298.117
P737470,50-32-8,1174,Benzo[a]pyrene,19843,1,C09,9.6788,0,0,2.25799995660782,4.61000007390977,27.6520000398159,242.577499903738,305.740498200059,185.674501799047,11.507,244.664
P737470,50-32-8,1174,Benzo[a]pyrene,19843,1,D09,5.6858,0,0,1.31500005722046,24.6254997849464,9.84150008112192,281.216498105787,239.3620002307,204.744000852108,11.927,241.774
P737470,50-32-8,1174,Benzo[a]pyrene,19843,5,E09,0,0,1,NA,NA,NA,NA,NA,NA,NA,NA
P737470,50-32-8,1174,Benzo[a]pyrene,19843,5,F09,7.8342,0,0,1.7030000090599,0,1.19599997997284,0,1.62900000810624,74.2704991698265,0.966,25.3
P737470,50-32-8,1174,Benzo[a]pyrene,19843,10,G09,7.5304,0,0,22.2034994512796,6.18650006502867,0,113.25600078702,12.6455000657588,3.09099993109703,9.463,42.998
P737470,50-32-8,1174,Benzo[a]pyrene,19843,10,H09,4.4271,0,0,0.568000018596649,16.887999907136,17.2234998345375,294.968997880816,400.514001429081,244.971498608589,11.56,313.485
P737470,50-32-8,1174,Benzo[a]pyrene,19843,0,A10,6.684,0,0,0,3.77800011634827,13.5705000162125,129.207000315189,320.802498102188,301.864000976086,5.783,250.624
P737470,50-32-8,1174,Benzo[a]pyrene,19843,0,B10,7.487,0,0,0,2.31999993883073,11.1185001134872,194.9210014157,174.969998313114,249.432501144707,4.48,206.441
P737470,50-32-8,1174,Benzo[a]pyrene,19843,1,C10,8.789,0,0,7.18549989163876,8.87349998950958,9.11050000786782,398.513999912888,259.690500117838,117.085000872612,8.39,258.43
P737470,50-32-8,1174,Benzo[a]pyrene,19843,1,D10,7.053,0,0,47.7045001089572,8.72800031304358,22.5515003278852,96.0369992256165,183.619999557734,80.2359995841981,26.328,119.964
P737470,50-32-8,1174,Benzo[a]pyrene,19843,5,E10,9.0278,0,0,0.787000000476837,8.76850018650293,7.05800008773804,408.522498965264,309.919999480247,380.559502720833,5.538,366.334
P737470,50-32-8,1174,Benzo[a]pyrene,19843,5,F10,5.1649,0,0,0.34799998998642,0.573499977588655,0,0,0,5.68449997901916,0.307,1.895
P737470,50-32-8,1174,Benzo[a]pyrene,19843,10,G10,6.901,0,0,0,0,0,0,4.23250001482665,5.90599992871284,0,3.379
P737470,50-32-8,1174,Benzo[a]pyrene,19843,10,H10,7.2049,0,0,0,0,0.409500002861023,0,58.0520002543926,284.782001141459,0.137,114.278
P737470,50-32-8,1174,Benzo[a]pyrene,19843,0,A11,NA,1,1,NA,NA,NA,NA,NA,NA,NA,NA
P737470,50-32-8,1174,Benzo[a]pyrene,19843,0,B11,3.5373,0,0,30.6585006117821,10.4869998693466,17.8855002224445,360.479498147964,289.291500508785,252.209500640631,19.677,300.66
P737470,50-32-8,1174,Benzo[a]pyrene,19843,1,C11,5.1866,0,0,32.2539997845888,12.6079999804497,8.43899995088577,229.039998114109,326.569499313832,287.972499743104,17.767,281.194
P737470,50-32-8,1174,Benzo[a]pyrene,19843,1,D11,3.6892,0,0,1.67699998617172,7.10700002312661,1.59449999732897,7.37900006771086,200.958500146866,111.595500618219,3.46,106.644
P737470,50-32-8,1174,Benzo[a]pyrene,19843,5,E11,9.0712,0,0,18.2560002803802,22.7654995322228,12.9780000150204,400.59199732542,328.28700196743,315.131501078606,18,348.004
P737470,50-32-8,1174,Benzo[a]pyrene,19843,5,F11,12.1094,0,0,5.72499990463257,0.888000011444092,6.11799991130829,13.2295003756881,147.467500001192,377.394499465823,4.244,179.364
P737470,50-32-8,1174,Benzo[a]pyrene,19843,10,G11,6.0764,0,0,0.980000019073486,2.06400004029274,4.02299997210502,121.633000284433,160.710000514984,152.910998363048,2.356,145.085
P737470,50-32-8,1174,Benzo[a]pyrene,19843,10,H11,8.7022,0,0,0.368999987840652,5.18049997091293,0.731000036001206,439.236000478268,314.032499909401,374.296998739243,2.093,375.855
P737470,50-32-8,1174,Benzo[a]pyrene,19843,0,A12,4.3186,0,0,0.579000011086464,20.6019998267293,5.1409999281168,51.7844998687506,144.525500006974,164.731500596739,8.774,120.347
P737470,50-32-8,1174,Benzo[a]pyrene,19843,0,B12,2.322,0,0,2.64799988269806,3.73999994993209,3.76650005578994,482.644997119903,410.058998852968,228.845500417054,3.385,373.85
P737470,50-32-8,1174,Benzo[a]pyrene,19843,1,C12,5.1215,0,0,21.3620000481605,5.36949998140335,11.0475000739098,133.204000022262,149.204499350861,119.982999041677,12.593,134.13
P737470,50-32-8,1174,Benzo[a]pyrene,19843,1,D12,NA,1,1,NA,NA,NA,NA,NA,NA,NA,NA
P737470,50-32-8,1174,Benzo[a]pyrene,19843,5,E12,NA,1,1,NA,NA,NA,NA,NA,NA,NA,NA
P737470,50-32-8,1174,Benzo[a]pyrene,19843,5,F12,NA,NA,NA,NA,NA,NA,NA,NA,NA,NA,NA
P737470,50-32-8,1174,Benzo[a]pyrene,19843,10,G12,8.2031,0,0,4.0719999074936,2.95999994874,7.82399997115133,66.8209999874234,210.177000403404,160.798999905586,4.952,145.932
P737470,50-32-8,1174,Benzo[a]pyrene,19843,10,H12,18.8151,0,0,6.39800003916025,3.14599998295307,23.3740001097322,49.9704998843372,137.242000490427,100.780500069261,10.973,95.998
P737470,50-32-8,1174,Benzo[a]pyrene,19737,0,A01,12.6085,0,0,0,0,2.78049993515015,11.4220002889633,68.3349995836616,161.195000946522,0.927,80.317
P737470,50-32-8,1174,Benzo[a]pyrene,19737,0,B01,13.2596,0,0,161.895000293851,7.41799989342689,4.20049989223481,311.284000039101,162.627499379218,163.568999901414,57.838,212.493
P737470,50-32-8,1174,Benzo[a]pyrene,19737,1,C01,5.1215,0,0,19.6075003445148,5.88750010728837,8.95399987697601,241.540001630783,313.800500631332,320.373500078917,11.483,291.905
P737470,50-32-8,1174,Benzo[a]pyrene,19737,1,D01,8.4418,0,0,0.456000000238419,6.10550007224083,1.81050002574921,211.032999642193,104.409999689087,64.9090002961458,2.791,126.784
P737470,50-32-8,1174,Benzo[a]pyrene,19737,5,E01,30.2734,0,0,11.7619998157024,10.0929998755455,54.7595004104078,384.716999650002,357.812997009605,235.622500479221,25.538,326.051
P737470,50-32-8,1174,Benzo[a]pyrene,19737,5,F01,9.4184,0,0,0,0,0.411500006914139,99.3975002095103,92.8925002068281,114.762500375509,0.137,102.351
P737470,50-32-8,1174,Benzo[a]pyrene,19737,10,G01,35.6771,0,0,11.8739999756217,25.91800031811,12.7594999819994,96.1124988794326,41.7485004067421,166.159999415279,16.851,101.34
P737470,50-32-8,1174,Benzo[a]pyrene,19737,10,H01,18.7066,0,0,0,0,0.68400001525879,145.606999337673,217.790001086891,237.450998775661,0.228,200.283
P737470,50-32-8,1174,Benzo[a]pyrene,19737,0,A02,4.8611,0,0,0,0.423000007867813,12.9585001319647,6.40800005570053,329.850501835346,282.208498358727,4.461,206.156
P737470,50-32-8,1174,Benzo[a]pyrene,19737,0,B02,8.2465,0,0,4.10999990999699,0.217500001192093,6.57499995827675,126.989501148462,177.903001278639,79.2810003757477,3.634,128.058
P737470,50-32-8,1174,Benzo[a]pyrene,19737,1,C02,NA,1,1,NA,NA,NA,NA,NA,NA,NA,NA
P737470,50-32-8,1174,Benzo[a]pyrene,19737,1,D02,29.4922,0,0,22.2719998210669,35.948999603279,18.5520001128316,46.1549998931587,11.1009998321533,0,25.591,19.085
P737470,50-32-8,1174,Benzo[a]pyrene,19737,5,E02,75.9982,0,0,0,0,3.83849995024503,8.95500010251998,5.45600003004075,286.462003111839,1.279,100.291
P737470,50-32-8,1174,Benzo[a]pyrene,19737,5,F02,14.1059,0,0,0,0.17849999666214,0.99049997329712,11.5060000866651,233.807999074459,64.1249993443489,0.39,103.146
P737470,50-32-8,1174,Benzo[a]pyrene,19737,10,G02,11.9792,0,0,42.0440000295639,21.1390000656247,2.66249999403954,356.899499952793,510.839999973774,0,21.949,289.246
P737470,50-32-8,1174,Benzo[a]pyrene,19737,10,H02,48.7196,0,0,24.8960000425577,0.631000019609928,12.0070001333952,29.0239999834448,446.269501969218,172.518001273274,12.511,215.937
P737470,50-32-8,1174,Benzo[a]pyrene,19737,0,A03,3.0816,0,0,4.69700001180172,0.492000013589859,17.2320002019406,118.505499914289,7.37499988079071,211.85999904573,7.474,112.58
P737470,50-32-8,1174,Benzo[a]pyrene,19737,0,B03,14.0625,0,0,2.84749996662139,19.5644998550415,18.2135001420975,354.26100002788,374.692500948906,360.130000829697,13.542,363.028
P737470,50-32-8,1174,Benzo[a]pyrene,19737,1,C03,8.724,0,0,1.43700003623962,11.530999943614,11.0390000119805,313.975499749184,353.559998810291,312.72350011766,8.002,326.753
P737470,50-32-8,1174,Benzo[a]pyrene,19737,1,D03,15.7335,0,0,1.71700000762939,1.01600003242493,0.488000005483627,36.0890003442765,96.9640001356602,122.69199988246,1.074,85.248
P737470,50-32-8,1174,Benzo[a]pyrene,19737,5,E03,51.888,0,0,12.3174996376038,12.1784999445081,28.6419998556376,404.098500967026,367.754998981953,329.430999159813,17.713,367.095
P737470,50-32-8,1174,Benzo[a]pyrene,19737,5,F03,22.3307,0,0,0.388000011444092,2.38250002264977,0,184.369999390095,128.505000168458,169.17149963975,0.924,160.682
P737470,50-32-8,1174,Benzo[a]pyrene,19737,10,G03,26.2587,0,0,22.4289996922016,3.6865000128746,5.4615000486374,400.774499773979,348.420001350343,378.991000473499,10.526,376.062
P737470,50-32-8,1174,Benzo[a]pyrene,19737,10,H03,40.8854,0,0,1.16199997067452,2.19349996745587,7.29100000858305,268.177497476339,235.198999881744,266.450999140739,3.549,256.609
P737470,50-32-8,1174,Benzo[a]pyrene,19737,0,A04,10.1563,0,0,0,7.59449992328882,12.8890002667904,399.748002551496,0,196.281500190497,6.828,198.677
P737470,50-32-8,1174,Benzo[a]pyrene,19737,0,B04,18.7283,0,0,0.288500010967255,0.765499979257584,5.55150005966425,184.32200088352,129.58450021781,81.1874998547137,2.202,131.698
P737470,50-32-8,1174,Benzo[a]pyrene,19737,1,C04,14.6702,0,0,92.0634996518493,10.864000171423,0.354000002145767,461.867000430822,111.504499576986,65.3960000276566,34.427,212.923
P737470,50-32-8,1174,Benzo[a]pyrene,19737,1,D04,NA,1,1,NA,NA,NA,NA,NA,NA,NA,NA
P737470,50-32-8,1174,Benzo[a]pyrene,19737,5,E04,58.4853,0,0,14.0839996039867,0.307500004768372,1.2080000564456,365.711500287056,156.733499884605,112.562999680638,5.2,211.669
P737470,50-32-8,1174,Benzo[a]pyrene,19737,5,F04,17.296,0,0,1.12699998915195,26.9869995713234,44.6785007715224,244.178999423981,251.420499943197,187.758999805897,24.264,227.786
P737470,50-32-8,1174,Benzo[a]pyrene,19737,10,G04,23.2205,0,0,5.14149992167949,3.40749993920326,1.1599999666214,69.5495000137016,25.8054997771978,129.998000741005,3.236,75.118
P737470,50-32-8,1174,Benzo[a]pyrene,19737,10,H04,46.0721,0,0,1.79499998688697,10.5269998759031,1.66949999332428,5.81599998474121,5.07600003480911,15.1579999923706,4.664,8.683
P737470,50-32-8,1174,Benzo[a]pyrene,19737,0,A05,8.3984,0,0,9.15200005471706,15.6095000505447,24.4285002201796,261.585998535156,293.688000917435,295.5734988451,16.397,283.616
P737470,50-32-8,1174,Benzo[a]pyrene,19737,0,B05,8.6372,0,1,NA,NA,NA,NA,NA,NA,NA,NA
P737470,50-32-8,1174,Benzo[a]pyrene,19737,1,C05,12.1094,0,0,2.54599998891353,4.45199996232986,7.49200004339218,282.536998316645,191.111001376063,394.787500798702,4.83,289.479
P737470,50-32-8,1174,Benzo[a]pyrene,19737,1,D05,12.4566,0,0,0,0,0.462999999523163,77.4430001620203,114.36249961704,105.844500780106,0.154,99.217
P737470,50-32-8,1174,Benzo[a]pyrene,19737,5,E05,13.8889,0,0,9.11000004410743,5.3914999961853,1.73499997705221,423.957502663136,218.438499450684,270.368500351906,5.412,304.255
P737470,50-32-8,1174,Benzo[a]pyrene,19737,5,F05,16.7752,0,0,29.1765001565218,45.6454992704093,30.8420000113547,177.863002747297,100.686000153422,135.620499551296,35.221,138.057
P737470,50-32-8,1174,Benzo[a]pyrene,19737,10,G05,15.191,0,0,6.69650000333787,14.4225001260638,0.854999989271164,39.0925000160933,112.822000190616,59.391999874264,7.325,70.436
P737470,50-32-8,1174,Benzo[a]pyrene,19737,10,H05,51.0851,0,0,12.3899999856949,47.7235006317496,27.7204995378852,413.499001383781,374.436499536037,379.453500270843,29.278,389.13
P737470,50-32-8,1174,Benzo[a]pyrene,19737,0,A06,8.0946,0,0,0,5.86249986290931,6.84399992227554,18.435999751091,164.778999969363,161.253500163555,4.235,114.823
P737470,50-32-8,1174,Benzo[a]pyrene,19737,0,B06,21.0503,0,0,27.8379999101162,24.9359999299049,24.5740002989768,11.5150000229478,26.765000294894,265.432999372482,25.783,101.238
P737470,50-32-8,1174,Benzo[a]pyrene,19737,1,C06,13.9757,0,0,246.558501666412,183.941998526454,91.6824990510941,288.680001117289,393.494997739792,295.287000179291,174.061,325.821
P737470,50-32-8,1174,Benzo[a]pyrene,19737,1,D06,22.6562,0,0,1.98300004005432,4.17099992930889,40.8524999916553,74.6170004606247,136.802501197904,151.080999523401,15.669,120.834
P737470,50-32-8,1174,Benzo[a]pyrene,19737,5,E06,26.5408,0,0,1.93549998104572,2.13550001382828,0,76.3170011341572,116.124001387507,75.6149994432925,1.357,89.352
P737470,50-32-8,1174,Benzo[a]pyrene,19737,5,F06,13.1727,0,3,NA,NA,NA,NA,NA,NA,NA,NA
P737470,50-32-8,1174,Benzo[a]pyrene,19737,10,G06,16.9488,0,0,0,5.76900011301041,0,123.66500005126,1.88999998569489,141.859999835491,1.923,89.138
P737470,50-32-8,1174,Benzo[a]pyrene,19737,10,H06,20.4427,0,0,1.95800000429154,13.1380002498627,6.87149991095066,8.47999991476535,98.6784980818627,317.040998518467,7.323,141.4
P737470,50-32-8,1174,Benzo[a]pyrene,19737,0,A07,6.3585,0,0,0.523000001907349,0,0,339.041002750397,8.88699999451636,107.285499181598,0.174,151.738
P737470,50-32-8,1174,Benzo[a]pyrene,19737,0,B07,14.8872,0,0,59.2704997360707,65.6899989694357,58.0379998087883,44.4069999009371,99.0810009166598,88.8704997003077,60.999,77.453
P737470,50-32-8,1174,Benzo[a]pyrene,19737,1,C07,14.4748,0,0,3.18399998545647,10.739000082016,7.32050010561943,6.46500011533499,6.52000003308057,6.97999980300665,7.081,6.655
P737470,50-32-8,1174,Benzo[a]pyrene,19737,1,D07,16.2543,0,0,4.72900006175042,4.00499987602234,0,464.044500442222,282.3090005517,215.314000606537,2.911,320.556
P737470,50-32-8,1174,Benzo[a]pyrene,19737,5,E07,15.842,0,0,18.9939996600151,31.6729995906353,17.9619999751449,440.440999150276,267.516498545185,436.555000722408,22.876,381.504
P737470,50-32-8,1174,Benzo[a]pyrene,19737,5,F07,8.7891,0,0,0,0,1.08449995517731,21.8830002062023,59.0755001306534,15.7220001886599,0.361,32.227
P737470,50-32-8,1174,Benzo[a]pyrene,19737,10,G07,15.7986,0,0,1.58499994874,0,0.336000006645918,5.16500008106232,13.5225004553795,9.11100001819431,0.64,9.266
P737470,50-32-8,1174,Benzo[a]pyrene,19737,10,H07,21.8316,0,0,58.1069998443127,14.7099997401237,26.3050000034272,3.48199999332428,47.5309996547876,20.698500122875,33.041,23.904
P737470,50-32-8,1174,Benzo[a]pyrene,19737,0,A08,9.3967,0,0,2.39200001955032,0.475999996066093,13.0299999713898,11.7865000963211,0.890999976545576,177.899502754211,5.299,63.526
P737470,50-32-8,1174,Benzo[a]pyrene,19737,0,B08,12.1528,0,0,1.81100000441074,1.08249998092651,14.722500026226,154.673999469727,163.387000963092,85.1790000712499,5.872,134.413
P737470,50-32-8,1174,Benzo[a]pyrene,19737,1,C08,15.5816,0,0,2.18599998950958,1.00899997353554,6.37349990010262,32.5849995836616,166.198500424623,317.302499670536,3.189,172.029
P737470,50-32-8,1174,Benzo[a]pyrene,19737,1,D08,13.368,0,0,21.7379997596145,28.2560001164675,10.7724999189377,66.7380012720823,303.047000288963,91.8199994564057,20.255,153.868
P737470,50-32-8,1174,Benzo[a]pyrene,19737,5,E08,45.3559,0,0,6.1924999654293,6.23350000381471,7.63050010055303,1.11500000953674,1.93299996852875,66.470500215888,6.686,23.173
P737470,50-32-8,1174,Benzo[a]pyrene,19737,5,F08,18.6632,0,0,9.26599985361099,18.8500004857779,5.98800003528595,25.1350003033877,9.29900002479552,17.4299998693168,11.368,17.288
P737470,50-32-8,1174,Benzo[a]pyrene,19737,10,G08,22.4609,0,0,1.38150003552437,0.495999991893768,2.3469999730587,119.209000200033,62.8865001499652,86.0479995980859,1.408,89.381
P737470,50-32-8,1174,Benzo[a]pyrene,19737,10,H08,23.546,0,0,1.29899996519089,11.3755000829697,42.0119995847344,19.6975000165403,55.8734997510911,113.762500531971,18.229,63.111
P737470,50-32-8,1174,Benzo[a]pyrene,19737,0,A09,6.4019,0,0,0.972999989986419,9.94049986451864,10.9874999821186,4.62099981307983,34.8209998011589,46.2040007561445,7.3,28.549
P737470,50-32-8,1174,Benzo[a]pyrene,19737,0,B09,16.6016,0,0,24.5210000351071,58.4050002731383,11.8675000071526,150.025999799371,169.117499999702,127.884000323713,31.598,149.009
P737470,50-32-8,1174,Benzo[a]pyrene,19737,1,C09,NA,1,1,NA,NA,NA,NA,NA,NA,NA,NA
P737470,50-32-8,1174,Benzo[a]pyrene,19737,1,D09,15.1259,0,0,0,0,0.412999987602234,4.01800007373095,4.23099997639656,3.86799997091293,0.138,4.039
P737470,50-32-8,1174,Benzo[a]pyrene,19737,5,E09,27.1267,0,0,0,0,4.32350009679794,118.297501314432,382.018496632576,390.739501774311,1.441,297.018
P737470,50-32-8,1174,Benzo[a]pyrene,19737,5,F09,11.3932,0,0,0,32.9894998073578,4.01949995756149,225.488000959158,243.890999794006,267.628999829292,12.336,245.669
P737470,50-32-8,1174,Benzo[a]pyrene,19737,10,G09,17.296,0,0,23.6859999150038,28.840500049293,13.2325001060963,6.04000002145767,33.5825001373887,175.749497011304,21.92,71.791
P737470,50-32-8,1174,Benzo[a]pyrene,19737,10,H09,17.3828,0,0,0,15.0660001039505,19.0174998641014,1.40099999308586,251.196999549866,172.749500274658,11.361,141.782
P737470,50-32-8,1174,Benzo[a]pyrene,19737,0,A10,5.1432,0,0,25.3530000597239,24.6540004611015,14.3144999742508,15.8694999292493,20.268499892205,11.4420000910759,21.441,15.86
P737470,50-32-8,1174,Benzo[a]pyrene,19737,0,B10,7.4436,0,0,0,5.1259999498725,12.1884997207671,136.8144999668,215.131500601768,360.804999947547,5.771,237.584
P737470,50-32-8,1174,Benzo[a]pyrene,19737,1,C10,8.2465,0,0,0,2.87600004673004,6.84549996256828,223.981501165777,133.211999017745,173.296000223607,3.241,176.83
P737470,50-32-8,1174,Benzo[a]pyrene,19737,1,D10,8.5937,0,0,5.48349991440773,12.7570001780987,14.1185000985861,465.952002167702,364.360001802444,253.539999077097,10.786,361.284
P737470,50-32-8,1174,Benzo[a]pyrene,19737,5,E10,11.9141,0,0,13.5105002075434,22.5779995396733,8.9320001155138,619.108000695705,458.049001216889,340.380002759397,15.007,472.512
P737470,50-32-8,1174,Benzo[a]pyrene,19737,5,F10,18.5547,0,0,21.2170001417398,11.2980000972748,8.23749977350236,342.341999769211,227.094499778003,292.006500005722,13.584,287.148
P737470,50-32-8,1174,Benzo[a]pyrene,19737,10,G10,39.9089,0,0,0,0,0,164.499999357387,127.433500520885,163.001000154763,0,151.645
P737470,50-32-8,1174,Benzo[a]pyrene,19737,10,H10,39.1927,0,0,8.76450007222593,6.58300012350082,8.60199993848799,8.61649999022485,14.0229999087751,4.66299992799759,7.983,9.101
P737470,50-32-8,1174,Benzo[a]pyrene,19737,0,A11,8.2248,0,0,2.15499997138977,1.65299999713898,4.54150006175041,220.934499969706,236.168000262231,265.17750068754,2.783,240.76
P737470,50-32-8,1174,Benzo[a]pyrene,19737,0,B11,7.7257,0,0,0.868999995291233,13.707000285387,18.7854998148978,82.9629986584187,163.312498487532,57.0020002722741,11.121,101.092
P737470,50-32-8,1174,Benzo[a]pyrene,19737,1,C11,8.4635,0,0,11.5939999818802,0,3.06900000572205,219.419998347759,125.337001122534,237.291498929262,4.888,194.016
P737470,50-32-8,1174,Benzo[a]pyrene,19737,1,D11,14.8003,0,0,3.24000000953675,8.21849995478988,3.58100008964539,6.692999958992,4.32999977469445,4.97300001978874,5.013,5.332
P737470,50-32-8,1174,Benzo[a]pyrene,19737,5,E11,16.6016,0,0,4.80999998748304,22.532500397414,32.4640002893284,11.6610000059009,340.15650293231,298.19749892503,19.936,216.672
P737470,50-32-8,1174,Benzo[a]pyrene,19737,5,F11,13.6285,0,0,18.0880001485348,1.46099998056889,13.7530001699925,21.203999850899,498.169998526573,299.253000073135,11.101,272.876
P737470,50-32-8,1174,Benzo[a]pyrene,19737,10,G11,31.2934,0,0,1.63349997997284,5.10650008916855,2.55799999833107,200.567499510944,240.229500293732,235.115500658751,3.099,225.304
P737470,50-32-8,1174,Benzo[a]pyrene,19737,10,H11,14.9523,0,0,15.3994999043643,18.5960001833737,32.666499555111,38.739999845624,20.9090002775192,213.327500134707,22.221,90.992
P737470,50-32-8,1174,Benzo[a]pyrene,19737,0,A12,5.1215,0,0,8.57099995017052,3.05200004577637,6.28900009393692,5.34500002861024,20.5370004102588,67.4489998668432,5.971,31.11
P737470,50-32-8,1174,Benzo[a]pyrene,19737,0,B12,4.5573,0,0,27.0690003484488,9.49649995565415,9.28050020337105,470.529497683048,394.890498638153,370.200501441956,15.282,411.873
P737470,50-32-8,1174,Benzo[a]pyrene,19737,1,C12,5.7075,0,0,2.1370000243187,10.5429998934269,13.4970003217459,317.92849804461,220.154998749495,254.949500091374,8.726,264.344
P737470,50-32-8,1174,Benzo[a]pyrene,19737,1,D12,11.9358,0,0,1.34300000220537,2.13400000333786,4.09499993920326,230.642499923706,169.53500109911,235.455500602722,2.524,211.878
P737470,50-32-8,1174,Benzo[a]pyrene,19737,5,E12,14.8438,0,0,63.5245011150837,0.504000008106232,95.6179996728897,32.5400000810623,2.00999999046325,278.705499887466,53.216,104.418
P737470,50-32-8,1174,Benzo[a]pyrene,19737,5,F12,7.9861,0,0,2.05799996852875,10.1675001364201,0.342500001192093,364.582002282142,305.873497724533,376.858502354473,4.189,349.105
P737470,50-32-8,1174,Benzo[a]pyrene,19737,10,G12,11.2847,0,0,0,10.0645001977682,4.30900007486343,39.2359994649887,185.505000509322,143.809000983834,4.791,122.85
P737470,50-32-8,1174,Benzo[a]pyrene,19737,10,H12,33.0729,0,0,6.1100001335144,0.984000027179718,2.68049991130829,18.9210003167391,8.0550002604723,1.55900001525879,3.258,9.512
P737470,50-32-8,1174,Benzo[a]pyrene,19738,0,A01,3.5807,0,0,1.64300000667572,4.14900002628565,29.5945002827793,21.0060000866651,9.24600004404782,2.62300008535385,11.796,10.958
P737470,50-32-8,1174,Benzo[a]pyrene,19738,0,B01,5.0998,0,0,8.09650018811226,57.0400002002715,0.636500000953675,470.521999835968,312.889501050115,36.8869997859001,21.924,273.433
P737470,50-32-8,1174,Benzo[a]pyrene,19738,1,C01,3.5807,0,0,8.33400014042855,11.4394999146462,0.202500000596047,465.165499925614,126.905999340117,271.900500625372,6.659,287.991
P737470,50-32-8,1174,Benzo[a]pyrene,19738,1,D01,9.6137,0,0,0,6.40550004504621,19.3715000599623,3.01099991798401,43.3015000950545,145.765999600291,8.592,64.026
P737470,50-32-8,1174,Benzo[a]pyrene,19738,5,E01,7.7474,0,0,101.38999982737,38.4974993690848,9.75450000539422,363.283000588417,124.589498318732,245.359999492764,49.881,244.411
P737470,50-32-8,1174,Benzo[a]pyrene,19738,5,F01,13.6285,0,0,0,3.28700006008148,0,110.736499508843,201.699501991272,117.344000255689,1.096,143.26
P737470,50-32-8,1174,Benzo[a]pyrene,19738,10,G01,8.355,0,0,3.72500002384186,2.84800001978874,5.17699992656707,2.11700002849102,12.5819998681545,350.096498936414,3.917,121.598
P737470,50-32-8,1174,Benzo[a]pyrene,19738,10,H01,6.5755,0,0,0,17.3869999796152,35.9714994728565,175.086001314222,224.963000833988,0,17.786,133.35
P737470,50-32-8,1174,Benzo[a]pyrene,19738,0,A02,4.362,0,0,8.22999997436999,11.1809997931122,0,187.383999817073,24.4620001073927,26.8539997711778,6.47,79.567
P737470,50-32-8,1174,Benzo[a]pyrene,19738,0,B02,5.5773,0,0,24.2035001963377,125.142501652241,51.9729999899864,187.886998713017,323.352500617504,400.752998828888,67.106,303.997
P737470,50-32-8,1174,Benzo[a]pyrene,19738,1,C02,7.1398,0,0,0,1.88299995660782,0.696999996900558,1.70100000500679,119.441000521183,271.498497843743,0.86,130.88
P737470,50-32-8,1174,Benzo[a]pyrene,19738,1,D02,3.1684,0,0,1.84200000762939,0,0,12.7589999698102,16.268000215292,4.5435000397265,0.614,11.19
P737470,50-32-8,1174,Benzo[a]pyrene,19738,5,E02,6.4236,0,0,4.26700006425381,5.35499992966653,23.2704999297857,1.61000001430511,141.588499605656,218.943500958383,10.964,120.714
P737470,50-32-8,1174,Benzo[a]pyrene,19738,5,F02,13.3246,0,0,23.6144996657968,0.389999985694885,0.395999997854233,121.01750074327,12.4989999327809,16.7659998685122,8.133,50.094
P737470,50-32-8,1174,Benzo[a]pyrene,19738,10,G02,11.0026,0,0,14.4459997750819,37.8299996256828,18.4119998961687,86.1605000197886,103.319499112666,126.26149982214,23.563,105.247
P737470,50-32-8,1174,Benzo[a]pyrene,19738,10,H02,26.671,0,0,11.5184999704361,4.50150004029274,7.51200000196695,413.059499740601,285.880500555038,166.330500900745,7.844,288.424
P737470,50-32-8,1174,Benzo[a]pyrene,19738,0,A03,1.237,0,0,0.629000008106232,0,22.6665000617504,119.352500513196,56.7100004553795,284.382499456406,7.765,153.482
P737470,50-32-8,1174,Benzo[a]pyrene,19738,0,B03,3.125,0,0,29.1495004296302,0.375,0,132.409999947995,67.0689994692802,107.809999853373,9.842,102.43
P737470,50-32-8,1174,Benzo[a]pyrene,19738,1,C03,7.5304,0,0,2.24099999666214,21.4320003017783,26.5649999529123,438.580998182297,421.286000072956,419.51799723506,16.746,426.462
P737470,50-32-8,1174,Benzo[a]pyrene,19738,1,D03,6.9444,0,0,3.81199997663498,14.0669999271631,4.57099997997285,152.780999317765,86.5664995983243,43.1759998872877,7.483,94.174
P737470,50-32-8,1174,Benzo[a]pyrene,19738,5,E03,12.1962,0,0,49.2940000835805,39.9309998303652,18.0109999775886,276.636999189854,299.090999186039,247.336499914527,35.745,274.355
P737470,50-32-8,1174,Benzo[a]pyrene,19738,5,F03,15.8637,0,0,3.38699989020824,3.33500000834465,3.01399999856949,202.288000285625,239.013498693705,210.011000096798,3.245,217.104
P737470,50-32-8,1174,Benzo[a]pyrene,19738,10,G03,8.8325,0,0,3.13450008630753,5.73200011253357,4.91850005090237,250.557500660419,189.936498641968,216.115500062704,4.595,218.87
P737470,50-32-8,1174,Benzo[a]pyrene,19738,10,H03,16.1892,0,0,0,18.3939999043942,16.7380001172424,2.00499996729195,0,12.5000000912696,11.711,4.835
P737470,50-32-8,1174,Benzo[a]pyrene,19738,0,A04,4.0365,0,0,5.11699986457825,0,8.83999997377396,7.71999979019165,203.645498916507,229.864999711514,4.652,147.077
P737470,50-32-8,1174,Benzo[a]pyrene,19738,0,B04,2.8646,0,0,0,0.388000011444092,1.22249995172024,139.605500485748,94.7605004608631,116.267000934109,0.537,116.878
P737470,50-32-8,1174,Benzo[a]pyrene,19738,1,C04,4.0365,0,0,0.927499987185001,6.89999997615815,1.12700000405311,465.50100004673,380.237997651101,414.48199578002,2.985,420.074
P737470,50-32-8,1174,Benzo[a]pyrene,19738,1,D04,21.3542,0,0,14.2359999418259,0.423500001430511,44.9185001030565,0,15.4149998351932,2.44100002944469,19.859,5.952
P737470,50-32-8,1174,Benzo[a]pyrene,19738,5,E04,9.7656,0,0,0,0,0,0,2.43900004029274,0,0,0.813
P737470,50-32-8,1174,Benzo[a]pyrene,19738,5,F04,9.8741,0,0,0,5.89750003814697,0.903500020504,430.169497996569,376.520500987768,443.20049983263,2.267,416.63
P737470,50-32-8,1174,Benzo[a]pyrene,19738,10,G04,12.9557,0,0,0,8.46350014209748,4.23449999094009,142.377999164164,150.407499145717,133.53100040555,4.233,142.105
P737470,50-32-8,1174,Benzo[a]pyrene,19738,10,H04,9.2448,0,0,9.75499988347292,2.27350002527237,3.14700007438659,141.173000186682,254.464998610318,331.319997906684,5.058,242.319
P737470,50-32-8,1174,Benzo[a]pyrene,19738,0,A05,6.2066,0,0,21.6785002052784,40.6364993397147,31.9249998629093,327.314499855041,206.035500873579,204.66949903965,31.413,246.006
P737470,50-32-8,1174,Benzo[a]pyrene,19738,0,B05,3.1901,0,0,14.3549999892712,19.7254999279976,4.96449994295835,14.4240000322461,0,27.1049998104572,13.015,13.843
P737470,50-32-8,1174,Benzo[a]pyrene,19738,1,C05,7.7691,0,0,0,0.533500015735625,9.4104999601841,47.7209994345902,322.719500064849,205.465999126434,3.315,191.969
P737470,50-32-8,1174,Benzo[a]pyrene,19738,1,D05,8.1597,0,0,0,2.17400002479553,3.93099999427795,136.665999501944,328.590500801802,272.278001707047,2.035,245.845
P737470,50-32-8,1174,Benzo[a]pyrene,19738,5,E05,9.6137,0,0,121.671500533819,15.3189996164292,16.4080001115799,543.805999279022,543.281500101089,445.15150141716,51.133,510.746
P737470,50-32-8,1174,Benzo[a]pyrene,19738,5,F05,11.6319,0,0,11.9880000501871,60.486498594284,10.4974999129772,375.885497651994,284.171499371529,121.214499924332,27.657,260.424
P737470,50-32-8,1174,Benzo[a]pyrene,19738,10,G05,6.2066,0,0,27.4039999991655,7.45650008320809,4.80099999904632,348.389500200748,335.237498879433,314.342001080513,13.221,332.656
P737470,50-32-8,1174,Benzo[a]pyrene,19738,10,H05,16.2761,0,0,23.4525000080466,0.298500001430511,5.28049999475479,154.467500306666,193.336001694202,208.674498617649,9.677,185.493
P737470,50-32-8,1174,Benzo[a]pyrene,19738,0,A06,4.1884,0,0,12.7065000832081,6.80900001525879,3.72650003433228,354.070000290871,254.163000438363,415.112500309944,7.747,341.115
P737470,50-32-8,1174,Benzo[a]pyrene,19738,0,B06,17.4696,0,0,40.862500153482,15.0774999856949,0,97.8094995841384,6.16400013118982,60.7869997359812,18.647,54.92
P737470,50-32-8,1174,Benzo[a]pyrene,19738,1,C06,13.4332,0,0,17.1659998893738,7.72750005871057,4.51749989390374,370.581502079964,281.325000971556,304.144498497248,9.804,318.684
P737470,50-32-8,1174,Benzo[a]pyrene,19738,1,D06,12.3915,0,0,0,8.23249995708465,2.64800003170967,149.68900000304,32.1810002326966,264.504000395536,3.627,148.791
P737470,50-32-8,1174,Benzo[a]pyrene,19738,5,E06,9.8307,0,0,0.508000016212463,1.52300003170967,5.01549994945525,1.66299998760223,1.432000041008,8.04900003969669,2.349,3.715
P737470,50-32-8,1174,Benzo[a]pyrene,19738,5,F06,11.8923,0,0,144.909999638796,9.80050003528595,0.257499992847443,303.813499987125,247.814000710845,235.188999056816,51.656,262.272
P737470,50-32-8,1174,Benzo[a]pyrene,19738,10,G06,14.0191,0,0,0,0,4.425999969244,0,5.68899999558926,2.67000006139279,1.475,2.786
P737470,50-32-8,1174,Benzo[a]pyrene,19738,10,H06,17.1658,0,0,34.8124999701977,41.2329997718335,38.7389999106526,37.7745000496507,86.5974997878075,472.652500867844,38.261,199.008
P737470,50-32-8,1174,Benzo[a]pyrene,19738,0,A07,8.0295,0,0,24.3700003623962,8.29599997401237,2.47100007534027,362.548995256424,352.417998969554,71.4899995476009,11.712,262.152
P737470,50-32-8,1174,Benzo[a]pyrene,19738,0,B07,4.8611,0,0,0,1.56999999284744,0,79.715000897646,86.9900007396938,348.588001452386,0.523,171.764
P737470,50-32-8,1174,Benzo[a]pyrene,19738,1,C07,4.0799,0,0,0,0.823000013828278,0.940999984741211,0,0.433999985456467,0,0.588,0.145
P737470,50-32-8,1174,Benzo[a]pyrene,19738,1,D07,4.1233,0,0,4.36699992418289,11.4820000082254,4.98599988222123,520.723999261856,469.975496888161,400.919999659061,6.945,463.873
P737470,50-32-8,1174,Benzo[a]pyrene,19738,5,E07,8.6372,0,0,2.87300005555153,18.7239999473095,7.58599990606308,40.8420001454651,68.2550001442432,19.1340000629425,9.728,42.744
P737470,50-32-8,1174,Benzo[a]pyrene,19738,5,F07,7.0747,0,0,1.32000002264977,14.8064995072782,0.53049999475479,96.2514990568162,189.752499036491,149.959000602365,5.552,145.321
P737470,50-32-8,1174,Benzo[a]pyrene,19738,10,G07,7.2917,0,0,6.91449999809265,6.94699990749359,3.21000003814697,493.8549990654,254.671998739243,206.361000295729,5.69,318.296
P737470,50-32-8,1174,Benzo[a]pyrene,19738,10,H07,44.2057,0,0,2.23699998855591,7.62099998444318,2.38900005817413,349.583499535918,51.3830007016659,46.1069999709725,4.082,149.025
P737470,50-32-8,1174,Benzo[a]pyrene,19738,0,A08,5.7726,0,0,0.33899998664856,0.403499990701676,0.895500004291535,202.398999810219,177.715001046658,149.724000079557,0.546,176.613
P737470,50-32-8,1174,Benzo[a]pyrene,19738,0,B08,3.1901,0,0,1.36050003767013,24.3579993247986,4.06750005483627,228.122500672936,198.854500055313,212.502000160515,9.929,213.16
P737470,50-32-8,1174,Benzo[a]pyrene,19738,1,C08,9.4184,0,0,13.2844999432564,2.29300001263619,0.537999987602235,22.0259999185801,69.238498814404,82.1330008208753,5.372,57.799
P737470,50-32-8,1174,Benzo[a]pyrene,19738,1,D08,7.1181,0,0,4.15949998795986,0.393999993801117,3.08300007507204,44.6820006296039,62.390499163419,90.1689995527267,2.546,65.747
P737470,50-32-8,1174,Benzo[a]pyrene,19738,5,E08,13.4549,0,0,185.756500035524,200.436502248049,195.78049762547,178.782500468195,233.731999188662,221.978998690844,193.991,211.498
P737470,50-32-8,1174,Benzo[a]pyrene,19738,5,F08,10.4167,0,0,1.96200001239777,7.93999975919724,1.54800000786781,10.9510000348091,2.70300006866455,17.229000069201,3.817,10.294
P737470,50-32-8,1174,Benzo[a]pyrene,19738,10,G08,4.9262,0,0,0,0,0.788500010967255,0.421000003814697,2.12400007247925,0,0.263,0.848
P737470,50-32-8,1174,Benzo[a]pyrene,19738,10,H08,13.9323,0,0,40.944999948144,47.6150000169874,14.612999856472,470.787997961045,434.873002767563,405.519500017166,34.391,437.06
P737470,50-32-8,1174,Benzo[a]pyrene,19738,0,A09,6.4887,0,0,84.4559994041921,3.89699995517731,0.618499994277955,304.627000391483,128.089500462636,207.718498976901,29.657,213.478
P737470,50-32-8,1174,Benzo[a]pyrene,19738,0,B09,3.5807,0,0,13.7045001834631,4.00199997425079,7.56949979066849,5.16800004243851,364.432002902031,180.501501113176,8.425,183.367
P737470,50-32-8,1174,Benzo[a]pyrene,19738,1,C09,NA,1,1,NA,NA,NA,NA,NA,NA,NA,NA
P737470,50-32-8,1174,Benzo[a]pyrene,19738,1,D09,8.0729,0,0,0.404000014066696,4.05800001323223,2.37350007891655,35.8514994978905,148.808499932289,157.998500078917,2.279,114.219
P737470,50-32-8,1174,Benzo[a]pyrene,19738,5,E09,6.4019,0,0,29.6639997586608,6.90750007331371,8.82249999046326,518.702001690864,455.000000119209,479.679498434067,15.131,484.461
P737470,50-32-8,1174,Benzo[a]pyrene,19738,5,F09,3.2335,0,0,22.660499624908,51.2684999927878,18.1409998834133,251.654501736164,326.803999304771,265.771998643875,30.69,281.41
P737470,50-32-8,1174,Benzo[a]pyrene,19738,10,G09,9.9826,0,0,8.42399987578392,27.7495000511408,21.6100001260638,302.10150167346,394.18649828434,342.801002860069,19.261,346.363
P737470,50-32-8,1174,Benzo[a]pyrene,19738,10,H09,4.4271,0,0,2.60400003194809,0.268999993801117,0,0,0,7.48299992084502,0.958,2.494
P737470,50-32-8,1174,Benzo[a]pyrene,19738,0,A10,4.0799,0,0,0,9.31450009346008,4.58199995756149,267.467498093843,348.0159984231,209.092499792576,4.632,274.859
P737470,50-32-8,1174,Benzo[a]pyrene,19738,0,B10,7.8342,0,0,0,0.229000002145767,0.622500002384185,19.7249999642372,15.4629998728633,250.585000932217,0.284,95.258
P737470,50-32-8,1174,Benzo[a]pyrene,19738,1,C10,8.6372,0,0,12.389000043273,3.5869999229908,4.66949993371964,66.5099993795157,59.1624995470048,286.592999279499,6.882,137.422
P737470,50-32-8,1174,Benzo[a]pyrene,19738,1,D10,9.6137,0,0,12.688000023365,46.6375003680586,0.527000023052096,9.63749991729857,266.957000680268,281.195998160169,19.951,185.93
P737470,50-32-8,1174,Benzo[a]pyrene,19738,5,E10,7.6172,0,0,20.6450004056096,74.2339994460343,4.8005000948906,231.837500095367,32.7299994379282,252.057000637054,33.226,172.208
P737470,50-32-8,1174,Benzo[a]pyrene,19738,5,F10,15.3863,0,0,4.31499996781349,0,15.5235000625253,8.89999997615814,21.4074997603893,84.0860005617142,6.613,38.131
P737470,50-32-8,1174,Benzo[a]pyrene,19738,10,G10,12.8689,0,0,1.2355000153184,0.46900001168251,20.1665004491806,254.263999700546,230.320500284433,172.23849991709,7.29,218.941
P737470,50-32-8,1174,Benzo[a]pyrene,19738,10,H10,10.3082,0,0,0,0.086999997496605,2.2780000269413,5.69100007414818,23.0455000884831,13.9210000783205,0.788,14.219
P737470,50-32-8,1174,Benzo[a]pyrene,19738,0,A11,4.3837,0,0,12.8035000264645,14.0189998149872,16.9580000042915,316.553496047854,287.826499342918,269.782000422478,14.593,291.387
P737470,50-32-8,1174,Benzo[a]pyrene,19738,0,B11,4.362,0,0,0,0.599500000476835,4.73700004816055,56.69249984622,434.072002887726,298.498999238014,1.779,263.088
P737470,50-32-8,1174,Benzo[a]pyrene,19738,1,C11,7.8125,0,0,13.8380001485348,4.1845000013709,33.9449993968011,17.2490000650287,24.1210003122687,22.779999922961,17.322,21.383
P737470,50-32-8,1174,Benzo[a]pyrene,19738,1,D11,13.7153,0,0,0,3.70599991083145,0.473000004887581,0,7.9774999320507,44.4939999580383,1.393,17.49
P737470,50-32-8,1174,Benzo[a]pyrene,19738,5,E11,6.033,0,0,0,0,0.856000006198885,22.7979997992516,19.2389997839928,4.87099988013506,0.285,15.636
P737470,50-32-8,1174,Benzo[a]pyrene,19738,5,F11,5.9245,0,0,28.3750002086162,1.20949998497963,1.08150000474416,94.5079996213317,88.0314995087682,88.3340003043413,10.222,90.291
P737470,50-32-8,1174,Benzo[a]pyrene,19738,10,G11,6.901,0,0,33.4479995965958,19.0629996657372,13.2909999489784,32.6510000415146,552.95799779892,449.239000201225,21.934,344.949
P737470,50-32-8,1174,Benzo[a]pyrene,19738,10,H11,5.6858,0,0,11.3654999360442,20.3464996293187,17.1995000690222,238.190500268713,308.043000936508,250.073498249054,16.304,265.436
P737470,50-32-8,1174,Benzo[a]pyrene,19738,0,A12,0.7596,0,0,21.6785001903772,4.11000001430511,1.40400004386902,2.4779999256134,8.87500023841858,0,9.064,3.784
P737470,50-32-8,1174,Benzo[a]pyrene,19738,0,B12,7.5521,0,0,7.45150005817413,27.3155000656843,29.1599999666214,21.5840002000332,35.3605000823736,74.3195003196597,21.309,43.755
P737470,50-32-8,1174,Benzo[a]pyrene,19738,1,C12,7.704,0,0,0.905499994754792,3.63099998235703,13.7679998576641,93.6410002671182,80.6359999328852,100.16149956733,6.101,91.479
P737470,50-32-8,1174,Benzo[a]pyrene,19738,1,D12,4.5356,0,0,20.4129997491837,1.39200001955032,0.208000004291535,0.933000028133391,0.352999985218048,0,7.338,0.429
P737470,50-32-8,1174,Benzo[a]pyrene,19738,5,E12,7.9644,0,0,0,0,0,0,19.1450002379715,24.1400003135205,0,14.428
P737470,50-32-8,1174,Benzo[a]pyrene,19738,5,F12,4.0582,0,0,27.5524998866022,25.6445000767708,14.1620001643896,7.6469999998808,20.4460003003478,131.701000750065,22.453,53.265
P737470,50-32-8,1174,Benzo[a]pyrene,19738,10,G12,2.4523,0,0,0.837000012397766,6.34199997782707,23.0190000906587,101.142500005662,111.516000667587,145.39300109446,10.066,119.351
P737470,50-32-8,1174,Benzo[a]pyrene,19738,10,H12,11.6536,0,0,0,4.67749997973442,0,18.8160001933575,92.221500121057,14.7920000478625,1.559,41.943
P737470,50-32-8,1174,Benzo[a]pyrene,19902,0,A01,44.8785,0,0,0.902500003576279,19.0034999102354,9.6690000295639,280.057998985052,224.930499762296,169.270501328632,9.858,224.753
P737470,50-32-8,1174,Benzo[a]pyrene,19902,0,B01,2.6259,0,0,0.930999979376793,1.20800003409386,1.85449999570846,351.635502040386,300.329999685287,210.026499226689,1.331,287.331
P737470,50-32-8,1174,Benzo[a]pyrene,19902,1,C01,7.5521,0,0,2.10349994897842,0,1.24899995326996,333.13449960947,211.101999908686,205.30649940297,1.117,249.848
P737470,50-32-8,1174,Benzo[a]pyrene,19902,1,D01,0,0,17,NA,NA,NA,NA,NA,NA,NA,NA
P737470,50-32-8,1174,Benzo[a]pyrene,19902,5,E01,7.4436,0,0,0.267500013113022,4.62149986624718,2.8600000794977,16.6489999592304,7.36949998885393,64.0764992237092,2.583,29.365
P737470,50-32-8,1174,Benzo[a]pyrene,19902,5,F01,10.829,0,0,5.84300003945827,4.03349995613098,13.4099999591708,15.3674998283386,0,226.262999549508,7.762,80.543
P737470,50-32-8,1174,Benzo[a]pyrene,19902,10,G01,9.6788,0,0,7.46500006318092,50.869000300765,40.2689997926355,243.364501744509,245.509999103844,272.075499951839,32.868,253.65
P737470,50-32-8,1174,Benzo[a]pyrene,19902,10,H01,11.3282,0,0,4.74700000882148,2.36699998378754,5.32450005412102,186.067999728024,167.02100020647,202.414999753237,4.146,185.168
P737470,50-32-8,1174,Benzo[a]pyrene,19902,0,A02,NA,1,1,NA,NA,NA,NA,NA,NA,NA,NA
P737470,50-32-8,1174,Benzo[a]pyrene,19902,0,B02,3.6458,0,0,2.47899997234345,19.7665002346039,7.18500003218651,337.069500267506,273.083499610424,310.740999877453,9.81,306.965
P737470,50-32-8,1174,Benzo[a]pyrene,19902,1,C02,3.4288,0,0,2.1689999550581,19.8274999260902,14.9394997954369,71.1464995741844,189.846999846399,162.326999221928,12.312,141.107
P737470,50-32-8,1174,Benzo[a]pyrene,19902,1,D02,6.6623,0,0,0,0.61049997806549,0,113.314500808716,99.7525005247444,206.100999265909,0.203,139.723
P737470,50-32-8,1174,Benzo[a]pyrene,19902,5,E02,14.2578,0,0,0,17.2400000393391,1.41449999809265,130.793999686837,62.9765004776418,189.360998764634,6.218,127.71
P737470,50-32-8,1174,Benzo[a]pyrene,19902,5,F02,17.2309,0,0,0,3.63100004941225,16.7855000197888,2.20000001788139,146.196000516415,185.224498838186,6.806,111.207
P737470,50-32-8,1174,Benzo[a]pyrene,19902,10,G02,4.9913,0,0,2.80949997901917,1.85500001907349,5.83000006899238,4.98450005054474,0,305.499001890421,3.498,103.495
P737470,50-32-8,1174,Benzo[a]pyrene,19902,10,H02,35.5469,0,0,0.65200001001358,0.599499985575676,9.10599979758263,184.726498827338,138.023999746889,20.1744997911155,3.452,114.308
P737470,50-32-8,1174,Benzo[a]pyrene,19902,0,A03,2.6259,0,0,35.0835002362728,6.36000007390976,8.91149994730949,341.935501933098,224.60349980183,319.555000007153,16.785,295.365
P737470,50-32-8,1174,Benzo[a]pyrene,19902,0,B03,3.4288,0,0,26.5624999329448,14.0880002379418,9.71999979019166,286.51449970156,273.757999360561,186.738000269979,16.79,249.003
P737470,50-32-8,1174,Benzo[a]pyrene,19902,1,C03,5.6858,0,0,38.5245001018047,15.6014999225736,2.30050002783537,305.292499706149,282.031001410447,357.385500168428,18.809,314.903
P737470,50-32-8,1174,Benzo[a]pyrene,19902,1,D03,24.6311,0,0,0.70899997651577,9.45549981296063,13.5360000729561,438.03600025177,426.568001866341,451.69600212574,7.9,438.767
P737470,50-32-8,1174,Benzo[a]pyrene,19902,5,E03,8.4853,0,0,18.5505003631115,3.37600005418062,18.7859999239445,215.687000773847,255.676001042128,259.212000697851,13.571,243.525
P737470,50-32-8,1174,Benzo[a]pyrene,19902,5,F03,8.0729,0,0,2.16199994087219,1.76350000500679,2.37149995565414,23.0269999317825,1.36000000685453,6.02049997262657,2.099,10.136
P737470,50-32-8,1174,Benzo[a]pyrene,19902,10,G03,7.487,0,0,3.78499995917082,8.02799980342389,0.708500027656555,148.998998556286,344.850501477718,404.159501641989,4.174,299.336
P737470,50-32-8,1174,Benzo[a]pyrene,19902,10,H03,9.8741,0,0,60.3040003478527,35.0889999866486,38.0370000377297,8.84450007230043,23.6555001735688,18.935000102967,44.477,17.145
P737470,50-32-8,1174,Benzo[a]pyrene,19902,0,A04,2.7561,0,0,0.354000002145767,4.57650005817413,2.61399999260902,286.645499213599,197.882500320673,173.124000817538,2.515,219.217
P737470,50-32-8,1174,Benzo[a]pyrene,19902,0,B04,7.0096,0,0,7.22300010919571,25.0069999396801,18.71999964118,317.626498818398,312.586502075195,308.802998900414,16.983,313.005
P737470,50-32-8,1174,Benzo[a]pyrene,19902,1,C04,4.8828,0,0,1.73499999940396,6.34350004792213,14.3524995446205,112.975499764085,177.661499299109,31.6689995452762,7.477,107.435
P737470,50-32-8,1174,Benzo[a]pyrene,19902,1,D04,6.4887,0,0,12.5750000625849,14.5419999584556,13.0574999414384,7.90299993008375,9.92249996215104,99.8119998797774,13.391,39.212
P737470,50-32-8,1174,Benzo[a]pyrene,19902,5,E04,8.7891,0,0,0,0.99599999189377,3.65849995613099,64.8580010086299,102.875999022275,95.6809999942781,1.551,87.805
P737470,50-32-8,1174,Benzo[a]pyrene,19902,5,F04,NA,1,1,NA,NA,NA,NA,NA,NA,NA,NA
P737470,50-32-8,1174,Benzo[a]pyrene,19902,10,G04,7.7474,0,0,4.41400003433227,0.736000001430512,5.00900013744831,138.617000080645,33.4515000544488,231.143498808146,3.386,134.404
P737470,50-32-8,1174,Benzo[a]pyrene,19902,10,H04,20.2908,0,0,1.92299997806549,0,0.899999976158142,23.0160006880761,228.816499523819,385.410497665405,0.941,212.414
P737470,50-32-8,1174,Benzo[a]pyrene,19902,0,A05,2.3655,0,0,7.74850007891656,14.6775000393391,15.130999982357,140.206500090659,146.931999921799,208.269499637187,12.519,165.136
P737470,50-32-8,1174,Benzo[a]pyrene,19902,0,B05,1.2804,0,0,3.79500010609627,5.75699996948242,8.70450007915497,381.435498416424,357.863999322057,251.391499847174,6.086,330.23
P737470,50-32-8,1174,Benzo[a]pyrene,19902,1,C05,7.5304,0,0,2.70450001209974,0.640500009059905,1.45649999380112,37.2655002539977,149.005499735475,42.1004999876022,1.601,76.124
P737470,50-32-8,1174,Benzo[a]pyrene,19902,1,D05,11.5451,0,0,3.03700000047683,14.7669999226928,5.95050014555454,371.394498258829,344.990498065948,297.480000376701,7.918,337.955
P737470,50-32-8,1174,Benzo[a]pyrene,19902,5,E05,5.6858,0,0,0.163499996066094,4.2519999742508,2.36550006270409,329.750501200557,168.608499750495,247.669500220567,2.26,248.676
P737470,50-32-8,1174,Benzo[a]pyrene,19902,5,F05,5.1432,0,0,0.47299998998642,0.606500029563905,10.0410000234842,161.018499940634,110.921499997377,200.238999962807,3.707,157.393
P737470,50-32-8,1174,Benzo[a]pyrene,19902,10,G05,7.3134,0,0,4.94399987161159,4.55250007100403,20.3375000953675,75.2319999188184,212.280000463128,148.660999119282,9.945,145.391
P737470,50-32-8,1174,Benzo[a]pyrene,19902,10,H05,14.4965,0,0,8.09300015866757,18.9290001094341,42.0305004417896,264.835500717163,176.640998959541,164.967499449849,23.018,202.148
P737470,50-32-8,1174,Benzo[a]pyrene,19902,0,A06,12.717,0,0,0.318500012159348,61.0129989385605,8.28050005435943,347.302498936653,306.669499382377,295.039998659864,23.204,316.337
P737470,50-32-8,1174,Benzo[a]pyrene,19902,0,B06,1.1502,0,0,0,0,0.86650002002716,31.1915001654997,137.05850020051,122.98350026831,0.289,97.078
P737470,50-32-8,1174,Benzo[a]pyrene,19902,1,C06,6.7057,0,0,25.637000001967,18.9809999018908,6.44650002568961,389.477503508329,356.301499491557,67.1809999942778,17.021,270.987
P737470,50-32-8,1174,Benzo[a]pyrene,19902,1,D06,3.8628,0,0,1.05000000447035,2.50699999928475,8.32650005817413,9.38300001621245,333.135998368263,92.2970006465913,3.961,144.939
P737470,50-32-8,1174,Benzo[a]pyrene,19902,5,E06,4.4922,0,0,21.9334999397397,13.3285002559424,10.6434997916222,545.374500274659,488.985499918461,483.069497942924,15.302,505.81
P737470,50-32-8,1174,Benzo[a]pyrene,19902,5,F06,11.7187,0,0,1.13350000977516,2.56049992144108,0.45550000667572,138.471501097083,120.26150033623,172.058000221848,1.383,143.597
P737470,50-32-8,1174,Benzo[a]pyrene,19902,10,G06,10.1779,0,0,7.73800005391239,13.2164998352528,2.28549997881055,41.5879995524883,150.99500001967,170.562500834465,7.747,121.049
P737470,50-32-8,1174,Benzo[a]pyrene,19902,10,H06,11.8056,0,0,0.0689999982714655,1.72299998998642,1.32499998807907,142.430000111461,108.806499972939,131.919000148773,1.039,127.719
P737470,50-32-8,1174,Benzo[a]pyrene,19902,0,A07,3.342,0,0,5.39099991321564,5.71249992400408,2.53299993276596,460.308000206947,396.855501368642,368.457501292229,4.545,408.54
P737470,50-32-8,1174,Benzo[a]pyrene,19902,0,B07,10.4818,0,0,3.79200004041196,5.60199987888336,17.1489998027682,3.63699994981289,1.25800001621246,8.42099976539611,8.848,4.439
P737470,50-32-8,1174,Benzo[a]pyrene,19902,1,C07,10.4166,0,0,0.238999992609024,26.6985004544258,48.0194986313581,461.176002264023,517.278000831604,522.089498281479,24.986,500.181
P737470,50-32-8,1174,Benzo[a]pyrene,19902,1,D07,7.2049,0,0,0.607999980449678,2.28599995374679,0.101999998092651,0,0,0,0.999,0
P737470,50-32-8,1174,Benzo[a]pyrene,19902,5,E07,6.4453,0,0,0.444999992847443,0,1.08550001680851,20.9850002229214,79.3300001174213,214.411000311375,0.51,104.909
P737470,50-32-8,1174,Benzo[a]pyrene,19902,5,F07,11.5451,0,0,0.104500003159046,1.33899998664856,23.2499993592501,156.011999726295,138.179999351501,4.85699993371964,8.231,99.683
P737470,50-32-8,1174,Benzo[a]pyrene,19902,10,G07,8.941,0,0,11.9374999664724,16.5465000327677,24.4865000545979,285.032999753952,418.645998358727,388.742499828339,17.657,364.14
P737470,50-32-8,1174,Benzo[a]pyrene,19902,10,H07,18.316,0,0,4.63149993121625,2.05100002139807,0.0869999974966049,147.958999976516,163.138000144623,215.871001005173,2.256,175.656
P737470,50-32-8,1174,Benzo[a]pyrene,19902,0,A08,3.2335,0,0,0,8.75999984145164,0.455000013113022,144.604500122368,182.32949912548,98.4119996353984,3.072,141.782
P737470,50-32-8,1174,Benzo[a]pyrene,19902,0,B08,3.776,0,0,5.56500011682512,0.250999998301268,15.4759999513626,25.9549998026341,69.427000194788,45.3950008451939,7.097,46.926
P737470,50-32-8,1174,Benzo[a]pyrene,19902,1,C08,7.8559,0,0,49.4339999854565,91.3185010030866,189.232500325888,519.04650324583,503.669499278069,503.642501533031,109.995,508.786
P737470,50-32-8,1174,Benzo[a]pyrene,19902,1,D08,7.4436,0,0,2.01999998092652,8.15300005674363,12.5634998083115,464.717500805855,324.567500829697,290.83950138092,7.579,360.042
P737470,50-32-8,1174,Benzo[a]pyrene,19902,5,E08,NA,1,1,NA,NA,NA,NA,NA,NA,NA,NA
P737470,50-32-8,1174,Benzo[a]pyrene,19902,5,F08,7.7474,0,0,0,25.5565001368523,2.39699999243021,388.987001776695,354.139499932528,191.810001403093,9.318,311.646
P737470,50-32-8,1174,Benzo[a]pyrene,19902,10,G08,10.612,0,0,1.20149996876716,0.69249999523163,2.38450002670288,155.342499848455,125.517500594258,104.219000106677,1.426,128.36
P737470,50-32-8,1174,Benzo[a]pyrene,19902,10,H08,15.7335,0,0,1.3205000013113,7.42899999022484,15.2669998854399,25.7715002000332,199.3995013237,131.444000035524,8.005,118.872
P737470,50-32-8,1174,Benzo[a]pyrene,19902,0,A09,2.5825,0,0,2.54399991035461,0,0.344999998807907,0.152999997138977,4.6829997599125,12.7769998945296,0.963,5.871
P737470,50-32-8,1174,Benzo[a]pyrene,19902,0,B09,6.4887,0,0,13.3700000047684,0.389999985694885,1.02150002121925,268.445999868214,163.262499727309,123.423000030219,4.927,185.044
P737470,50-32-8,1174,Benzo[a]pyrene,19902,1,C09,4.8394,0,0,5.92700016498566,10.1794999614358,9.47300004959107,209.994000732899,247.629501082003,260.202499270439,8.527,239.275
P737470,50-32-8,1174,Benzo[a]pyrene,19902,1,D09,6.033,0,0,31.0759997963905,17.225499972701,30.584000222385,322.680002272129,293.792500317097,314.235499948263,26.295,310.236
P737470,50-32-8,1174,Benzo[a]pyrene,19902,5,E09,8.7891,0,0,0,0,0.64099997282028,201.553499347996,145.583000110462,119.576499756426,0.214,155.571
P737470,50-32-8,1174,Benzo[a]pyrene,19902,5,F09,7.7691,0,0,7.68500012159348,4.68199989944697,0.536999985575677,139.902499720454,268.01449841261,168.686501502991,4.301,192.201
P737470,50-32-8,1174,Benzo[a]pyrene,19902,10,G09,11.3932,0,0,0.625999987125397,34.4350000545383,15.9179998338223,131.01349940151,41.8445002753288,198.461499810219,16.993,123.773
P737470,50-32-8,1174,Benzo[a]pyrene,19902,10,H09,14.7135,0,0,0,23.3350006341934,7.33050007745624,42.1170003712178,66.4960008133202,35.6960001736879,10.222,48.103
P737470,50-32-8,1174,Benzo[a]pyrene,19902,0,A10,4.6441,0,0,0,10.4395000338554,3.88049993664027,88.0774989128113,223.031499177217,51.5379996597767,4.773,120.882
P737470,50-32-8,1174,Benzo[a]pyrene,19902,0,B10,1.888,0,0,36.2164998650551,8.08049996942282,14.5704997554421,484.789496183395,520.210002660751,440.89249753952,19.622,481.964
P737470,50-32-8,1174,Benzo[a]pyrene,19902,1,C10,8.7674,0,0,6.51850003004074,15.1720001995564,19.5630003064871,349.250999093056,349.205498933792,297.703499361873,13.751,332.053
P737470,50-32-8,1174,Benzo[a]pyrene,19902,1,D10,5.2734,0,0,0.609000027179718,35.1790002211929,0.151999995112419,292.681499749422,50.2544995471835,156.645998207852,11.98,166.527
P737470,50-32-8,1174,Benzo[a]pyrene,19902,5,E10,NA,NA,NA,NA,NA,NA,NA,NA,NA,NA,NA
P737470,50-32-8,1174,Benzo[a]pyrene,19902,5,F10,5.6207,0,0,0,2.20850000530481,1.45300001464784,229.384001709521,47.5560000389814,115.122500345111,1.221,130.688
P737470,50-32-8,1174,Benzo[a]pyrene,19902,10,G10,16.7101,0,0,0.873000025749208,51.0700005870313,37.7709994837642,242.656999766827,277.001999080181,298.749999791384,29.905,272.803
P737470,50-32-8,1174,Benzo[a]pyrene,19902,10,H10,12.1311,0,0,0,2.55999996513129,1.16499999165535,101.905999243259,292.443501353264,350.831000477076,1.242,248.394
P737470,50-32-8,1174,Benzo[a]pyrene,19902,0,A11,2.0616,0,0,3.19850000739097,8.72549998760224,4.12249994277954,346.147999048233,87.4954999685287,343.946498483419,5.349,259.197
P737470,50-32-8,1174,Benzo[a]pyrene,19902,0,B11,0.7595,0,0,0,0.787999987602235,5.41249978542327,125.246999517083,136.549499690532,148.106499567628,2.067,136.634
P737470,50-32-8,1174,Benzo[a]pyrene,19902,1,C11,5.1432,0,0,33.2634989321232,0.872000008821488,0.39750000834465,128.344501756132,1.65399998426437,65.5584986694157,11.511,65.186
P737470,50-32-8,1174,Benzo[a]pyrene,19902,1,D11,6.033,0,0,29.8109995722771,13.2284998521209,28.4520000629127,393.388501167297,229.709001377225,328.37300157547,23.83,317.157
P737470,50-32-8,1174,Benzo[a]pyrene,19902,5,E11,4.9045,0,0,6.04349997639656,41.2420004010201,44.2084998562932,231.76799800992,217.825999855995,27.1699999421835,30.498,158.921
P737470,50-32-8,1174,Benzo[a]pyrene,19902,5,F11,9.7439,0,0,27.0439996160567,42.6305004060268,127.877999497578,169.567499697208,152.520000545308,157.344999730587,65.851,159.811
P737470,50-32-8,1174,Benzo[a]pyrene,19902,10,G11,1.1285,0,0,11.4919998124242,2.05150006711483,0.123000003397465,1.26800000667572,0,0.929000020027161,4.555,0.732
P737470,50-32-8,1174,Benzo[a]pyrene,19902,10,H11,48.3724,0,0,2.38050000369549,3.93950003385544,9.60449993610381,438.277000546456,417.001999616623,422.652998998761,5.308,425.977
P737470,50-32-8,1174,Benzo[a]pyrene,19902,0,A12,2.908,0,0,2.77999996766447,24.2265002056956,4.67149993032217,377.3604991436,340.602999895811,370.162001058459,10.559,362.709
P737470,50-32-8,1174,Benzo[a]pyrene,19902,0,B12,0.9766,0,0,3.94099992513656,8.25599992275239,0.164000004529953,122.274500113912,119.216999549419,139.467999994755,4.12,126.986
P737470,50-32-8,1174,Benzo[a]pyrene,19902,1,C12,2.4523,0,0,7.03799987956883,15.2744999676943,6.0879998728633,0,419.274498224258,396.560499146581,9.467,271.945
P737470,50-32-8,1174,Benzo[a]pyrene,19902,1,D12,3.2552,0,0,22.6809999011457,23.7355003356934,22.1144999712705,17.8860002607107,249.412999659777,311.888499677181,22.844,193.062
P737470,50-32-8,1174,Benzo[a]pyrene,19902,5,E12,3.3854,0,0,14.2430000901222,11.1594998836517,3.63849997520447,345.561998859048,332.733998730779,373.032997608185,9.68,350.443
P737470,50-32-8,1174,Benzo[a]pyrene,19902,5,F12,5.4036,0,0,4.53900000452995,5.86699998378754,1.62149995565414,74.3290008306504,155.704499565065,130.536999568343,4.009,120.19
P737470,50-32-8,1174,Benzo[a]pyrene,19902,10,G12,4.9696,0,0,20.3759995624423,13.0174997746944,11.2595000267029,319.213498294353,218.03750166297,154.477500855923,14.884,230.576
P737470,50-32-8,1174,Benzo[a]pyrene,19902,10,H12,15.7986,0,0,31.9699998572469,44.8880000710487,14.2269999012351,568.701495885849,587.413504838943,555.243501782418,30.362,570.453
P737470,50-32-8,1174,Benzo[a]pyrene,19903,0,A01,3.5807,0,0,0.981000006198883,0.673999980092049,5.78149986267089,6.63499987125396,343.143001377583,2.13499999046325,2.479,117.304
P737470,50-32-8,1174,Benzo[a]pyrene,19903,0,B01,5.4904,0,0,0,0,15.3890002369881,1.76300001144409,167.680499315262,212.943499773741,5.13,127.462
P737470,50-32-8,1174,Benzo[a]pyrene,19903,1,C01,6.2066,0,0,25.7755001783371,43.579500304535,7.08650020509958,281.122002519667,426.479499042035,262.278500258922,25.481,323.293
P737470,50-32-8,1174,Benzo[a]pyrene,19903,1,D01,26.7144,0,0,1.9325000345707,2.09249994158745,11.2989998161793,196.823500670492,337.178999479861,236.098499938846,5.108,256.7
P737470,50-32-8,1174,Benzo[a]pyrene,19903,5,E01,27.9948,0,0,13.166500069201,18.9399998262525,12.2519998773932,2.88300004601479,497.381000041962,0.0305000003427267,14.786,166.765
P737470,50-32-8,1174,Benzo[a]pyrene,19903,5,F01,11.1979,0,0,6.3474999377504,3.41400015354156,13.6084998846054,217.168000899255,315.73499917984,313.092499494553,7.79,281.998
P737470,50-32-8,1174,Benzo[a]pyrene,19903,10,G01,12.283,0,0,31.2729999274015,12.5935001522302,4.6355000063777,303.019499823451,373.448499165475,263.315499186516,16.167,313.261
P737470,50-32-8,1174,Benzo[a]pyrene,19903,10,H01,47.5911,0,0,1.71350002288818,12.0044999718666,14.1814999431372,343.143997224048,41.9855002686381,389.025501310825,9.3,258.052
P737470,50-32-8,1174,Benzo[a]pyrene,19903,0,A02,5.2734,0,0,0,0.067500002682209,0.086999997496605,25.369999723509,211.825498793274,136.95800113678,0.052,124.718
P737470,50-32-8,1174,Benzo[a]pyrene,19903,0,B02,13.9323,0,0,0,1.19999998807907,4.2914999499917,191.051000822335,213.55250101164,190.434000089765,1.83,198.346
P737470,50-32-8,1174,Benzo[a]pyrene,19903,1,C02,6.033,0,0,52.7935007065536,66.9884997978806,55.2294996380807,195.143000142649,184.767999202013,157.549000866711,58.337,179.153
P737470,50-32-8,1174,Benzo[a]pyrene,19903,1,D02,0.434,0,17,NA,NA,NA,NA,NA,NA,NA,NA
P737470,50-32-8,1174,Benzo[a]pyrene,19903,5,E02,13.8672,0,0,7.01449996232986,6.91500002145769,9.15099984407425,5.47599990665913,218.437999602407,71.6510002315043,7.693,98.522
P737470,50-32-8,1174,Benzo[a]pyrene,19903,5,F02,17.4696,0,0,16.4210000522434,16.704500079155,17.961499709636,0.73649999126792,6.45250007882714,9.89700002595784,17.029,5.695
P737470,50-32-8,1174,Benzo[a]pyrene,19903,10,G02,11.5668,0,0,20.442999958992,6.62450003623962,10.610499907285,421.224499940873,288.648000687361,315.379001406953,12.559,341.751
P737470,50-32-8,1174,Benzo[a]pyrene,19903,10,H02,14.8654,0,0,13.5350000783801,15.6465001255274,11.8860001564026,356.418003320694,307.667999565601,55.0570000857115,13.689,239.714
P737470,50-32-8,1174,Benzo[a]pyrene,19903,0,A03,11.263,0,0,20.5279998779297,27.9930000007153,5.24449999630451,16.0325001776219,34.3339999765158,382.688501220196,17.922,144.352
P737470,50-32-8,1174,Benzo[a]pyrene,19903,0,B03,4.5356,0,0,0,0.895500004291535,0.641499996185305,0,4.54199996590615,100.581498906016,0.512,35.041
P737470,50-32-8,1174,Benzo[a]pyrene,19903,1,C03,1.0851,0,17,NA,NA,NA,NA,NA,NA,NA,NA
P737470,50-32-8,1174,Benzo[a]pyrene,19903,1,D03,14.4965,0,0,129.643500436098,7.81150007247925,7.72499996423722,432.94549882412,369.21100127697,377.69199770689,48.393,393.283
P737470,50-32-8,1174,Benzo[a]pyrene,19903,5,E03,7.7691,0,0,4.89399999380112,9.60400021076203,0.346500009298324,299.99399766326,146.819498956203,222.07750094682,4.948,222.964
P737470,50-32-8,1174,Benzo[a]pyrene,19903,5,F03,16.2109,0,0,41.0544999949634,38.6595000326633,29.3065003156662,90.5734999738634,326.93649995327,291.639000639319,36.34,236.383
P737470,50-32-8,1174,Benzo[a]pyrene,19903,10,G03,65.191,0,0,0,0,9.23249995708466,0,98.5220002196729,62.9724997589365,3.077,53.831
P737470,50-32-8,1174,Benzo[a]pyrene,19903,10,H03,15.9071,0,0,0,1.24799999594689,22.7230000495911,0,3.11899995803833,1.4650000333786,7.99,1.528
P737470,50-32-8,1174,Benzo[a]pyrene,19903,0,A04,7.4436,0,0,0,0.748000025749205,0.606500029563905,144.554500728846,111.882499754429,184.325500920415,0.452,146.921
P737470,50-32-8,1174,Benzo[a]pyrene,19903,0,B04,17.1875,0,0,0,0,14.7479999065399,1.11099994182587,77.9984997957945,109.794499054551,4.916,62.968
P737470,50-32-8,1174,Benzo[a]pyrene,19903,1,C04,7.5955,0,0,3.94250005483627,1.58949998021126,2.21099996566773,54.995499830693,102.666500754654,175.710999395698,2.581,111.124
P737470,50-32-8,1174,Benzo[a]pyrene,19903,1,D04,8.0295,0,0,0.883499979972839,2.13500000536442,0.791000008583069,56.6400000602008,74.8090001940727,256.02650052309,1.27,129.159
P737470,50-32-8,1174,Benzo[a]pyrene,19903,5,E04,13.4331,0,0,14.9120002985001,20.8825000524521,5.31250008195639,528.757498383522,399.335497550666,360.775999635458,13.702,429.623
P737470,50-32-8,1174,Benzo[a]pyrene,19903,5,F04,13.2812,0,0,3.98050006106496,4.17150004953146,18.7855000309646,251.201001688838,305.836500152946,359.75499843061,8.979,305.598
P737470,50-32-8,1174,Benzo[a]pyrene,19903,10,G04,29.6007,0,0,1.51099997758865,2.43050003796816,2.70050007104873,299.286999315023,303.84700012207,372.310498416424,2.214,325.148
P737470,50-32-8,1174,Benzo[a]pyrene,19903,10,H04,15.8203,0,0,24.4609997868538,10.8824999332428,2.48849999904632,35.0164996907115,67.0535000171513,320.331499055028,12.611,140.8
P737470,50-32-8,1174,Benzo[a]pyrene,19903,0,A05,2.8646,0,0,0,7.51000011526047,8.81099998950959,88.3749994039536,115.112999234349,212.063498876989,5.44,138.517
P737470,50-32-8,1174,Benzo[a]pyrene,19903,0,B05,4.3403,0,0,0,1.88799998164177,0.432000011205673,74.1750002913177,118.177000850439,66.9769996227697,0.773,86.443
P737470,50-32-8,1174,Benzo[a]pyrene,19903,1,C05,11.8273,0,0,0,0,0.560000002384185,36.1519993543625,18.3179998397827,4.91799995303154,0.187,19.796
P737470,50-32-8,1174,Benzo[a]pyrene,19903,1,D05,8.2682,0,0,17.153999760747,11.1794999539852,0.275000005960464,326.80499792099,0,160.921999573708,9.536,162.576
P737470,50-32-8,1174,Benzo[a]pyrene,19903,5,E05,7.0312,0,0,8.65150004252792,33.1285004690289,6.683999940753,4.67199993133545,69.1214996129273,56.8555005788802,16.155,43.55
P737470,50-32-8,1174,Benzo[a]pyrene,19903,5,F05,13.3681,0,0,0.222999997437,15.6729999929667,14.8930000513792,483.480500588194,590.497001767159,544.268500804901,10.263,539.415
P737470,50-32-8,1174,Benzo[a]pyrene,19903,10,G05,24.8481,0,0,26.0365002453327,9.99699980020523,22.4584998255596,12.3369999825954,8.13299988722429,87.4235001206398,19.497,35.964
P737470,50-32-8,1174,Benzo[a]pyrene,19903,10,H05,25.434,0,1,NA,NA,NA,NA,NA,NA,NA,NA
P737470,50-32-8,1174,Benzo[a]pyrene,19903,0,A06,7.0746,0,0,4.74200008809566,0.434999998658895,0.560500025749205,54.7710000053048,92.7374999448657,114.436499863863,1.913,87.315
P737470,50-32-8,1174,Benzo[a]pyrene,19903,0,B06,NA,1,1,NA,NA,NA,NA,NA,NA,NA,NA
P737470,50-32-8,1174,Benzo[a]pyrene,19903,1,C06,12.0009,0,0,2.05399999022483,4.86150002479555,5.64850011467933,225.2645008564,271.760000310838,312.798001617193,4.188,269.941
P737470,50-32-8,1174,Benzo[a]pyrene,19903,1,D06,13.8021,0,0,43.1110000703484,89.4510000646115,150.206500032917,468.077502191067,442.941498249769,316.116501510143,94.256,409.045
P737470,50-32-8,1174,Benzo[a]pyrene,19903,5,E06,14.0191,0,0,4.76900008320808,19.2955002188683,4.80150011181831,185.77000105381,282.906498968601,202.588499963284,9.622,223.755
P737470,50-32-8,1174,Benzo[a]pyrene,19903,5,F06,16.8403,0,0,24.5665001422167,4.98100006580353,6.0405000448227,172.74900136888,280.71499940753,375.499497890472,11.863,276.321
P737470,50-32-8,1174,Benzo[a]pyrene,19903,10,G06,28.6893,0,0,33.633000060916,23.1899998188019,10.1779999136925,693.574498414993,476.830499142408,571.642994999886,22.334,580.683
P737470,50-32-8,1174,Benzo[a]pyrene,19903,10,H06,33.1597,0,0,6.01550003886223,8.04850010573864,12.7049999758601,523.438500285149,496.615499138832,394.827498435974,8.923,471.627
P737470,50-32-8,1174,Benzo[a]pyrene,19903,0,A07,3.1033,0,0,0,10.5634999871254,7.74100014567375,457.233499526978,424.624000310898,423.18349981308,6.102,435.014
P737470,50-32-8,1174,Benzo[a]pyrene,19903,0,B07,9.3533,0,0,43.49250000529,13.634500131011,5.1629999577999,182.381999727339,174.513500079513,170.609999060631,20.763,175.835
P737470,50-32-8,1174,Benzo[a]pyrene,19903,1,C07,7.9427,0,2,NA,NA,NA,NA,NA,NA,NA,NA
P737470,50-32-8,1174,Benzo[a]pyrene,19903,1,D07,13.2813,0,0,1.99500000476837,0,0.67699998617172,152.656499926001,83.5934998281299,12.3479999899864,0.891,82.866
P737470,50-32-8,1174,Benzo[a]pyrene,19903,5,E07,16.4714,0,0,71.3955003470181,28.750500254333,9.95300004258752,417.289501070977,423.456003308296,440.156501114368,36.7,426.967
P737470,50-32-8,1174,Benzo[a]pyrene,19903,5,F07,15.6684,0,0,6.45349979400635,3.21949997544288,26.097499459982,61.8274987936019,308.381502568722,189.645000457764,11.923,186.618
P737470,50-32-8,1174,Benzo[a]pyrene,19903,10,G07,25.803,0,0,25.6645001731813,29.3275000303984,13.8445000201464,350.518496572971,511.378000557423,391.499997615814,22.946,417.799
P737470,50-32-8,1174,Benzo[a]pyrene,19903,10,H07,17.4479,0,0,0.126499995589257,0.279000014066696,2.50850003957749,107.261999371462,134.330499686301,66.9674996463582,0.971,102.853
P737470,50-32-8,1174,Benzo[a]pyrene,19903,0,A08,8.2899,0,0,0,0,0.968500003218651,35.1584998592734,294.168500877917,50.5355000570416,0.323,126.621
P737470,50-32-8,1174,Benzo[a]pyrene,19903,0,B08,11.3498,0,0,0.123000003397465,6.13199992477895,7.1939999749884,113.228500317782,139.970499955117,53.1740003908053,4.483,102.124
P737470,50-32-8,1174,Benzo[a]pyrene,19903,1,C08,14.6267,0,0,9.76800008118153,6.65550005435943,8.30149990320207,313.811499357224,373.607001066208,313.025000154972,8.242,333.481
P737470,50-32-8,1174,Benzo[a]pyrene,19903,1,D08,15.3863,0,0,6.80500000715256,0.470999985933304,0.92499999701977,145.015501063317,88.8660002797842,96.6854995507747,2.734,110.189
P737470,50-32-8,1174,Benzo[a]pyrene,19903,5,E08,9.5052,0,0,21.4120001196862,77.3800005018711,10.1080000847578,329.038000017405,260.760498449206,307.614499218762,36.3,299.138
P737470,50-32-8,1174,Benzo[a]pyrene,19903,5,F08,15.8637,0,0,10.6670001298189,14.5460003316402,1.73799998313189,31.2919998839498,1.45400001108646,12.4250000417233,8.984,15.057
P737470,50-32-8,1174,Benzo[a]pyrene,19903,10,G08,11.263,0,0,9.77199979871511,9.81149983406068,11.8494997862726,499.815001606941,173.742999568582,48.6254990696907,10.478,240.728
P737470,50-32-8,1174,Benzo[a]pyrene,19903,10,H08,56.6406,0,0,1.16350001096725,2.3289999961853,7.80349994823338,135.846500575542,126.519500414375,183.994499415159,3.765,148.787
P737470,50-32-8,1174,Benzo[a]pyrene,19903,0,A09,7.3568,0,0,0.959999978542328,1.125,0.730000019073486,172.369001399726,218.619000077248,147.589999392628,0.938,179.526
P737470,50-32-8,1174,Benzo[a]pyrene,19903,0,B09,3.7109,0,0,19.5679999664426,25.2879999577999,21.4994998499751,210.72499987483,446.951499938965,466.189999818801,22.118,374.622
P737470,50-32-8,1174,Benzo[a]pyrene,19903,1,C09,13.6068,0,0,18.5065001249313,14.1735000014305,7.61150002479553,273.123998820782,250.797501012683,309.479501307011,13.431,277.8
P737470,50-32-8,1174,Benzo[a]pyrene,19903,1,D09,17.8603,0,0,1.27199998497963,5.61799995601177,13.5494996607303,179.52900018543,84.4245001152158,155.842498920858,6.813,139.932
P737470,50-32-8,1174,Benzo[a]pyrene,19903,5,E09,24.1753,0,0,0.572000026702881,1.02249997854233,1.08950002491474,256.841000407934,186.629000831395,128.099999845028,0.895,190.523
P737470,50-32-8,1174,Benzo[a]pyrene,19903,5,F09,18.7717,0,0,2.46300001069903,2.2039999961853,6.34650009870529,225.474000606686,189.125498741865,199.61350055784,3.671,204.738
P737470,50-32-8,1174,Benzo[a]pyrene,19903,10,G09,15.8637,0,0,0,3.0799999833107,6.38099977374078,213.962499883026,164.040999532677,151.658500712365,3.154,176.554
P737470,50-32-8,1174,Benzo[a]pyrene,19903,10,H09,17.296,0,0,0.0684999972581865,2.80850003659725,2.10550005361438,77.5709997192025,166.845501348376,171.282500933856,1.661,138.566
P737470,50-32-8,1174,Benzo[a]pyrene,19903,0,A10,7.6389,0,0,7.86249997466803,13.6590002775192,2.83599992096424,333.859498471022,199.263998806476,5.26700004935265,8.119,179.463
P737470,50-32-8,1174,Benzo[a]pyrene,19903,0,B10,4.5139,0,0,1.82349997758865,78.2075015231967,9.42900013923643,403.858499258757,227.645000636578,219.622999668121,29.82,283.709
P737470,50-32-8,1174,Benzo[a]pyrene,19903,1,C10,9.158,0,0,0.37049999833107,0.916000038385391,5.38099983334541,85.3490002378821,235.858999557793,105.452500220388,2.222,142.22
P737470,50-32-8,1174,Benzo[a]pyrene,19903,1,D10,9.5052,0,0,1.0789999961853,5.58900022506714,9.48499997705221,4.66900013387203,11.7010001242161,29.2945000901818,5.384,15.222
P737470,50-32-8,1174,Benzo[a]pyrene,19903,5,E10,12.5217,0,0,138.630499623716,217.954999953508,210.220000445843,217.781499892473,229.264501094818,262.152999639511,188.935,236.4
P737470,50-32-8,1174,Benzo[a]pyrene,19903,5,F10,12.3481,0,0,55.8185012042521,3.29550005495548,0,484.301999688149,0,9.39799978584051,19.705,164.567
P737470,50-32-8,1174,Benzo[a]pyrene,19903,10,G10,52.4089,0,0,9.66700010001659,0,12.5629997849464,18.3640000186861,0,118.41749933362,7.41,45.594
P737470,50-32-8,1174,Benzo[a]pyrene,19903,10,H10,47.0052,0,0,9.83950014412405,15.3695000559092,0,11.6289998888969,14.0659998953342,1.37099999189377,8.403,9.022
P737470,50-32-8,1174,Benzo[a]pyrene,19903,0,A11,5.23,0,0,14.3954998254776,59.5599994249641,142.844500809908,38.2169998884201,217.835501118563,293.062497571111,72.267,183.038
P737470,50-32-8,1174,Benzo[a]pyrene,19903,0,B11,2.9514,0,0,13.9869996234774,33.0835003852844,19.0570001006126,445.668002009392,384.642500638962,425.436996638775,22.043,418.582
P737470,50-32-8,1174,Benzo[a]pyrene,19903,1,C11,8.5937,0,0,0,8.55549994111061,0,132.057998783886,4.63500022888184,216.816501706839,2.852,117.837
P737470,50-32-8,1174,Benzo[a]pyrene,19903,1,D11,6.3802,0,0,29.4810002967715,49.1624999269843,25.992999907583,333.282002061605,344.565998017787,380.874000012875,34.879,352.907
P737470,50-32-8,1174,Benzo[a]pyrene,19903,5,E11,8.724,0,0,0,9.27750003337859,18.3330000340939,7.39799991250038,255.602498834022,192.564501877874,9.204,151.855
P737470,50-32-8,1174,Benzo[a]pyrene,19903,5,F11,8.0729,0,0,2.28900004178286,110.583499714732,91.9855008870363,200.086499810219,312.600502490997,294.438501372934,68.286,269.042
P737470,50-32-8,1174,Benzo[a]pyrene,19903,10,G11,14.3229,0,0,0,10.2354999259114,1.60050001740456,179.055500488728,91.4125001430511,165.586999729276,3.945,145.352
P737470,50-32-8,1174,Benzo[a]pyrene,19903,10,H11,16.059,0,0,35.4909993596375,46.6195009052753,29.5339998789132,79.6019996032119,451.34600007534,197.599499639124,37.215,242.849
P737470,50-32-8,1174,Benzo[a]pyrene,19903,0,A12,4.6441,0,0,0,1.24899998307228,0,144.384998969734,33.258000396192,170.365999639034,0.416,116.003
P737470,50-32-8,1174,Benzo[a]pyrene,19903,0,B12,5.9679,0,0,5.74800000339746,8.40050011873245,2.61700001358986,229.338499188423,127.514000019059,179.474500179291,5.589,178.776
P737470,50-32-8,1174,Benzo[a]pyrene,19903,1,C12,5.23,0,0,1.42449997365475,17.1980001032352,6.24700002372265,444.765503466129,204.160499289632,352.332000851631,8.29,333.753
P737470,50-32-8,1174,Benzo[a]pyrene,19903,1,D12,9.7222,0,0,0,0,39.6440003011376,0,293.291998956352,296.761000901461,13.215,196.684
P737470,50-32-8,1174,Benzo[a]pyrene,19903,5,E12,8.1814,0,0,0,6.61449992656706,8.22100001573562,144.66250050813,251.272499620914,80.1205003485084,4.945,158.685
P737470,50-32-8,1174,Benzo[a]pyrene,19903,5,F12,7.8125,0,0,15.8505000770092,28.8684997856617,30.6279998277314,188.492999374866,189.540499383584,86.9789997655898,25.116,155.004
P737470,50-32-8,1174,Benzo[a]pyrene,19903,10,G12,34.7005,0,0,2.76300007104874,13.6919999420643,1.52100002765656,40.163500119932,47.8400001293048,230.318498797715,5.992,106.107
P737470,50-32-8,1174,Benzo[a]pyrene,19903,10,H12,12.6085,0,0,19.3419999405742,5.39899988472462,18.1514999493957,28.141999989748,4.99799998104572,80.5575012862682,14.297,37.899
