"chemical.id","bottle.id","conc","plate.id","t0","t1","t2","t3","t4","t5","t6","t7","t8","t9","t10","t11","t12","t13","t14","t15","t16","t17","t18","t19","t20","t21","t22","t23","t24","t25","t26","t27","t28","t29","t30","t31","t32","t33","t34","t35","t36","t37","t38","t39","t40","t41","t42","t43","t44","t45","t46","t47","t48","t49","t50","t51","t52","t53","t54","t55","t56","t57","t58","t59","t60","t61","t62","t63","t64","t65","t66","t67","t68","t69","t70","t71","t72","t73","t74","t75","t76","t77","t78","t79","t80","t81","t82","t83","t84","t85","t86","t87","t88","t89","t90","t91","t92","t93","t94","t95","t96","t97","t98","t99","t100","t101","t102","t103","t104","t105","t106","t107","t108","t109","t110","t111","t112","t113","t114","t115","t116","t117","t118","t119","t120","t121","t122","t123","t124","t125","t126","t127","t128","t129","t130","t131","t132","t133","t134","t135","t136","t137","t138","t139","t140","t141","t142","t143","t144","t145","t146","t147","t148","t149","t150","t151","t152","t153","t154","t155","t156","t157","t158","t159","t160","t161","t162","t163","t164","t165","t166","t167","t168","t169","t170","t171","t172","t173","t174","t175","t176","t177","t178","t179","t180","t181","t182","t183","t184","t185","t186","t187","t188","t189","t190","t191","t192","t193","t194","t195","t196","t197","t198","t199","t200","t201","t202","t203","t204","t205","t206","t207","t208","t209","t210","t211","t212","t213","t214","t215","t216","t217","t218","t219","t220","t221","t222","t223","t224","t225","t226","t227","t228","t229","t230","t231","t232","t233","t234","t235","t236","t237","t238","t239"
1174,"P737470",0,19737,2.2406990326696,1.04784517529337,2.16348395826819,1.44980893247914,0.980429179819341,0.417591277981711,0.836381356315946,0.365476104060652,0.807635899028607,1.28906735356358,0.731213385336983,0.583332322136365,0.982677555792057,1.1686668033695,0.417261916228361,0.605189907476196,1.87579421994518,1.09249359572181,0.814213730365028,0.667983214084525,0.903408113578249,1.30185239888878,1.54212220652634,0.926241050924423,0.829686555056657,1.65969365217737,1.74980838127678,1.33468523772976,1.1547090000388,1.29393235619371,1.86751609895339,3.25649141335853,3.0150494703429,2.79959574147621,2.57279543719172,2.84636761505666,2.40264758321189,2.75176084629418,2.89257487594537,2.92499859568282,2.70157594263025,2.87625593408014,2.56148952840346,2.97297016560183,2.79051458363048,2.66974589874207,2.54722393221187,2.64745764686522,2.70747004627267,2.72142043921186,2.67063906361723,2.7752912966801,3.05577320091096,2.87673472808412,2.84196900548856,2.89309580980269,2.68975724434112,3.08656424504604,2.67820938153044,2.79806761722293,2.33989052307792,1.12161243470574,1.4076398941231,0.457298262905593,0.505491429912603,0.541800911046509,0.828682795010343,0.557671048996653,1.24858281872621,0.630633287200765,0.989020631156905,0.439157745140435,1.42260216416226,1.65490827689218,1.53279441807314,1.82114027037218,2.46765026562265,1.56347772103701,0.821760232514203,0.415877386666498,1.99748554547007,1.48955019189147,1.30989914936644,1.04524667148249,0.596636288187655,2.1988787889735,1.063503117337,1.26959197407898,1.36537709589547,2.65623045256074,2.26059576327327,2.76245628273526,2.99597725916375,2.93428764443217,2.7035869270462,3.0603817142738,2.7475208732991,2.99823911377289,2.93021194863416,2.93214264670881,2.99150840523197,2.93135904484618,3.03825041867146,2.95675233808639,2.89736940986352,2.96985020437816,2.75283233098579,2.78974080087283,3.01457855465888,2.83190074181495,2.90088845284472,3.0796597159074,2.87812484756316,2.78605389456514,2.75516916458131,2.57287937074961,2.96956792925521,2.78504827296187,2.97247388904386,2.94400205571833,2.3378749931325,1.48835441697835,0.876509860869934,1.01761911522637,1.37914385267867,0.630420359079554,0.702503261878946,0.406331388287794,0.75084987491219,1.81531324267422,1.62674722147408,0.615563953914553,0.848054735093825,1.27009755467996,0.50428427742165,0.619069978601433,0.904420534501571,0.57143143558209,1.52770709283422,0.980316612586089,1.63354497437152,0.775970622697893,0.82946843068505,1.43644075753893,0.679251050031933,1.28655686923993,0,0.942465183973473,1.11047501394429,0.739267127830328,2.68169939890643,3.17514127024787,2.76224793322059,2.69420141954862,3.05682739937983,2.85980372484323,2.65678495773103,2.82512777337141,2.79977822280152,2.80410554995333,2.53470425492128,2.6998768826954,2.54880433863966,2.65829955766225,2.455486430723,2.7340297928612,2.60927535098801,2.64414437026328,2.88258035084469,2.84651855739128,2.63466913792894,2.63900733880166,2.70793687274069,2.65229783145359,2.8128185118698,2.5638487739982,2.72863682773492,2.68702403334163,2.73953594110892,2.7497294544139,2.22572565182571,1.79528658312942,1.59696040772527,0.959618370655084,1.79120928723712,1.02947654741466,1.18787389153552,1.62747425787357,1.07588939258539,0.460016420244348,0.520815560826203,1.35781774392925,0.44231120115541,0.60551743856274,1.25424754919671,1.11936218179739,0.713439876351573,0.901542507241135,0.65248142740965,1.01338115818702,1.21057096008485,0.713537884831431,1.13927430106207,1.17180079422415,0.772004558364516,2.08853753630718,1.06849668573056,1.0319737772963,0.780837507533621,1.23715608786205,2.7529534357933,3.21283360049689,2.76487783318368,2.56489549266886,2.61114275178988,2.84844384574925,2.83651963393881,2.60178557507752,2.80152234662097,2.77927260729609,2.94150307625979,2.70136121295141,2.72176242941133,2.62850179481648,3.0752825498459,2.76038959933671,2.98919594404732,3.18657987320209,2.88157205117145,2.82466514158393,2.98772027277838,3.00247450627675,2.9198442607193,2.83959882374114,2.82148603704726,3.01741061211584,2.85764768416401,2.84937032598336,2.76731864051373,2.68415360456234
1174,"P737470",0,19738,2.25227550086052,1.59090728891549,0.721272903919208,0.831299122188115,0.46527370446395,0,0,1.72422089092209,0.476451549058321,0.920462038469324,0.244474421318212,0.210747026217397,1.51647797286742,1.30345606642851,0.299623003429939,1.42633204536832,0.221021306781995,1.37110457316976,1.18959491421247,0.979453290984972,1.11432157728807,1.23025440688843,0.916090723985575,1.53431558767082,0.911579653054304,2.00844217294563,1.63044569409225,1.26939529825843,1.56503658149882,1.37626927323436,2.57086646194021,2.84500820274461,2.86752665865885,2.60193014603794,2.89783547912581,2.93767140209844,2.61244929227399,2.90799881533357,2.44235573786862,2.77497336237726,3.09711034936973,2.89923511313097,2.62760989144928,2.95287957197469,2.8612575983269,2.56862338392181,2.76363312674572,3.12479151681576,2.89691970708349,3.06739922478039,3.14772995291338,2.97684757898227,2.64189615519371,2.92443763614171,2.94458109163782,2.93481383866779,3.02641421171815,3.03777112688846,3.14576519124664,2.79909371885459,2.44168160337749,1.14029788951265,0.624680965262932,0.246586600506786,1.87403048286947,0.274102784672961,0.961875756310891,0.335400229887971,0,0.345573556571513,0.857644149493475,0.77725851679483,1.32336786762944,0.731454015586471,1.21555054815751,0,0.428302346500738,0.651569689074873,1.1230121579327,1.11926422311306,1.7079701917612,1.86302530620104,1.00430161618349,1.69373312216234,1.39835878000119,1.95369407729187,1.88286382360574,1.70130584535063,1.13783303009539,1.4438318701774,2.87197298155356,3.07528719798454,2.70609828371278,2.79149939303504,2.31895537117999,2.56541845793136,2.59981145017873,2.88430337790505,3.0957517872538,2.97704119754531,2.85545821789848,2.73058760724863,2.93881529630973,3.03447449568592,2.77679859277304,2.96704211104795,2.82407465451399,2.93914868280871,3.16612248396867,3.0741297776352,3.00849795969603,2.9028271869663,2.94270589680945,3.09902186542962,2.83473279055338,2.96166864433191,3.03238720136888,2.83053917361748,2.8404371763636,2.94130248011977,2.7355064765875,1.08107608934789,1.29630125107506,0.641037782122056,1.32597361444175,0.611096203814866,1.22032832116398,0.913647255883686,0.673964384170856,0,0,0.936896970780838,0.690067440145237,1.02881550750459,0.92286903269136,0.485876979150016,0,0.544763173853397,0,1.11432157435429,0.488303914686042,0.856646858473163,1.88153924529093,1.70410240297916,0.642432658566039,0.924278736841765,1.81310499601682,1.58751946313066,1.68242811279993,0.698209328586458,2.75188526955054,3.35957820380381,3.1505049033351,2.93794688937498,2.93973318890645,2.8781585618054,2.86770004388746,2.93702472513494,2.81959454461829,2.92912494316987,2.77793999172603,3.04881558518864,3.06732708418884,2.76978164819287,2.74701126640629,2.9242336062181,2.89565224498747,2.79095957828826,3.05671450697214,2.85306787953216,2.94682295054416,2.89352233170449,2.83892053776965,2.82985183348372,3.06119928643853,2.91112979573438,2.88822225429336,2.67491386026407,2.89551407881264,3.08141214055277,2.54894893880654,1.15313205021835,1.31928615074703,1.26629948849896,0.813881411742999,0.787320371665981,0.558186210133578,0,0.313605637104623,0.866428000610945,0.451839653716765,0.828355313370937,0.350199026442369,1.50873321706661,0.990748626370871,1.1474183340379,1.27278966545092,0.793354451761575,0.664696261859349,0,0,0,1.24858281402337,1.44881133015844,0.718985472036909,0.417558353165209,0.713390884207013,0.323893447085029,1.00369704237177,1.52261559694258,2.40994511820449,2.45480391060052,2.58196153495537,2.67183562148242,2.72731346039169,2.92805551885802,2.56977614539605,2.89480082609047,3.09831370922978,2.96798586846375,2.86817159370177,3.03846843753742,2.9479564659608,2.75999410770676,2.76603606032028,3.0794413479534,2.95613867756839,2.81157203658991,2.92260765531713,3.15368853884414,2.72334268278838,2.83748361517947,2.65555969716295,3.00584843910455,2.88340027557033,2.75472381282927,2.7945397614552,2.86446686103045,2.72448114038999,3.0309280631761
1174,"P737470",0,19842,2.71087288200894,1.98133246403365,1.75506091950085,1.69730226447402,1.50269866221487,1.02345761753481,1.2194720704772,1.58329925560755,1.68413715642434,1.84892714933975,0.641011427571134,0.960958112716995,1.81804430448512,0.747540665835377,0.886985497363721,0.624225721402462,0.698333688082678,1.50047087591419,1.79502079773526,0.29550141880711,0.480325171474465,0.625403506022022,0.334899566739199,0.479582591982629,0,0.158882325304264,0.221542276251573,0.376928454676124,1.07868166913434,0.0609069368776306,3.50684185834964,3.09760268851745,2.87110966457576,2.55005434597605,2.68514997533526,3.01439701110142,2.77036124955772,2.65296022161715,2.88840314367443,2.8401305432422,2.67153834885793,3.06560343024589,2.96931645282116,2.80846247639663,3.05402003906023,2.85318894653249,3.06920575056142,3.09196927584487,3.16376895104346,2.79324883754742,2.82861456053387,2.96132712740454,3.15753643317068,2.80190476638649,3.07772690423753,3.13058656819486,2.80168627318788,3.02461124533453,2.86039353446383,2.91150249373542,2.43534868218775,2.4618767993826,1.63545648100242,0.73515246519475,0.301880786633322,0.792449373516695,0.288631627132526,0,0.432950563929641,0.653678440320227,0.780241884351429,0.54406695173408,1.01581021962777,0.428009073040346,0.914288726336724,0.595424105806976,0.748108735587396,1.24225074670144,1.36143800056831,0,0,1.45119218527962,0.36630837809672,1.5814087403403,0.601031879103793,1.13101494476126,0,2.24692437012303,2.56233057499674,1.62511439106803,3.24145887837006,3.33283999855817,2.99306874587645,2.85469850854162,3.03313400608533,3.14719073397581,2.82316300083625,2.82679280272166,2.88057953798302,2.79817120538242,3.04996474389411,2.84616441866976,2.8378496551654,3.02534933850653,2.96250638393078,2.8709963915805,2.73457530213249,2.76840498719028,2.8102095918475,2.84112312972458,3.04001707133919,3.01436757223137,2.87288643341885,2.96188589205988,2.83357796824118,2.75748778830754,2.83147064152408,2.88077025893581,2.95789539440702,2.78740342870264,2.77441205780832,1.11782650035718,0.775095760659062,0.611394669373449,1.35804920276728,0.809328923641643,1.38919017909965,0.0922144858575898,1.17736185854094,1.10763810430166,0.742413421408948,0.799756915450774,1.51819943952224,1.56811578813122,0.446607066388169,0.599605422328697,1.13172465134344,0.718912380452989,0.909950666837672,0.379942141289462,1.33993623307112,1.34019808899512,0.870204910714707,0.957893204822922,0.898534007955072,1.1452414019446,1.78241597681454,1.70536608160532,2.00697835702676,1.89524823150136,3.42716397668386,3.13196624240214,3.14786089604639,2.93060692051491,2.51477284438005,2.91342617016768,2.82795245016485,2.64607548688752,2.84070285701598,2.82133127819468,2.79959575162908,2.65595658429343,2.86413044294886,2.8185773422712,2.8477889758338,2.85161938771873,2.63026162744704,2.64469854995424,2.78262567023421,2.81776524808144,2.83260139160708,2.68708529545749,2.70398861930793,2.75848978117582,2.6458626807426,2.58580722581492,2.84972333690495,2.72990300132001,2.97460055529487,2.82564359158886,2.79884109363931,1.82635410613125,0.471876871842622,0.37583029728079,0.54232429359767,1.6667629754512,1.61926942351637,1.71911709357735,1.71224718133729,1.0103637686697,0.240747685487454,0.388386753897421,0.470003629245735,0.968503591010941,0.19243688880424,0.202124184869279,1.06042570477285,0.683702732586656,0,0.42068206733812,0.0482185711117789,0.0859941933418787,1.2159211196533,0.856200969345792,1.13185362047992,0.071762367869014,0,0.802270596633233,0,0,3.20522302768657,3.21832368004792,2.82108123896356,2.87217385151183,2.62691244922886,2.15954577962763,2.65266434802028,2.84249948321791,2.7872802917281,3.28070068794908,2.17869844994808,2.62936766943814,2.41835722073277,2.41425170171891,2.63715551697492,2.7966347963616,2.63467631849533,2.53666066815812,2.91353471709773,2.90430753576004,2.54963262486396,2.63852862269648,2.44877848812265,2.44519515428177,2.61917526333854,2.83654894466817,2.85481366737055,2.49823411501779,2.52735935209774,2.50479096405602
1174,"P737470",0,19843,2.43472675869609,2.31807943814952,0.764048227784261,1.25736660965311,0.748439958999421,1.23555868725135,1.06089310887735,0.32872804651302,0.663744118253105,0.976501151117206,0.401758238152177,1.12359753468825,0.562753722126749,0.583694969924094,0.180903889048928,0.395280094418354,0.106070262633501,0.131642112124172,0.609520963765145,0.0885144113048723,0.900019055295748,0.519299620909198,1.13191811418522,1.02020020314838,0.91019217540806,0.806341936970118,0.351536766764102,0.653080111418884,1.30508430960549,1.59968046703245,3.44023217675999,3.08715533434935,3.3117339169996,3.14153465969049,3.17246535511682,2.70384470829271,2.88493477501827,2.94737675310227,3.02451408846172,3.10058992825654,2.95723570448282,2.9714344448957,3.16908246805734,3.03264503498763,3.27527126013687,2.8424208178035,2.94862494601498,2.97856070038229,2.86743574392815,2.89247787744047,3.19683265132063,3.03518613748085,2.7692048557842,2.84084005125041,3.14059204473163,3.02325503241948,2.99956242103535,2.84592922027559,2.84746716243773,2.96747166870235,2.61224758398344,1.67998954535636,2.24869366203623,1.59510569655565,0,0.439447758018797,0,0.139501036304615,0.18152957933773,0.369492436496644,0,1.44720130027588,2.45984096313793,1.15681828229788,0.71910729205614,0.979716118973576,0.867772551977482,0.271552681799263,0.472531689396481,0.353996369313223,0.605380976517644,0.112256681770291,1.45654309431889,0.770941220440345,2.06431522159639,1.73123950998779,0.983762429338434,0.891506114909769,0.395044327610689,1.48542678597177,3.25998512033771,3.53039796392885,3.10283849142096,3.3932408237696,2.83463292362804,2.99324918105148,2.85331867642914,2.98238865573962,2.88086278427953,3.03277998446594,2.84118149361456,3.05843473195426,2.9680681129779,2.82018172180149,2.90186378830955,3.08848237831858,3.05050924081246,2.81906371606756,2.86172361109643,2.80759684468793,2.85357235672805,2.99351226564962,2.76234898131424,2.9031974647875,2.75291519423422,2.70393173409842,2.82588659023436,2.87473344115245,2.97637107536966,2.83785547915626,2.67142426215453,2.03248094088447,1.64511388629146,0.487229398750037,0.759145583578881,0.75795128839933,0.517781365222937,0.643668041769176,1.06312326185701,0.282242306506127,0.191239998756674,0.708282074367403,0.806118646782837,0.423665134965958,1.38970107108371,0.922829319552667,0.287544558061843,0.665570406674843,1.36324320147577,1.57642905845136,0.521587504810845,0.67396435075337,0.676001029122498,1.27642368498137,1.2997011032138,0.620899000667899,0.105530499021152,0.137411354950164,0.735368203707868,0.808170847544382,3.13264235630278,3.16807294363565,3.39552464019043,2.7272970924891,2.9754606864398,3.11272609780749,2.86806081579011,2.90264336357255,2.7901799539763,2.7652556604439,2.63352778356945,2.78502359540863,3.02451894160693,2.95976568344115,2.87557113203399,2.8043931896218,2.76735942919737,2.88546810074182,2.70500891834907,2.88477556270022,2.92078784604723,3.06814129137335,2.75309050921979,2.85565088503643,2.882546759989,2.72302747945291,2.90620957175365,2.74650780826946,2.58550959476077,2.58245294171862,2.7037476309765,1.53579139350276,0.737451124089669,0.610444673903658,0.895250949169095,0.405598434810127,0.857198670778878,0,0.0644760199890772,0,0.522596089529929,1.51603892747221,0.8663649418511,1.03529968890798,1.84052583950788,0.69112012373649,0.262479634064555,0.535674335424282,0,0.976425836286555,1.51607185040901,0.592359538053428,0.548265914180726,1.78762592493871,1.35211692829014,2.07041974923053,0.810574602015169,0.322481964069129,0.360746639967865,1.04558062867171,3.02294851967907,2.60809357331143,2.86699792767868,2.81149388633563,3.25706138914216,2.91069442202214,2.48405211575921,2.98761943693547,2.67282708683617,2.7730605113333,2.8348619811206,2.88464149316885,2.67114759012655,2.54776407184055,2.75800475166498,3.1242266186084,2.83365444734879,2.85452004380616,2.94422316636167,2.4263148881065,2.66554973927851,2.58771889108487,2.81613601701111,2.86013875292361,2.84571427697227,2.95443621165628,2.94082984888967,2.66557408360346,2.63662581485444,2.87026258751685
1174,"P737470",0,19902,2.07822832984198,1.26217567507078,1.83892928984464,1.73710965436652,0.646369980956294,1.18857486580666,0,0.222022926146935,0.606172166077387,0.223783341643231,0.285404489901794,0,0.55221705909036,0.62465417768056,0,0,0.923584083653078,0,0.847112108251264,0,1.15085680369163,1.26753896524129,0.99787071666917,0.693647046188768,0,0.87049806746579,1.18720294569422,0.197702659805613,0.214627393450294,0,3.30950596238165,3.04358865445395,3.29903547610547,2.71346882908934,2.81513324092329,2.61534262794745,3.14267272640141,2.88139267896706,3.13343119709747,2.95466546955806,2.93745146054729,2.87922653002197,2.80207473588074,2.84760341629083,2.82084302482875,2.9300304351357,2.89997549397589,2.89164317732887,2.82727809692973,2.92451551448557,2.78444317080433,2.78965478409287,2.93557347794729,2.94914366367669,2.89730324751684,2.7131040705973,2.79924284205864,2.9113719569983,2.97397224483179,2.79342634685638,2.28627275992136,1.14148020778893,0.533565099199097,0,0.718424980212268,0,0,0,0.725420747758629,0,0,0.273152025402806,1.28018356420723,2.42825691406129,0,0,1.07871562788197,0.44743842477111,0.646474784827029,0.367832459059216,0.483043241429808,0.386350237541136,0.607425873296864,0.424744722559481,1.23698193434846,0.747209130256061,0.52986325372385,0,0.62946161789685,0.780012708007681,3.11024775129582,3.22640341536732,2.87847909603886,2.89895702655963,2.84544994884673,2.85012828645738,2.80300272954717,3.06989772558304,3.07392401441667,2.85858289370438,2.99243684007424,2.99956490832586,3.05002155958216,2.95714737840916,2.86570331078984,2.97895229498561,2.87798424488087,2.82015791219732,2.91921832798568,3.0123976227439,3.06235765268905,2.91554120507383,2.75273673404615,2.95920315328017,3.02582978211817,3.04121698148016,3.04489857219325,2.92552974207014,2.85772231711643,2.81484567323622,2.65112000914068,1.28093384877343,1.32479122832935,0.620737770655272,0,0.648463600307934,0,0.270408742962641,1.12681092114587,0.61264185993111,0.280657467238837,0.743982869446674,0.950460227589403,0.104990449943902,0.516887201324042,0.493903235142126,0.278313319541678,0.674270116541695,0.438190403937268,1.66595055221759,2.37904599896388,0.607534835704331,0.88768546819065,0.245374589914408,0,0.18664552836303,0,0.722608884436001,0.981853737203813,0.585729007038867,3.33032057015221,3.12997028850813,3.00934912580752,2.85100705117115,2.78275560046601,2.71454903577018,3.01927299152832,2.72621095574418,2.74178797282362,2.64616769383797,2.77730260510879,2.94775453950769,2.85791170604108,2.94831041025675,2.75287059547103,2.8208549179986,2.82525825877794,2.72398914200201,2.89018843694301,2.84610635181019,2.99403084286772,2.9018995195892,2.96034860157451,2.90708683971254,2.92529370871095,2.8637482431531,2.95770325005893,2.92124036168817,2.79745815309398,2.82733728010817,2.69485691618879,1.31337411376107,0.94347779212648,0.466999102917969,0.519031850863745,0.368455285443156,0.316779593366698,0.430872899932719,0,0,0.397903245523011,0,0.395280094418357,0.043155269209292,0.56713033486517,1.16036570217255,1.09997802034948,0.380215672974459,0.554804231431026,0,0,0.117071668818214,0,0,0,0.324544236563914,0,0,0.659383548631574,0,2.9977951770253,2.9033263572265,2.71685134586272,2.97034266843356,2.80619273502514,2.88349819006262,2.74603941205268,2.8014494708042,2.91108898719602,2.74861615851427,2.7045574370495,2.73647568718174,2.80203225055615,2.67834673615407,2.81580984317951,2.78670119019298,2.77637529333538,2.91311667956187,2.71081303465695,2.6305714115929,2.89368291082773,2.97976036487245,2.91043036359628,2.87304471186517,2.82744969183857,2.77063684964117,2.82018176247355,3.06101893899382,2.77405014321029,2.82431504760673
1174,"P737470",0,19903,2.59932105149589,1.94874896805338,1.78806932648217,1.81332524468485,0.719643029875604,0.501017687780482,1.00044804400137,0.533389138146786,0,0.713194900751325,0.206607579183638,1.22723998071249,1.36072011024505,0.574251011424827,0.823999981301954,0.610580464541699,0.879004168470082,0.727162049145904,0.670850437199192,0.694246570787618,1.07394385242282,1.18540142234738,0.979866275066978,1.15044541894154,0.98219080813308,1.57439088470495,0.733857173111191,1.37186576745036,1.79329161246286,1.6013855667645,3.38422751851263,3.12139090319996,3.23290102893819,2.95775517032308,2.47649639649331,2.30593945095964,2.8385812936703,2.94766534258631,2.84890716347859,2.76131286776385,2.55570677532458,2.73640438771412,2.50178017282506,3.13492015589967,2.84232465228107,2.63359240997534,2.87739348341778,2.71019458856144,2.80525556999504,2.86435284595207,3.17988134600208,2.92315081721602,2.78109616387863,2.37712654115973,2.57169577344816,2.92079856049268,3.2750330944241,3.00064020618647,2.94240531030546,2.86355995376711,2.47981871253499,0.757716939631405,0,0.428790938403947,0.52602944640592,1.62861289990339,1.11142976179474,0.686474987976932,0.247484872535514,0,0.250992155302576,0,0,0,0.20440915623139,0.493537028912764,0.72139442099239,0.844880638091399,1.04535213875085,0.45786778572473,0.921039444641126,1.25911416980797,0.382674023905117,0.183654007206432,0.329087895429563,0.557384727579718,0.825008413848628,1.30087259968961,0.533389138146786,1.24818105652669,2.72215032153164,3.0950344880988,3.18213296535435,3.10574296419734,2.78651013471484,2.87042410619578,2.75290887065001,2.40540338634432,2.76544452768374,3.0169162831991,3.03871512449052,2.85525682963636,2.9465262695706,2.80071444994542,3.22700666223007,2.83592730715988,2.84753961533215,2.8962102278691,2.88061320167098,2.74358464033891,2.9412919289987,2.80078127312447,3.04338371329469,2.52471213280982,2.77396281368517,2.84960185371924,2.81560629965039,2.60354117915835,2.87614323986655,2.71949776822854,2.60082126484393,1.20258185350978,0.671514878751768,0.360049247097593,0.41475515603885,0.402259960687413,0.158370340265255,0,0,0,0,0,1.02539623406053,0,0.898574711080455,0.399581150991342,0,1.19652515977119,1.0387207265842,0.520518486655762,0.277631744726185,1.04461356182678,0.81841325806715,0.495854121661552,0.797552233428325,0.756028097159481,0,1.17594362886069,2.44511711033293,2.12473753316637,2.91144810614755,2.9094606039578,2.82205130154208,2.97049651242944,2.8189593054518,2.96488639436644,2.95843011779019,2.97178278523289,2.91474454899097,3.02435856569818,2.94103844960455,3.08217599095028,3.10158667267296,3.02610625997928,3.042229353553,2.68415357281834,2.8004956863437,2.78242764167483,3.0721237117968,2.95168108536192,2.8180758216732,2.94939508151908,2.97965369578207,3.05147439886651,2.94183032958964,2.90088300297756,3.022943654266,2.85830757947918,2.89804227820691,2.88750651218971,2.95117938117124,0.763092953522282,1.33513262748847,0.752406160963242,1.01635323503499,1.52881338639259,1.19416484509122,0.845181317615558,0.881077955966186,0.179901962855351,0,0.401524033810969,0.0675651840753698,0,0.314080543955215,0.6768145349785,0,0,0,1.19049233615226,0.566108955429453,0,0.829599299576888,0.417130155286065,0,0,0.126632655659725,0.851090665873529,1.93567222607004,2.7222752446804,3.00041626807892,2.92214493822915,3.05323672089392,2.68353889584138,2.23259171104762,2.76908258476473,2.78904013938409,2.99872780345187,2.8770444623376,2.92661261920847,2.90956961855114,3.25363658310042,2.76950900200369,2.82071197760821,2.90462526046564,3.05171081080569,2.79998497200864,2.9090899328258,3.11908643452153,3.04606886633741,2.96029677595928,3.06519771822088,2.89906718002142,2.65549290968898,2.96248568242232,2.67723356569622,2.72201883553326,2.9034744159896,2.78626969879931,2.93459064032113
1174,"P737470",1,19737,2.43449017139639,1.75111105651383,2.24707238709624,2.10449996392368,1.08010881467484,0.588897151512296,0.852285420453207,1.38679425951488,0.496523843118259,0.602675289401622,1.35866620233573,1.03425151000325,1.3478133751301,0,1.36914817481706,1.19301294326322,0.456158228165068,0.657001744305739,0.433080272358042,2.47729445009919,0.466873754174255,0,0.136277616420151,0.773343748079422,1.14262915321851,0.89649609442948,0.422649947861075,0,1.34443012864839,1.65708460336463,3.34098728184184,3.36165929351239,2.90103688935565,2.657879052704,3.00508837849282,2.93401645234287,2.46767571932797,2.92396769502912,2.74650140656463,3.16315169545569,3.07111799975234,3.16179738408047,2.80813684840799,3.25091698543739,3.32366821652766,2.83890304455095,2.85405348379423,2.93926773394928,2.9399024156193,2.96295080965145,2.97924710588148,2.85612533594487,2.64624570495192,3.15218027524042,3.09149688427279,2.92557803818233,2.77714084273897,2.92213954524388,2.69178531781233,2.74109806720467,2.65281932370878,1.05570477139725,1.09292951896014,0.45234871099358,0,0,0.656483182338312,0.898533998247477,0.658038000483122,0.715886669393902,1.3640487370581,0.372941910984,0.706063417123718,1.08112695879915,0.58389018504902,1.40093663794487,0.704581559128441,1.51710330457826,1.90330087125754,0.984323141909603,0.901380128019805,2.45427560721782,2.03326669656928,2.16470137337038,2.50364664050541,2.96279579784936,2.16102152262939,0.618962278775674,1.20776560726745,1.38228632784331,2.43929890882355,2.97220772069603,3.08708007288761,2.74900020866868,2.86550970507997,2.77333844637161,3.12526822774501,2.67104038668413,2.97169573724294,2.89718187097889,3.12982598218082,2.86642055747774,2.98254573165628,3.11883446562869,3.0518762940897,2.86454101873907,2.86795572262137,2.86345722488269,3.01666169814997,2.93492014327845,2.8387859968715,2.8380838276835,3.1065130486532,2.81994929496396,2.89679550905889,3.00131662756979,3.00864848658187,2.88340308858007,2.99413101281939,2.94470209591779,2.19232373536714,1.12590313096269,0.910674969687823,1.50983853251431,0.934523501633526,1.00173423190354,0.464991092214525,0.358373496575679,0.544647158965292,1.38278823710299,1.38953909413653,0.735727634035538,1.00978107669861,1.45931244765082,0.851858863984472,0.370873663996705,0,1.0228105817674,0.884593665999909,1.62865215530735,1.44691898293633,0.682086225727339,1.91971281689572,1.05361493337809,1.27452444557984,0.651804232431453,0.620576495416032,1.94733769968605,1.26947961081544,1.82873408485031,2.74932009334818,3.3546297205344,2.84228967464266,2.88920441523636,3.07574422842594,2.95886077522813,2.88686560064926,2.99543222644628,2.78950732209804,2.78123869927184,2.56671702513203,2.68334757647085,2.81403051308807,2.73215728786521,2.80970382726089,2.95667951981311,2.97046576704134,2.9164184616723,2.85698733666528,2.79239133083646,2.83960465288259,2.98467133680166,2.69746101612576,2.75607816478026,2.77021086088893,2.56602573302315,2.78975309465782,2.71945165072967,2.85099547405627,2.8073523724709,2.28493015350868,1.17464698061548,0.832909102203051,0.694646067158384,0.570414411673475,0.473746619384397,0.542324307459216,0.558472291964011,1.81596419426751,0.50016903692661,0.889125050866223,0,0,1.29280748713607,0.858237786680336,0,0,0.466873754174255,1.02568307821258,0.876717955563727,0.917090401753269,1.43436999071383,0.355574328804245,1.58370976455857,1.63783099731746,1.44172905041419,1.82212699659296,1.2652560410848,0.556754558386982,0.66114037236238,2.30028249153384,2.85687240050266,2.88825840930223,2.61263999811234,2.78105281034469,2.59061709076801,2.88580580652344,2.84612959446463,2.78445556081295,2.64624570495192,2.66750596538449,2.65324198475526,2.86454101873907,2.79654934583458,2.86334311163631,2.77900557061059,2.97399776581392,2.86613598570861,2.92868394247218,2.856642570738,2.91104543549365,3.07555955967768,2.85549271121426,2.83521132801939,3.01538784654827,3.06469847677255,2.52772667362051,2.42374022401291,2.89502754918181,2.73248262059316
1174,"P737470",1,19738,1.56140245654142,1.1625568827283,1.20695835871596,1.4658908101288,0.777120613837409,0.537720679792415,1.25661267441422,1.87972455552582,1.37732928287436,0.574419951385243,0.11386425882982,1.1824017991376,0.401858611174085,1.15672396443548,0.474244611677025,0.754289306037656,0.139240062144329,1.04777500594716,1.45032492495514,1.37851414670927,1.97657791044858,0.992770182316149,1.76481639687727,1.29448057135203,1.96452158467945,2.02219636758747,1.80840351037754,0.942854778397129,0.486676372311199,1.46586774220181,2.55548935327625,3.04554569815176,2.42113227916286,2.7794339926628,2.59485912076813,2.98688827849178,2.86341159160746,3.03575554372232,2.56140463519026,2.61638075039,2.91324701206465,2.25668772998334,2.8673476347414,2.55556699422767,3.07091862188122,2.8088181879228,2.79296715772587,2.92841655362011,2.42253465583484,2.67313434985485,2.28847602392509,2.21206943208174,2.81048042849125,2.96475747097599,2.84257525389908,2.77534742489062,2.73351651948163,2.87826542645707,2.79610991781674,2.94128663199688,2.23489493682983,1.11491205903707,1.00686242369955,0.586118609393532,0.632122466824049,0.912322887987587,1.01425196000688,0.459384948230125,0.699775164694891,0.56650627744122,1.27107987084199,0.649404272855671,0.917729710886243,0.513661594220229,0.650083077361523,0.666392452581185,0.404531350975595,0.7990375382743,0.582829966977978,0,0.432366667711361,0,0.642274841631818,0.56502969126211,0.62218809456289,0.127953361871732,0,1.44045102833501,0.409523511708941,0,1.70683683157178,3.19274129912079,2.95612829671417,2.98928150839191,3.13592024032827,3.03498183723165,3.00491002932059,2.97889633405706,2.91915896994776,3.09947048251521,2.94503354254351,3.0298486037329,2.96442219874874,2.97052727521011,2.74003324387641,2.98313320685085,2.96238226212273,2.99452653653104,2.83158260505331,2.87606430443847,3.02158031820676,2.97771086488908,3.0994569630969,2.86862591190951,3.00768058137202,2.73249562797846,2.86178366493533,2.78503593150197,2.93699558426165,2.71254674077428,2.52314130612194,1.98083596308057,0.507239192650332,0.214869410044358,0.672536233129825,0.198522938155275,0.768115489022128,0.376516796165459,0.0542987725436251,0.247016312317658,0.740793831708584,0,0.565086501224508,0,0.654354371196714,0.350304694327516,0.339396528749745,0.542091709674637,0.221862726429927,0.983911976898294,1.68832303117409,0,0.505129441824204,0.137585666978149,0,0.56457489707599,0.517006476372351,0.495732290056927,0.835080676965787,0.448588457148707,3.07967353906943,3.24687614833621,2.81588762477371,3.22339756498243,2.75845808925827,2.95163929605085,2.79579243688704,2.56598728193062,2.68382582908189,2.74863539085303,2.79708010674964,2.86208656971741,2.83602116690533,2.93123639727941,2.95755781940701,2.92979542362741,2.9265322416978,2.9129102785445,3.03688861387734,2.83598594850554,3.08100588099284,2.52066785594359,2.94324878330544,2.93821969527723,2.92324758075527,2.81934704562571,2.71350859977082,2.84879138040428,2.73976203877808,2.61932829785948,2.48867453698892,0.936132579426192,0.893595104859896,1.86133217928152,0.370735632079631,0.620791504065765,0.60190870079172,0.845911183791629,0.614753102585405,0,0,0,0,0,0,0,0,0,0,0.296170930752072,1.01359889945892,2.02431192936904,1.36713704220145,0.529038745571911,1.35304774503228,0.171597596684332,0,0.399514103510133,0,1.34755355866363,3.17190159535786,3.38409533163608,3.13758331769246,2.91425102211574,2.70240095809478,2.99071973532469,2.98381654351623,2.81455807284068,2.90304114441301,2.77310107989359,2.81359867879225,2.7739440474587,2.74416992495653,2.74463284046642,3.05304317319141,2.93688419865512,2.87392050151707,2.90371568415199,2.94047849803928,2.97979597664532,2.94329619603846,3.06995345099965,2.93341527693971,2.86713724999296,2.71463515318993,2.91358358823219,2.9837153651279,2.95965940834183,2.86954524874361,2.88322966754278
1174,"P737470",1,19842,2.81996720462076,2.15485622681473,2.22896007032013,2.04020682443642,1.56343588463772,1.37892983067947,1.29065038803082,1.22473084423989,0.531245701260499,0.668572696280509,0.709389552469861,0.742817916400414,0.622402790607481,0.607126214161881,0.0255215381829621,0.484368692836386,0.0314017636940475,0.972292921335684,0.109706060344435,0.471471293965074,1.26463509556837,0.806341906365423,0.530216394584814,0,0.0956283096266868,0,0.720519117192124,0.934543131642963,0.367209268260275,1.19595072138493,3.1426274076583,3.14562533423991,2.79910588368233,2.66282966594333,2.95602422920696,2.8345653828493,2.79665005835657,2.89562458119589,2.96110201275827,3.27928584514303,2.76152774706686,2.94030412391766,3.06949376626257,2.63857862040856,3.01241237717425,3.17832251582928,3.00588062211784,3.11331526343215,2.87193334428734,3.30431747524755,3.23064033427349,3.11989049950365,3.24248488738449,2.98753626867576,2.97767521459041,3.2572846702165,2.77842169440371,3.07973559242013,2.95340395894265,2.75533766142869,2.70754338433589,0.97397458087601,0.86882167799151,0.637185114733131,0.713954227634456,0.375761623920831,0.514767849339345,1.10167424711149,0.0860400744112708,0.283335148274268,0.0529244638958221,0.199752096062016,0.858407365552006,0.853542604298843,0.673225031566594,0.755581914769656,0.565597847153721,0.185026226625193,1.28851615679539,2.07516366971713,1.44718952241106,1.04135386585566,0.831103162094481,0.057938665797937,0.888857867301524,0.581489097044349,1.29647905545429,1.02895848957814,0.152120048634203,1.89620206615207,3.50665889038323,3.1789721863137,3.06918016804273,3.20073832660723,2.72842127485545,2.65602682091889,2.79472010982356,2.74132053954906,3.03856905640613,3.00950452762299,3.21005101168656,3.16321721631954,3.25627953206596,3.10917033059596,3.008949542982,3.19575455610836,3.18629894567017,3.31636542460474,3.21805949702374,3.02106370141979,3.18115109077852,2.93367334202514,2.88518054938392,3.00710734153239,2.89399297510319,3.26149267815484,2.8403583492394,2.89838951766927,2.70242444082187,2.79725695187186,2.54368248911272,1.32920802703337,0.649560962508052,1.43051457922939,0.481592472973474,0.900141030232756,0.655678922801591,0.820990561733206,0.523870175842868,1.63277351704411,1.0512760661619,0.413102536854175,0.9279821263455,1.13786506373476,0.723991544135534,0.549132449040545,0.427226604633165,0.427911302579659,1.26220399408806,0.459890155715331,1.24537862172798,0.913266164404363,0.647286484273981,0.859699223351374,1.36264182819773,1.47155420307295,1.39465928546658,1.25688306159813,0.934700223972538,0,3.15487477726715,3.14340848659491,2.96198414006952,2.96505398947388,2.83628213838447,2.88388409890106,2.89913877479175,3.00716910996399,2.71687117843178,2.78835133652567,2.87620520652974,2.91200278768696,2.85057933914033,3.12906489965514,3.27359886009421,2.89398745849176,2.84354802801413,2.87098221366002,2.88527267024391,2.9628474294391,2.8907605734647,2.9836723661898,3.05297942930857,3.10394294428701,2.81028183099809,3.0397371823581,2.95199978104071,3.08270554749887,2.93447901343327,2.9479381388873,2.59695470530552,1.31478492452727,1.49355556227052,1.08453025156449,0.883870819093631,1.21313071510788,1.21784611958331,0.995674746487751,0.529333289185029,0.547514296341337,0.864871112835104,0.668828878368567,0.430840415338179,0.417755941738246,0.494879146311239,0.0861318227160375,0.65477010802624,1.0793955045991,0.825402741310499,0.714884182697605,0.732223642791535,0.965956709767569,0.0647103819498022,0.633450252808302,1.21124131115907,0.0127681392423694,0.432399101797821,1.27802685321561,0.453079976806419,1.08068588724563,3.26709249037893,3.10147193709661,3.18618113737286,2.89997826205562,2.68421166997233,2.84345775743033,2.67668680731411,2.57359650083498,2.82676023968992,2.85128728860627,2.44648626640517,2.81730512531674,2.91452223157505,2.81112410668458,2.76640402686964,2.95107482974914,2.81350571227643,2.87433835465264,2.91133114277629,2.85699020031353,2.91584998765562,2.54862842334534,2.83293387071893,2.8211615896802,2.8835988954256,2.90568446220627,2.89296282742891,2.7923515454048,2.89579313421821,2.69744416307392
1174,"P737470",1,19843,3.24851228836749,2.65990981443292,2.3959843981653,1.53061114303256,1.55561508802377,0.404130882389343,0,0,0.954741937336575,0,0.160416717141177,0,1.45161383673261,0,0.486737812410713,0.531216298836692,0.107059070526154,0.573800409495346,0.832909102203051,0.990284423473139,1.07500240512724,1.36174551800844,0.979828765565635,0.79027388955986,1.17124300157899,0.731887007041003,0,0,0,0.587230968751349,3.36584651068237,3.32582704131945,3.07162795014831,3.22791488724698,2.9117526564396,2.93316512544727,2.94164560905957,3.09553240075009,3.01798287316192,2.77446197970994,2.71237416055451,2.99403084286772,2.592863811411,3.04965212873619,2.95735521573021,2.95407662393653,2.9248805565365,2.79024442935835,2.84048102036144,3.06109856912394,2.87621647293591,3.10045257109801,2.82018771354254,2.67676588561014,2.55326598552002,3.06329747094765,3.08676057817057,3.02538816994152,2.89591195934746,2.94196223396705,2.89397636776708,2.00229046884175,0.934916215842133,1.46000939761332,1.58103841632718,0.917090401753269,0.743364889691579,0.81933922933484,0.963937377339666,1.1184149216131,1.43603645210731,1.02281056033459,0.409457117662579,0.892407785159782,1.26158108831711,0,0.591114451826441,1.00136690528035,0.298622005061644,1.46394959509647,1.29390490770799,0.839409712255458,0.486737812410713,0.639218852059454,1.07568477768176,0.789820044876611,0,0.454255264708753,1.34781339932658,0,2.99177442795473,3.37362058173678,2.98431735877737,2.93826206619716,3.06095801612191,3.05833136192052,2.65105647325522,2.58618384331183,2.99076998287428,2.81313071693142,2.83901998092789,2.81241022215423,2.83656070002955,2.96439641253116,2.85928233363888,2.81624670504503,3.19585282723531,3.06497846924947,2.94480733076311,2.85307364443602,2.82601098585287,2.88931564187938,2.8210811992153,2.8447349238269,2.82843724547815,2.80002149007953,2.99877764904405,2.76178049773517,2.63217658882565,2.84578110565415,2.84112314085588,1.24069037988378,0.786182070423303,0.986562777925613,1.2427126078711,0.537662284961236,0.328584062742321,0.453620150601103,1.35892315403231,0.347129525197922,0,0.083421605836041,0,0,0,0,0.0276151678737004,0,0,0,0.293415597365667,0,0,0.0601539218656238,0.266203046255543,0.586674923850035,0.999160195300039,0.400117510890054,1.23750429528143,0.456158228165068,3.14690707823074,3.26040155120332,3.11702028115155,2.82078349721751,2.85767640264839,2.82967767852744,2.79098103758052,3.2718476785205,3.05912949702259,2.79868281179587,2.72857154699538,2.95683548254164,2.88881497146793,2.77140049834226,2.98203894265138,3.0372579998891,2.84357128231987,3.01165483897858,2.78704622448345,2.61965602908666,2.74341734248474,2.68334760905505,2.89203702240497,2.95407659908055,2.78698459476816,2.80275412269147,2.77402520502456,2.75021527217307,3.06184763594817,2.77900560022228,3.22561306548642,1.67353883229496,0.837680326752903,0.501986681160275,0.441475550230913,0.610851941975023,0.609765557367609,0.704087098430777,1.24789399218818,0.552159480670544,0.494696233113476,0,0.590006432741962,0.631803540939321,1.10790237399933,0.730924555454645,0.587230968751349,0.640800701192662,0.831168480118775,0,1.14103302207164,0.308219724720403,0,0.881699271308689,0.653886455200242,0,0.440832264832947,0.976444643917921,0.247641013794761,0.531216298836692,2.98249504619214,2.81630652900086,3.02669786187191,2.98046635334355,2.67297555058433,2.68539551287867,2.27264123332624,2.25643641459682,2.76795300126057,3.07070058063369,2.69692185077198,2.83391900334667,2.64126917719941,2.80426905075832,2.77265121575707,2.79758615013578,2.81702419446936,2.76858069270346,2.86590828897543,2.52059552011042,2.89214798733774,2.7608323993268,2.85422625984347,2.99097099693732,2.80819717386537,2.92927189340016,2.71330304713068,2.69070056975372,2.67545814017989,2.83796675386229
1174,"P737470",1,19902,2.06617896344995,1.95984125587599,1.9165107557047,1.79835434011,1.55130017641629,0.72081099562788,0.780608454014349,0.989392469187681,1.04893173252321,0.915330278377571,0.548699262558347,1.41733263158143,1.06959537503888,0.88562531653073,1.04091255463027,0.736206678355909,0.879128716723995,0.711772619186738,0.673556553765158,0.736829093376997,0.941919493404236,1.11373074862137,1.07956538031634,1.08261840358942,1.41378794042964,1.1423739355294,0.840963565084587,0.918767664718638,1.24674488136716,1.27452446307631,3.28282669837291,3.24037895978072,3.3301738841015,3.19465281649503,3.02518913276849,2.81666540615349,3.04443198102941,3.11799857624236,3.10876180310973,3.09621540134131,3.11029679756166,3.01015771941956,3.06663800485206,3.07379456286838,3.10283176008597,2.92128345238585,2.88712204087107,3.11651967431697,2.93767932330679,3.00726553378459,3.25636426909548,3.12275248542617,3.14170962730532,3.04221503071507,3.08699337378906,2.98543443581412,3.05534461776635,3.20854264701487,3.26107670654329,2.99144812149127,2.82657372058093,1.27469217184994,0.631484524402672,0.75574631231704,0.615834062672026,1.15231102292265,0.62711420533282,0,0.958238500858706,0.758138723821625,0,0,0.617938590058721,0.775372131180685,0.727741825140194,0.725614382064451,1.35338370185136,0.970058954765118,1.42269861272916,1.63067090661858,1.0322587839058,0.558014499909321,1.07544598906611,0.930193623876045,1.72187332770167,1.54992142517351,1.77740693849465,1.8249685670418,1.47818961889179,0.934209250802139,3.01110352020479,3.06893626718626,2.95482174234877,2.99474180966146,3.01747419755738,2.93960098511717,3.03188577460568,2.97568257850716,3.1810783995076,3.04595947970401,2.97253018978357,3.10817666623164,3.1882723091653,3.18732739828532,3.11502531321834,2.93522297769072,3.05635691893179,3.19458315379591,2.95828479065062,3.1520862245888,2.98597483176369,3.1059444962125,3.09480808139919,3.00598947992649,3.02549011003828,3.07239696063936,2.97507030066663,3.03098839378029,3.08286365729478,3.19833430920561,2.6337001284928,0.787001736800062,1.08559460327746,0.629621472998402,1.10167424314999,0.969679819184726,0.704186027816644,0.876593117836051,0.675186860935874,0.132956232978436,0.910071447606145,0.68979156712873,0.908419843107052,0,0.710250078879506,1.16011493748929,2.27652857364788,1.56207374682666,0.751180212176141,1.11442004772354,0.752264781986675,1.24201977741178,1.55072771051269,2.33828037697789,1.28890200819941,0,0,1.16024034917414,1.08616850463546,1.50009166919568,3.15774480539916,3.05764075544318,2.93861680919749,3.04960473983177,3.11252815492467,2.90571457689169,2.96438605800425,2.96858201907947,3.08543128803843,2.97891159599822,3.0485428831858,3.05638512092692,2.89002723934066,3.11655072106289,3.09772912910631,2.99757056364401,3.17866615407696,2.96570083513767,2.87874891816197,3.311411261372,3.03544325197351,3.00466721908582,2.7973118083308,2.80282691795344,2.88877047062816,2.97598354545909,2.89721495671493,2.87549500828556,3.08172189890972,3.16141193053954,2.89941409058615,1.42995230255779,0.746024201572068,0.397500128756747,0.682844311743149,0.954664948483024,0.886408657681236,0.981029252787259,1.2276795343131,0.93483768065665,1.33236599959308,0.822419526320404,1.16393176521142,1.03460697512901,1.19891001063047,1.05200974463189,1.36343508262201,0.620253860476292,1.5900919898644,0.343518772981313,1.83094813443713,0.370321403453729,1.56123457010298,1.84446258347872,1.62580326511307,1.11994967801829,1.89122766106969,0.914969881399935,0.142367242682694,0.886655928414475,3.21750287734428,2.97650358752386,2.89376042551465,3.00306531324299,3.00260359136214,2.91119781145345,2.94700411328017,2.98952303170041,3.05702491291249,2.83796089701978,3.07745973298771,3.04360772966775,2.82658555390775,2.88302259084684,3.08290029001033,3.15857363234046,2.94124442114035,2.87770860079109,3.04059092182555,2.84367606468924,3.01504950191362,2.96936261134237,2.94344373902549,3.19594693134586,2.946904357951,3.21440987871387,3.12350525086042,3.05139398510116,3.02410588882649,3.10297104075783
1174,"P737470",1,19903,2.48657192752025,1.86050787351166,2.47283410426825,2.18086931772243,1.84530026176819,1.8448261747902,0.511025601194251,0.446607066388169,0.695644058380293,0.824175430418003,1.02997649061755,1.07738864426108,1.29855542364676,1.22553855256067,1.14676733116105,1.11382925572533,0.898533998247477,0.867940458121362,1.42959329647419,1.0299764959375,1.72935200283973,1.95924933699294,2.14218157228474,1.58923522457932,2.20684483519621,1.33684145685891,1.55202064489726,2.0774395200169,2.42303120654485,2.43229669867804,3.24582926999527,3.04261586127283,3.27959458000671,2.89114922997334,3.07107161064158,3.09806321412147,3.29787180712506,3.16171274811096,3.22043461070334,3.32532377795934,3.27124052176074,3.25045204703834,3.11146875063052,2.97425323213307,3.26331366203849,2.95994963985592,3.16918121624393,3.05725061604338,3.23863926660193,2.92606061543749,3.05206534310812,3.15188096093874,3.03912695989115,2.90279427266194,3.26808497299406,2.67345874053674,2.89131574117744,3.15602120824672,3.11053311419834,3.1836216076226,2.64921981093923,1.32972400206265,1.52496877500566,1.3576376581265,0.930588041839743,0.608133812981909,1.08552705765453,0.272314590417916,1.01087338373027,0.699626152342746,0.17395330511992,0.962792549503555,0.739553567030535,1.31130137282697,1.62472056376589,0.778407012250493,1.33500105418399,0.985443575789241,0.684610839678696,0.70507577545555,1.2703222117749,0.905027540752815,0.716375331371258,0.0573250669569728,1.01378034674975,1.13526560263874,2.68252722613077,2.69927852593625,1.48772216409027,1.13494423753464,2.86300054400207,2.90772042539035,2.93263268857487,2.65507126451274,3.00657332300531,3.14565979906675,2.97878955456963,2.99872775591078,3.14892535683423,2.98193755402289,2.86664812404873,2.94006100421092,2.99373027279449,3.13126788019694,2.90334283158252,3.22242951203825,2.94185668669548,2.88725579089339,3.15068264367991,3.01641687558297,2.93295220502509,3.03658627287215,2.8935887783381,2.75639579368214,2.88507998853675,3.0224715618299,2.93534513984881,3.14836753438626,2.86812615414952,2.84879717691835,2.83462412301865,1.22348124995143,1.14231016401759,1.73659905334791,0.508021696720162,0.597186773930604,0.818016176915139,0.455524321889911,0.559044203397587,0.620576495416032,1.71145287022132,1.39451051399949,2.20783477783671,0.448524587824812,0.334327090856036,0.717351881358046,1.5513849925072,2.19644650032586,1.18631789820704,1.47453414036489,1.8418186830098,2.08902050441673,2.14803432835927,1.29170893461632,0.711968928717231,0.511025601194251,0.849723481893859,0.609765557367609,0.740507753284123,1.20537184295319,3.30575054529632,3.14410917947467,2.96465429397895,2.50119000250309,2.76102211505258,3.00652383500956,3.12627796490716,2.98214029683312,3.2588270240965,2.84316367935283,3.2510718984097,3.25021945053847,2.9544935209658,2.85698730927501,2.9941309769993,3.14121691836295,2.86761475884923,2.88803570829493,3.00136634429058,3.05654509930992,3.07389631322111,2.94549105611443,2.93736135689137,2.63848576211706,3.02373646217395,2.75969346927343,2.85825021622661,2.85583781888994,2.63469067605256,2.95730323722205,2.7864299914851,1.0331844629825,0.917090419620369,0.909064696100143,0,0.723191296818356,0.603222477988143,1.08990784034187,0.267734443215668,0.343589701853709,0.532391407000519,2.22483972870139,0.735727653670512,0.531216298836692,0.601031892174987,0.640800701192662,1.30643915704597,1.63119939535073,0.923067700239663,0.492865313244645,0,1.09627623408821,1.46533656757865,0.792087123609766,2.2414540998836,1.89100132892137,1.33579022192459,0.519388851022525,1.08990784034187,0.784358053649025,3.19203894673249,3.34993920529638,2.91213324470091,2.79098106683973,2.71330304713068,2.59883041043129,2.25181798798047,2.65338279291053,2.63669743901015,2.942120496257,2.90186106800024,2.84269764783189,2.81558836239272,3.01666172733503,3.11324862631479,3.00953654851055,3.0719986086836,3.08319353062449,2.97471288763042,2.79183974811431,2.87491966549761,2.88608476976969,2.8250032522755,2.90054207427793,2.92079317373253,2.98446908243265,2.78587508044656,2.91625607866059,3.02950549693776,2.7410335347528
1174,"P737470",5,19737,1.86956891241651,1.36695865437088,1.82731963968735,1.41108455047562,0.677830469378778,0.832517739270051,0.644796925574358,0.751840506822047,0.650448424708088,0.990581557850398,0.920601443300103,1.04295864292833,1.40947364482985,1.99401980337729,1.00901574961061,0.755182578537842,1.7744946016979,1.53294553385794,1.82126971777468,1.07254205482111,1.44677779410927,1.11448563453911,1.18230984092136,0.967895964333467,1.63133634951526,1.128688765204,1.55778665193431,1.8951580792416,1.48939231064998,0.83664127096597,3.00104311888424,3.13095344677263,3.18511216827924,3.11790566995007,2.91665661057074,2.36361435436122,2.48426477499417,2.82658553696629,3.23361070640028,3.09715101151495,3.38052855471932,3.14780505816641,3.23521364929225,3.14124718506792,2.95414958352253,3.02588315653643,3.02178980657248,3.2839254491769,3.11223893227756,3.15507518755532,3.07654697376119,3.02691597565208,3.10900741329781,2.98215045222902,2.97311853768722,3.10308331735272,2.92861441203224,2.93303739386494,3.08555014097746,3.11489212894566,2.43296403070782,1.83118846803255,1.37444948183027,1.08170345439864,1.65752305373087,0.772004555610273,1.2386060886901,0.835991328888423,0.226896494710929,0.53233266600068,0.692196714418856,0.432950563929641,0.367209263099521,0,0.154007814318839,0.800116396929781,0.878547307195969,0.579306353556427,0.331675038295574,1.7839624935921,1.32718110601135,0,0.606771953376385,0.224742273534842,1.35482950982635,0.43993095798069,0,0.271095259193556,1.37467714561184,1.10651431480295,2.85619430142357,3.56894660002082,3.24772368431254,3.03909341726934,2.66498958813649,3.16906355353752,2.74611638770943,3.13530292581098,3.2321907834842,3.17048777977397,3.28428148335169,3.04325496459156,3.05821399781524,3.26058959510018,3.22342945387219,2.92809026553334,3.07929646031475,2.87455287430948,3.11423950561131,2.95576927982116,2.87752288708811,3.13588545994352,3.02064926286271,2.9438809089411,2.91409371038408,3.02825753135468,3.16584629955694,2.95899569229445,2.86669930854094,2.79911500176437,2.52881188747641,0.734049190876043,1.37510701415326,1.36463650652393,0.549623162162416,0.835167441273331,1.33676269561942,1.84462067732994,1.26677855378465,1.14358562566718,1.65423920893925,0,0.486922214452816,0,0,0.957586228776415,0.389742157912074,1.18897085024976,0.383355840183708,0.79971195797173,0.82457007907048,0.539587988791966,0.633874764718364,0.718034896463072,0.0379699325169434,0.942582046422925,0.868276254645346,0.517423808391081,1.76507317670372,2.62768575560744,3.04406996223049,3.29873634507869,3.39551121350461,3.03222813076162,2.97638126400022,3.13878445509658,2.96875155685191,2.89538692394983,2.88401268876308,3.05871645942346,3.19591419781281,3.19019649215658,2.89063838028451,2.89957926206044,3.03330741644791,2.91999526335505,2.92646790756917,3.22820811411998,3.1996604079237,3.16953008160767,2.92961918096049,3.12847396707312,3.02115143013707,2.80902311553101,2.76765784772507,2.88008008870421,3.00032173398064,3.00894956474614,2.71550237553201,2.94127081131679,2.55563690434158,1.82564548665367,1.43231878385689,1.22806037412077,1.44680134870554,0.817265642264606,1.17455431844449,0.967820006225883,1.20342266099994,1.71988747383015,0.690744320195363,0.742556178669625,0.749669291564268,1.31151691732028,1.06502104971197,0.893963300746795,1.37242359714816,0.330382303525862,2.08701283207452,0.78083748569342,0.309468023884065,1.02761742964628,1.15366851553674,1.34638342072462,1.00279863800513,0.825358961662792,0.983687658314965,1.08542569442735,1.64750411319465,1.53710374247225,2.77612620443663,3.28216982384041,3.02045904454675,2.84022401210467,2.85300444002146,2.94059477843096,2.84380996111848,3.33186519660072,2.99673676518305,2.76086401307297,2.96297663070856,3.04857136690697,3.06630720539495,2.88858124034772,2.98306234852303,2.98587385226056,3.0448319059679,3.03041870461408,2.79629911613735,3.09647767255919,3.06033484788921,3.02876562437475,2.94171423934352,2.89792646263418,2.90812437702865,2.82783418412521,2.86957931839406,3.14922991675105,2.81999104008292,3.20727277551609
1174,"P737470",5,19738,2.23668031111209,1.89516556652288,1.18355068162184,1.42504623789727,1.84440724359456,1.34973412578656,0.585255694628389,0.225780077971365,1.02336777279828,1.18795013300366,0.612045582445406,1.35929565655935,1.91355664539795,1.72921898447492,1.97879906587048,2.1637424993882,1.65926564215808,1.58837771548701,1.46391489578042,2.15871470220139,2.05624965883075,1.65029191289663,2.72066693155505,1.85694620891254,1.65717991737528,1.82500887282997,1.76568071782814,2.70068647840735,2.88698547134371,2.77140989346132,3.08722155978314,3.43195448310699,3.32673421811049,2.93543805774059,2.79167416680495,2.91040581123318,2.91000009667198,2.99587474771135,3.04630418864463,2.8555186224233,3.00096108631667,2.8072558144705,2.93125241565338,3.0309787696222,2.9349573178964,3.01849130296509,2.89699975222854,2.85155007501309,2.94121274672196,2.74737987172335,2.67596421600981,2.69615304837843,2.85303901257891,2.97227683467648,3.10790406198454,2.72108818612596,2.69449542971696,2.82826876916247,3.01350588616728,2.85235256394429,2.2740415799753,0.734241149610253,0.623475506467074,0.568547225704493,0.71964304003367,0.694196651916637,1.05253344099974,1.01121900707289,1.14552767450432,0.985910071886181,0.961913981592201,0.606853731374991,2.29272160295445,2.6227791490574,2.04880190433698,1.37412053784115,1.77243221987937,2.48189793632972,1.35515194739369,1.21211951678734,1.67165184693591,2.97737477231916,2.83035339324911,3.08493980065642,2.32191702033941,2.24842454268763,2.23101929341468,2.09617575268718,2.85133057270475,2.78939977266064,2.61633324989987,3.14663839797316,2.93225186373465,2.99491695742935,3.15854393517683,2.93473682287603,2.57759217369635,2.8878546986511,3.03382976568969,2.90976035965183,2.76181212746405,3.0784130603831,3.01040413361061,2.92972331786349,2.83611207141168,2.98543189867426,3.10599598748333,2.86261792224609,3.07475140783362,3.00209448270427,2.87780983988913,3.12701052528138,3.03651188588951,3.15128838559754,2.9991713620971,3.05765488635039,3.15288556789541,2.94427580974718,2.87250475809038,3.05924452913526,2.42769676390893,2.73707487254641,0.953490186278469,0.984304467395101,1.15975444521765,0.51276373196062,1.09024400543867,1.71524729687824,0.885398451196052,1.00219314800984,0.601004491309116,0.585394920681322,0.728972730574473,0.700916920201869,2.19483841848354,0.410518998557391,0.479489743677545,0.68069496797364,0.933147840032115,0.923524521613924,0.919824487377058,2.04847316125881,1.28846101925461,1.5374261996123,1.1935436182312,1.24419782676805,2.6739279481255,2.24801804069319,1.95153000341263,0.800834988160457,2.91504812493904,3.04606649376793,3.17005316908301,2.90470191333599,2.69745427333272,2.89959849127549,2.98528033609947,3.07733298077407,2.69898589483533,3.05180536782383,2.61214850250543,2.85440771809095,2.99772034075116,2.85469275299736,3.02222084734405,2.95033472415011,3.02800341858967,2.92568526900244,2.92010315360683,2.95862471655652,3.14216104075421,2.92773709574062,3.06900828929524,3.03466930057635,2.96173586665866,2.64996901552424,2.70534656246923,2.72821224369891,2.90570363307964,2.87792800068618,2.31857653122129,0.999123400385684,1.195391109984,0.544850172730921,0.345077951715148,0.55161242498661,0.88196840343749,0.783216382660123,0.593658293923509,0.769552517262277,0.146046502680427,0.320814574076501,0,0,0.846340253612454,1.51312524690467,1.83244544075134,1.59946837674421,1.22966976550713,0.837290833466075,0.566733259931566,0.585895985977781,0.71988648044225,0.872861151536717,1.15934671105464,1.29409683806368,0.533594450123387,1.25021685344143,0.685442591659318,0.603413926538499,3.00881136345736,2.96723503699472,2.96132973384745,2.93067896959362,3.00779672600251,3.16466458554502,2.9650153091281,2.63085593727618,2.58799710659291,3.02610383378902,3.00748789931025,3.00351934144906,2.80564865629722,2.6191825612372,3.12471678488332,2.86721970206219,2.90297533665236,2.63669023282684,2.6538368619251,2.6975047849437,2.84005458848288,3.01700932516493,2.88088243027044,2.97626400582497,2.87666435156132,2.93768994925027,2.7371623016086,2.71252021826228,2.78200051676131,2.83892637435243
1174,"P737470",5,19842,2.90468003524291,2.20169234252015,2.55420727627279,2.63629278684969,2.21325647959039,0.873111783341084,0.614590872090106,1.07619625881161,1.57013557826078,2.04007680731415,1.74182490649245,0.512404379778565,1.55655385773011,0.25843347676934,0.362383623052121,0,0.178564504650577,0.0612832290503949,1.43603646486758,0.881326548181207,1.47428235032458,1.5358021544409,1.63076879206531,1.2198707790492,0.978758362244294,1.58815302171899,1.24530665779902,0.652689714683885,1.72658960346307,0.892653582904691,3.40883648182117,3.31483308827289,3.13440667550586,3.05235832044073,2.75336449338551,2.73650159270652,2.8699309312742,2.82462067076935,2.7373565348106,2.89896254208832,3.08742452584515,3.0521598632302,2.84749325720038,3.15854180056742,2.98791931765047,2.96648365117397,3.05148623488406,3.03026169866877,3.01828599480438,3.08233880215325,2.97957750335758,3.13714502493128,2.86043935369146,2.907420037966,2.93388346266526,2.83945558591803,2.87408429610032,2.70850674474323,2.9545404072805,2.92076623885406,2.5627700899908,2.1156288111711,0.908399680919118,1.06529678205417,1.4792608927113,0.810441195526896,1.67240330765931,0.84163181798636,1.63338879148749,1.83499453957493,2.23663759832356,0.98387461884548,1.17883961431433,0.0638664205968164,0.629328386318738,1.09507269566988,1.72489823539583,1.95409088351027,0.224422735403271,1.40075185161374,1.06701842226083,1.0255396930059,1.07431959715762,1.60399313425011,0.33493533506962,1.61901194148521,1.07146375232117,1.72561964224909,1.90067364102298,2.00207442132013,3.37919372602921,3.22244348217264,3.16629114777676,2.81421339724096,2.81952005154217,2.88384777139089,2.86630958642685,2.81239819733714,2.70165981163858,3.02292418309611,3.03876303339133,2.80951413260379,3.05584618121278,2.91362703988905,2.93238238249245,2.89134349828898,3.08295075121408,2.9977252739349,2.96047031179883,2.98230503074741,3.10373433883053,2.93107107503611,3.0159147527936,2.9718595775163,3.073854671237,2.96203072889744,2.78249263504607,2.92958448832544,3.10673234238731,2.91723005429621,2.78266593005419,1.17931630665527,0.902435198405868,0.760291673942353,1.30306222245353,2.07554647519216,1.91125956117223,1.49950026156976,1.03158176371645,2.07273787442742,2.10144149930661,1.23582024604682,0.0731110449558043,0.79349013285878,2.16402969727303,1.65733241612554,2.68943468191021,0.274634829870526,1.53200598775418,0,1.66944116042294,1.85894293426187,0.842019679371558,0.750212526936624,0.669776198178217,0.680213914241356,2.20590896657343,0.819206991013463,0.109706060344434,0.97442757634415,3.21043426140179,3.1859289455243,3.17770167675859,2.98597228335479,3.07581112006273,2.89623786262564,2.99230141035304,2.90858271868328,2.93822760267374,2.82751776145979,2.89307088855445,2.91124951971198,2.94145557969035,3.04131968527169,2.81238321175688,2.84972046616616,2.86033057711477,2.97224358108793,2.78449566015447,2.81975552236862,2.90490178589694,3.02919848604229,3.02738111271154,2.71422111106092,2.9074637621668,2.85592984211606,2.62017662918727,2.79045016116055,3.04017968103718,2.77235120677869,2.4616039149071,1.12367881705247,0.711306317340944,0.387708395716854,0.584419909406781,0.464425611136127,0.0271286679683469,0.533565104442908,1.12677856378691,2.3867009922411,1.12415005806899,0.241297763233475,0.542033550474217,0.373561550832804,1.33765543971214,0.572673027327399,0.0684994156232114,0.695120243126635,1.98666130649811,1.05464299427202,1.86307185829534,2.37939794600394,0.513302545871019,0.533477122543229,0,0,0.554373505733204,0.134574602409491,0.769251379842136,2.72556588641698,3.10873054553685,3.06967026995918,2.92765146755523,2.84718298356473,3.03073736203314,2.86649451347619,2.61939020938942,2.6961226661397,2.61099953908525,2.73502636488061,2.75289609722228,2.40447808742215,2.42021701707496,2.58011074575995,2.55941869490898,2.96474200561828,2.59426915061509,2.9382461609773,2.74935849322365,2.83253075155972,2.81833854010674,2.67249554949021,3.00105557422568,2.90227015867064,2.80282689915892,2.53970651261656,2.83276323752265,2.68138107277304,2.89489483203509,2.68722484177871
1174,"P737470",5,19843,2.97720675466883,2.43129927878939,2.88365760453438,2.03501280066392,1.88134114529722,1.9867573115415,1.75583000155535,1.09666041208809,0.814745167940918,0.772535820135834,1.0002089979583,0.160246345166085,0,0.0164637254091728,0.900811534599241,0.0433468034303344,0.156790048038096,0.784631866994231,0.852839642136526,0.0798272971299916,0.0204396786301096,1.29102166120591,1.00450303557866,0.224023167314068,0.953123993161154,0.882258153617518,0.875239543649503,0,0.0519755630842078,0.00866237283047245,3.57149976689297,3.33848117625073,3.18260183924429,3.15722593183376,2.88601786852401,2.99627211966648,2.93106843175894,3.13773081991372,3.06017548977378,3.03738030715821,3.22254506410641,3.26435190942395,3.07167661775645,3.17704710299014,3.08960960345849,3.14727241584337,3.00809059861422,3.03351686755806,2.88862022387548,3.27350984124695,3.19255648564845,2.90389108125723,3.04910005905716,3.21604578859097,2.93246226895066,3.07256137772835,3.14356159898424,3.21070249460288,3.07237382691493,3.16418940243767,2.97517235810406,1.50272094390808,0.0700389896240605,1.42398748548377,1.05027952456501,0.544299076754254,0.510845635825231,0.402527468122097,0.0420532375340212,0.796154926009909,0.597736983034384,0,0.93550493966521,0.859656903524255,0.490051330084961,0.061894401206855,0.387606583124109,1.90966102456669,1.05935158810493,0.693172165024805,0.777741063040605,1.46947443753511,0.725928949032532,0.430905418336492,0,0.649404258844969,0.695419597177047,0.0703186597089791,0.554919073979019,0.976350509047533,3.58062727022538,3.44739689652488,3.29638669703175,3.16993138155879,2.93643600102362,3.03209075025432,3.01448042861667,3.0682436407222,2.88999668693006,3.06762261013203,3.07488999702799,3.0178141500935,2.97010671275515,3.01432095910966,3.02405243973982,2.95719150896996,3.00386410321858,3.1090386494451,3.01912405323979,3.02322096127342,2.86729926687183,2.95656256341445,2.84407475078337,2.99344214675315,3.04962132292806,2.95429029232917,2.98811582320278,3.04706920468237,2.88378343225672,3.07713710753437,2.72274176569592,1.39521691349319,1.17142893562923,1.14554357318384,0.634272584292729,0.192271884352149,0.627167622682891,0.560843608199619,0.410850589292988,0.788343739328798,0.533594443131846,0.883519568389279,0.67942851857091,0.784107010684099,0.0438254808635637,0.379805363692203,0.616994811600715,0.521082830728457,0.223063547355808,0.77762619314135,0.883974112162853,0.553770177904726,0.371046179674844,0.090754362179796,0.456601723585749,0.288256904271763,0.565739847128274,0.631803544108096,0.737235830245809,0.747422277929524,3.38575035450212,3.34999884496803,3.33017744289977,2.85277664539829,3.02328663341936,2.95392017809538,2.92530177845862,3.20878711830024,2.9286117609786,2.72119343126083,2.88194186410365,2.88741741723153,2.98729930577076,2.94493620923143,2.9618729502609,2.89304320048578,2.81885488144352,3.00833007412575,3.07706339859419,2.94952079014903,3.16300997937602,3.26495185725929,2.8545862468017,3.15660672980795,3.09470844547566,2.97209000321281,3.1091814588877,3.2819651354012,2.79191634725146,2.96266659600758,2.96794987283266,1.78164178147027,0.575545369442359,0.620038700915997,1.07353375642545,0.920083512325871,0.679605919370037,1.48255863826682,0.591529660814028,0.635120746322209,0.476109945204152,0.329447621332676,0.657934418543675,0.555980623138793,0.74055546197614,0,0.463325112631126,0.911921193475012,0.798587673214097,1.24668740295036,0.675746669541574,0.553770148784167,0.0336281817176943,0.0231304171325908,0.384854158649848,0.652481421201803,0,0,0.0567110941972198,0.0613302544789,3.38268542576039,3.4274692469851,3.22687576045019,3.01677433562704,3.05458826463599,2.94450479684109,3.16966246783278,3.02247154964318,3.06905477643386,2.83130565654178,2.98478002469452,2.96138922614166,2.69208342179894,3.03363481553322,2.85404487167909,2.90953421031762,2.9664708110905,2.85899002081103,2.76261100418233,2.98783617132476,2.80440224229972,2.99898199475252,2.7912080368624,3.01304897266167,2.86789037177026,2.92766488861544,2.94037283561718,2.96654029385328,2.88163932332096,3.00006784565675
1174,"P737470",5,19902,2.02972593226977,1.63802536557882,1.46348685231495,1.62963266607619,1.84324439802737,0.724645852701884,0,0.679555221965172,0.149281701380939,0.609765557367609,0.220740661822459,0,0,0,0.608678023674063,0.332894422964251,0,0,0,0,0.220740661822459,0.329303736851151,0,0.56189889857156,0,0.469378419537756,0,0.478095784066385,0.582774127870908,0.509825136319898,2.08106522422412,2.9660974872856,3.43395491747376,2.63102515874202,2.91256802172217,3.05088310971582,3.01027598640011,2.9238065589874,2.79825649129653,2.99498199884402,3.02076626653307,3.03003709807219,2.89220338585958,2.54662870363418,2.70904972430061,2.66347113802715,2.63289552996891,2.75130124991588,2.56271609297645,2.78464081833991,2.68163775861088,2.85962612252706,2.81809967093544,2.90081699667268,2.73735010743953,2.63253610686551,2.55947287948233,2.51114278644433,2.66930934436721,2.66102849658543,2.50617877666112,1.02961941345587,1.50363285926171,0.693147180559945,0.580538236444128,0.765467831050334,0.46561902763525,0.245296353716671,0.46058439379128,0.935308729101396,0.480572570568709,0.338612799081106,0.873800691796008,0.805135677392172,0,0,0,0.0601539218656238,0.563607825759921,0.812262670762504,0,0,0,0.562468854200808,0.346422570678025,0.535323097878986,1.1612740655804,0.429181643417824,0,0,2.99708133683736,3.09530605065221,2.98011087133987,2.88892629449205,2.17770193505119,3.00136635614454,3.05814353869284,2.74373906375597,2.91668906724565,2.64688377532712,3.14810994611357,2.71951755466749,2.89999198951884,2.95438931300139,2.65535242600812,2.74675793211241,3.03394287490298,3.1074078036918,2.71806655362453,2.93039341392044,2.66979437467228,2.70230037142362,2.79935238945277,2.86019888699558,2.91814903724664,2.90575283624783,2.80372392482398,2.8546294343331,2.88413009761245,2.97965369093641,2.30597931807834,1.09426953540267,0.958200132390674,1.59473029285275,0.912684258868072,1.51005945749931,0.489806274364873,1.15688120841312,0.63233505661859,0.403463111330268,0.445326634812977,0.81933922933484,0.519388851022525,0,0.357674449273604,0.629141843721238,0.593879173108666,0,0.540578586358783,0,0.320633166189807,0.361164850873038,0.856115997089334,0.59056059574748,0.494086298888898,0.985070237297778,0.60813381703775,0.621651172708746,1.18814825950161,0.721734622119705,3.14695005906186,3.08863045713742,2.88786862342887,3.16327853476447,2.94533330132677,2.93947933926697,2.93055354305022,2.62198383282891,2.97445758743482,2.88351496232429,2.66826929536479,2.74258047151536,2.82120029494696,2.66423761937736,2.847638200269,2.90471286158767,2.22602799724616,2.68437206893011,2.80747314320361,2.86008434669081,2.85612529482404,2.69988359715443,2.69117532112168,2.72811419449947,2.49370121275223,2.98259636623732,2.84862343260069,2.91933708753518,2.92348410647601,2.68033634031062,2.48548983036356,2.12046352077948,1.52453339122438,1.49537294845003,1.39550182722433,1.25902899734752,0.615185651977724,1.82018495916986,1.21994459861371,1.03638221416179,1.22200914742384,1.23168525625004,1.01305438160697,1.18814823452253,1.10525682507105,0,0.372941910984,0.473746619384397,1.38554407448004,0.637634480962838,0.368109316614529,0.709512530893435,0.617345452226428,1.19664603355077,0.991769185621589,0.524728527524221,0,0.851858863984472,1.59208828108561,0.854840748869974,2.78907702708052,3.18837540207297,2.43405185322778,2.58527972794489,2.74618054231406,2.7993523314222,2.91663493134544,2.98416563621776,2.88424191671139,2.84199819307469,2.72418601153926,2.90411028797836,2.77900562983398,2.70471131897397,2.69435690645546,2.68777942377459,2.87694872360258,2.99357997179262,3.14849628318075,2.95714733504455,2.77352577472429,3.00484064663943,2.84287241079748,2.63174496218426,2.97863696667796,2.52244326219595,2.91104543549365,3.09846933104007,2.70021963108611,3.04936781133112
1174,"P737470",5,19903,2.38018017369202,1.76988018410568,1.95773284165795,1.74885196128986,1.6812282019765,1.38781817839651,0.808104012559737,0.870414338914992,0.616320144812751,0.459479691444996,1.15684974573331,0.595727282614565,0.749054809961871,0.625323259768501,1.54168358681767,1.24816669587853,0.89017261616839,1.32116901602282,0.731694587946974,1.25631378979071,0.834820336279186,1.14104901034202,1.21845245209509,0.981591477215068,1.20146967590044,1.06901183117089,0.94361403371724,0.889905694333227,0.308219731289614,0.563010016414157,3.4925862291019,3.21953159372966,3.28505112408007,2.91265770060445,2.95825883021363,3.0564604007019,2.97501160064638,2.98235571436585,3.19011211288599,3.26473599329011,2.99582477896218,3.20606406789763,3.33339308735117,3.19403992296063,3.16532947545846,2.91833543068774,3.07579035232198,3.06766915840201,3.02888655119721,3.15943996073857,3.23720871511754,3.17619794784142,3.11729039923804,3.2056487628295,2.8957213024721,3.01290399668388,3.06971900719437,3.13800627042584,2.96754369923265,3.03512122958839,2.83042417355508,2.09838595367447,1.52593674838159,1.62894638319444,0.720981191088812,0.531451441475568,0.913847771556312,1.42285529128479,1.00382531842962,0.909467495051593,1.0932311752608,0.944158780338165,0.820770546909862,0.762906407964754,0.597159278982565,1.22767958582738,2.30551581545016,2.27739551847321,1.61072708237049,2.05914954474698,0.790772855246584,1.62781796926585,0.425921100285242,0.729430906650992,2.33467953242479,2.3267458782555,1.7975841706715,1.67214035124065,2.18303551796684,1.49048543616749,2.98204653822662,3.02874867968129,2.77246686056928,2.63050657547888,2.76135395036955,2.94732165140453,3.0360965423316,2.93103370797343,3.02400383359157,3.0271025368033,2.90188304238838,3.17875986628417,3.13876492644085,3.01462272087039,2.90673712647232,2.91136374681577,3.07224647695662,3.13703433082164,2.99838624439282,3.09797517454981,3.02274412293778,2.9960747222741,3.04309765102063,2.98446908363825,2.91761667088538,3.12089026174478,3.15240902876998,2.94244488081621,2.94054721476504,3.00215409075532,3.01815156977116,1.88495379536413,1.19508842590227,1.66295022692029,2.04356176270357,1.04712600562198,0.666032913514794,2.26993791052221,1.42486582471075,1.65912295175558,1.39080917767908,1.72952940529368,1.34760551872248,0.825906392744859,1.08363399406421,1.67125711881337,1.95260201779936,1.62178142269254,1.68147013908924,1.33680209384608,1.3305966392471,1.87758543402735,1.62483871180864,1.60296703439395,2.51050942143189,2.47918612443106,2.12127903772161,1.8932249055893,1.88031204503531,1.79369924867224,3.34069870832504,3.29275620099888,3.2829054804817,3.01537561228203,3.11889855148031,2.84248202609419,3.00963023023202,3.02675600107535,2.92659920445691,3.2280694353139,3.10213297993271,3.30088889781523,3.22535477485815,3.05816698828723,2.98303450645644,3.21768508898659,2.87068476860703,3.17043324223019,2.92436783158083,3.25456338185542,3.00065017306407,2.89990946841174,3.01006406947652,3.03351927353364,3.06770865988581,3.08721240042379,2.94188834953061,2.88195869387838,2.74205863525401,2.91510231062692,2.46168494091374,1.85130114810256,2.56429914554737,1.78363489973386,1.55411546901711,1.02596992370001,1.72441701971639,0.818060295478198,1.48617362926748,1.25490353732782,0.961742011637102,2.15408511565342,1.45575046985001,1.08000695435795,1.9502507295478,1.7000096075261,1.82471862688648,1.0076841553422,0.899022498065066,1.05735617298096,1.33921584815343,1.14010605742885,1.52277919143391,1.81621628712175,2.02355879850014,1.64148877885698,1.97029610169179,1.20055196813594,2.01486969542746,1.52901930532657,3.03927296020795,3.10863227020957,3.10865911941244,3.08491003026145,2.92350025655828,2.93096705995523,2.82915216809645,3.09981747585609,3.09214639913264,2.89681209004158,2.99477930760031,3.12010468571658,2.99716375523512,3.00018978458699,2.8831625216426,2.97772867803121,2.97925985203867,2.9585027975683,2.90567078592383,2.64925513901573,2.77055227576304,3.0267269157162,3.02420069800152,2.91605303166407,3.14313883061424,3.00951683686789,2.75476838590371,2.68980134921063,2.81027581942978,3.06580622677208
1174,"P737470",10,19737,1.87313971346899,1.13999412829597,0.752688849138589,0.982509075262485,0.929266182986611,1.38067861017237,2.19624073708799,1.02924434955133,1.83206131850171,1.10725810861932,0.718961130067287,0.409291129092245,0.401925527571601,0.751180217800545,0.787934496378639,1.06555519396464,0.51950783295196,1.11794091413918,1.98125660503407,1.21112220211821,2.01043976245192,1.81915571706378,1.64891823430374,2.00631289276197,2.15615949574136,1.66030213002013,1.91308433516481,2.08605089604414,2.21344782237337,2.07901642401928,2.93018790630556,2.97811297883106,3.14872589163504,2.87562185714491,2.612262215596,2.98432747882508,2.72546435221696,2.85431846169297,2.67411418172732,2.73482193801286,2.87104169313558,2.91779777611795,2.71689430647914,2.68525229539223,2.95376118441102,3.05782639662785,2.7587401550823,2.81864300093131,2.82269945189166,3.07816215761655,3.21673355486724,3.13309566153799,2.86878489078992,2.80933040380547,3.07430312958324,2.9252159344428,2.88189146925955,2.7412206036771,2.74998836172287,2.73723354165667,2.35690278491483,1.57249380611157,0.652247042849494,0.926914104285036,1.13132148238358,0.709979706920855,1.61582744778645,0.511085587519158,0.762859811305149,0.772189389772438,0.709512557280142,0.912202402799828,0.736182744863677,0.82435086574663,1.26075947616992,0.783878718782302,0.939733767093073,0.757716959188567,0.547080410979879,1.17438437635492,1.31122051640289,1.48258132250834,0.665390510439796,0.646684311232171,1.45718375358944,0.613806316352985,1.02126318099434,0.976011398435971,0.927131763636891,0.682970549616214,2.76911707964758,2.99223113143214,2.78912621710899,1.90377776971501,2.19071456018364,2.6831698990094,2.84362950870979,2.67670743461326,2.46668325714818,2.60845818679345,2.78715092754036,2.87851563987588,2.95015943529613,3.02577636436258,2.90039908633053,2.80209292875318,2.46153992262012,2.86883878986037,2.7180269181704,2.91852451819811,2.74436283948715,2.58494050034472,2.76506991264421,2.57361555083012,2.61228425750754,2.75265705357414,2.75198733973952,2.74585965236596,2.58433332796537,2.67123754130737,1.75647763581893,1.77850533808726,1.1525795231676,0.651126547468114,0.455048611794806,0.187101783760978,0.919465695391262,0.593050561485291,1.22984521944998,1.53720048733301,1.22199445996904,0.94664534561894,0.598671652166733,0.544647176252023,0.65201262507799,0.498317731452798,1.71915294428019,0.588702913128906,0.616563066742714,0.696790530224857,1.06669151219313,1.10735725437577,0.763955055355205,1.20043154674688,0.990711506256667,0.891424127056106,0.55975862963071,0.601908704056655,1.1545987269597,0.871753501693717,2.72589992518092,3.18434651434442,3.08633138706011,3.04481289949134,2.16653049942499,2.95346652987514,2.70517605382879,2.72857481082214,2.87140976747073,2.98177025904597,2.75483834782732,3.03491933416096,2.83791987268699,2.77066814823287,2.75008428080344,2.78619572216509,3.09673304269131,3.24541844339312,3.08959370188663,3.11774188975282,3.1789284171486,2.94114407005034,2.88287709958929,2.69138883643332,2.76385380348052,2.87672068231353,2.69168029374478,2.79954707319804,2.63887875944418,3.02117095328707,1.84640544596151,1.16157140916651,0.9768212249715,0.867415558033287,0.9496868031601,0.432236846372848,1.12621124704906,0.925428870515063,0.934248530970891,0.513242699525255,0.752076246055023,0.0513582914569723,0.764700086401344,1.0600966557492,0.985499593604162,0.975238638092433,0.683475562608548,0.89414736416588,1.2122682907524,0.729985262393665,1.44704838115644,1.36374195157716,0.552303394772096,0.960977245438178,1.44794200848398,0.583890203332654,1.00410013273496,0.918608055466715,0.634193030824833,0.74079381039685,3.16643452980078,2.95135186812034,2.84401362741945,2.75900943219523,2.57024300675551,2.48444818300302,2.71637543374493,2.60296373477101,2.65318209372707,2.82822445867166,2.63040572325604,2.77422176682758,2.85730032966276,2.91758421787964,3.13757901182997,2.77830671841549,2.40656664064842,3.01918018091041,2.66508004597302,2.58685386066215,2.71709251370904,2.57969773349901,2.71253014994664,2.9131818634727,2.99267511305563,2.98548745532507,2.91248110152064,2.86307763977898,3.05292747218748,2.71598200841866
1174,"P737470",10,19738,1.54219709492759,0.860249348051047,0.763116262670605,1.30274969874422,0.853414833727981,0.640537222120476,0.779462495481207,0.973521370822254,0.725928949032535,0.895475598830307,0.315868578286131,0,0.443017755610807,0,0.464205608676254,1.20343766894852,0.240275955475458,0.498105073859345,1.22511279971497,0.947498638939482,0.581069705580469,0,0.808081706229537,0.821100524731219,0.5669034416509,0.592193596262849,0.434376443727358,0.232539271830312,0,0.906866455771857,2.74961110408091,3.47238405026068,3.05086181155965,2.94507037319833,3.04176862284136,2.91190490815401,2.88490128180339,2.82914922008935,2.95453782966484,2.88826678484472,2.85923935069155,2.9154491053455,2.99152594435854,2.97600141299156,3.01355747379371,2.99538718955284,2.92031346678769,2.98324972633752,2.91444627866909,3.07727537859963,2.88921277225065,2.95220351363732,2.53145221787857,2.90737636133746,3.00595237168707,2.95809270347653,3.01489743055902,3.03110662538491,2.86318325158987,2.81667740614595,2.73198481518231,2.52780247167379,1.40034519792499,0.529745507706096,0.950382926806615,1.17220343586829,0.928476203922295,0.933324837562901,0.875093664400229,1.12408508137948,1.34121855863536,1.06352035705755,1.08773670578265,0.468471210504746,1.65537641335554,0.752853731809432,1.27201923895085,0.27021796488692,0.558958420490192,0.438061361495736,0,0.623931062765015,0.872297065910315,1.2916402005981,1.73115099539023,0.568150678903344,0.758747638283035,1.05232400493476,1.29653373719441,0.463671135478541,1.9001653458172,3.17675298695046,2.98947020293618,3.18115944103161,2.96536584837684,2.91887550359086,3.02802035456293,2.95337261635375,2.93951368401705,2.98866482951167,2.88999668030484,2.99501949374223,3.04618769392036,2.9453859107511,2.90537802140633,2.80503475463949,3.03417386433738,2.93848711871209,2.84954975551141,2.94516767589841,3.04897918596037,3.10728928782628,2.83772666918277,2.82485795358528,2.98359896082332,2.82919348504702,2.93200678139722,2.9169568910386,3.01988571478983,2.91371658632873,2.50457856276254,1.43016769627123,0.951908801298998,0.700122777308749,0.961646417508987,0.480201457268051,0.893636050967056,0.683980274448448,0.622214921092212,0.71199346488189,1.09294627725583,0.89328817761283,0.85942405031011,1.04334619335416,0.97924673944534,0.960785980426326,1.37753107903344,1.69148783506363,0.76362893068884,1.4134108818489,1.19030988438197,0.941119910605196,0.46969106766296,1.03054755192452,1.2613686733534,0.920203089668978,0.689114082048852,0.099438014820556,0.15482188083472,0.73236790574878,2.49396135470915,3.27610081236365,2.87398264208198,2.78489396947837,3.05755614286506,2.96797303907498,2.98507316733983,3.06647498440339,3.03499146420394,2.80214145014195,2.94953124980925,2.99349229174852,3.12099174244108,2.65490254893934,2.9397041278001,3.04723781400668,2.92112186264888,2.92278784841047,2.99927846705536,2.8363759844055,2.83829742696509,2.92568796106897,3.04335034270757,2.99633206684378,2.94924322086061,2.91656458900261,2.72086443104976,2.85981230935561,2.96322974757507,2.82060774641199,2.35981100588891,1.44302906373784,1.37841340768041,0.466936437983619,1.59831628196852,2.47202401176878,0.612289565858781,0.554775532423181,0.452094196732693,0.381479740424687,1.3664232232952,1.33884890468334,0.894964962062301,1.3991982515616,0.810241078927832,0.717010192964812,1.23555865427891,0.609656858825518,1.13772078653401,0.208192336585106,1.10920596604302,0,0,0,0,0.560957759299838,0.849466919663941,0.948428743568642,0.736541841214059,0.730442979199907,2.59826882915133,3.34630639160743,2.94130514620504,2.92316426933366,2.9514485833653,2.79690319035384,3.11597674983116,2.9337850772688,3.10610122735921,3.02130985050194,2.90119353118741,2.9768628394236,2.86671070052491,2.86664525808458,2.89075503104822,2.97101943596435,3.02631481517191,2.90966498520421,2.90662233704833,3.00091384761197,2.806253151218,2.67273733327875,2.98021496729772,3.0587751584902,2.77294803196505,2.88259154198379,2.91079784251161,2.86198655303888,2.91706506315416,2.89049953546792
1174,"P737470",10,19842,2.60217475596283,2.50142366919846,2.45130248825858,2.52834518088116,1.90449273073077,0.813637678904566,1.36307689894456,1.34514678314609,1.93707839585171,0.597654478998572,1.77793939457539,1.49572032867425,0.807903431975441,1.9378059907938,1.9655726819328,2.10989191510622,1.80445355330064,1.89580413064794,1.67226244958977,1.91343121637281,1.01816115060584,1.65742774515222,1.5027320597827,1.83337315152823,1.67798401217068,2.1193951554214,1.65862799885375,2.19150828353363,2.06849435955557,2.40871834351509,3.19011621654517,3.17866612826409,3.18178231386287,2.90923166568671,2.64410882770319,2.44433203713101,1.83894516836992,2.53647466072828,2.58812488206479,2.89387670409903,2.97350457460597,3.19983163733899,2.89776934235006,3.31049374741882,3.07977697050678,2.9053014151264,2.76816962043163,2.86441556961756,3.02162903416142,2.73769635486135,2.73272979866717,3.02815590299901,2.80059292245146,3.09137196723199,2.85205815894169,2.93489621815678,2.87065927037679,3.18483492706273,3.10866358835315,2.99670683573111,2.94987941115993,1.34612320915041,1.31982063460728,1.73456280933641,0.904744318306993,0.734481051762291,0,0.633609479534407,0.408161466691625,0.170965649694305,1.3993586554262,1.61216420465988,1.03336238823276,1.07798431032534,0.568575515736985,2.10462792501831,1.5176295918278,1.76635619370085,1.99293002233058,0.846104281663916,1.69051083860794,1.97812147266003,1.28312586239546,1.83842040293645,1.34998041901603,1.5766357485224,0.730948627678472,0.413234844300058,0.725686994098494,0.802315420694839,3.24955053743698,3.33734127702597,3.16715718109479,3.21718236754747,3.1469951910454,3.14459397690231,3.03866726811003,3.10603628138644,2.884543685901,2.94984537565492,3.0211904330572,2.98060338349492,2.93829118407626,2.91497494336787,2.95395930427973,2.94765225107989,2.87435528932554,2.85948864984229,2.92834437768901,2.94622949992503,2.92959247512497,2.88129176052617,2.81802506855004,2.83528765362493,3.1460083091531,3.0192388053959,2.99142802011725,2.88723906531274,2.90169076779785,2.86704058182647,3.14243958282716,2.10655804065506,1.61104661314611,0.649430385351559,0.434084958082766,0.94402262860248,0.527859725645872,0,0.602921541749105,0.412573117646084,1.20177039034045,0,0.408427393354741,0.874155385041972,0.389911435143645,0.704878110870025,0.607534817847937,0,0.099438014820556,0,0,0.457772902861294,0.604889574208035,0.565484255848662,0,0,0,0.323748772212072,0.20867945001928,0.625002157702695,3.12385943263261,2.96487606581249,2.80623200672213,2.80597816511272,2.65191008366304,3.0198905898674,2.78362141580347,2.8715230233485,3.02295583225525,2.94637394253592,3.03633904239258,3.24001087932115,3.00023214678619,2.85262087937704,2.89783548306991,2.93989444645243,2.80365425508824,2.88996333699009,2.90871363950997,3.07428232003163,2.78940590664967,2.83693290101211,2.89716803515982,2.9318255673718,2.72412034887117,2.78667036811465,2.7844153641446,2.72036079114812,2.78671348908014,2.87110680191758,2.6651600698203,2.12843407719961,0.860185889628292,0.550920939638779,0,0.700867309548856,0.584559234214805,0.802853254257269,0.678541030105996,0.78387870627933,0,0.328188009297725,0,0,0,0.56283915802544,0.57487026087957,0,0,0,0,0.595534339404004,0,0,0.259784019941664,0,0,0,0.631670643219316,0.386452173057148,3.22417576310974,3.0713660399487,3.01192543167889,2.9255297574156,2.87381604865249,2.49266400523349,2.91482043271463,2.73249562952953,2.883584915066,2.75077120617933,2.85299576386743,2.84906066052435,2.78490013595184,2.67881702085075,2.66996404751784,2.99544973743051,2.8675750080785,2.50529734140581,2.79896286468016,3.10641017112555,3.1227679103665,2.69702634269307,2.62251409430007,2.83728741616919,2.60095113940326,2.75205112413463,2.63409142945655,2.66946875570865,2.65176904947463,2.7663537123102
1174,"P737470",10,19843,2.53030217321097,2.29593303083904,2.16620966891879,1.93797159274863,1.78237390813912,1.60818712933886,1.11363223768441,0.647731328905481,1.08004092531095,0.304022839964836,0.460899826537498,0.427193969294143,0.916290711608576,0.534356571565412,0.348224342151998,0.407030560433627,0.827787343389428,0.800834988160458,0.670671464019509,0.589368755487417,0.558958420490192,0.576304325743122,0.459890164888026,0.875552074834028,1.36588757495778,0.730756031866762,0.691044995081882,0.638347746414966,0.577736337009282,0,3.34055173401173,3.42560053915265,3.05218110333855,2.71776619883962,2.54768971871322,2.30103888981683,2.75590026897249,2.35500199024449,2.96142801399608,2.7689822297922,2.81126543002581,2.80448703527383,3.01237303388772,2.92958714253284,2.89114369500465,2.95447528535592,2.99479937513203,2.62047138298585,2.91853262150835,2.98615154152147,3.05880093695066,3.05656160809562,3.06262428965125,3.08386904182595,2.96801928170707,2.96002737337505,3.10108055766786,2.81228110550537,2.8239113834046,2.83249544931327,2.32279938793573,0.883519563462053,0.730467036102815,0.778888999958823,0.868737806455138,0.32880002579832,0,0.584392027952948,0,0.272809514461297,0,0,0.80251715887723,0.928100715330129,0.721443058452404,0.944994820278468,0.752406144110695,0.396794299564797,0.471876866265145,0.431620060320373,0.971195484008098,0.605408270741808,0.877653833787096,0.744386741555745,1.00101783639483,2.12899923967296,1.06386553506814,0.701834348957961,0.525201791903192,0.501441718463304,3.18405658493933,3.09990985598188,2.87045529490558,2.59764737160607,2.38185827609103,3.2454087013426,3.1657872115603,2.95180131083545,3.03855225246292,3.05239138643061,3.02162659824581,2.87450207812223,3.08040652973105,2.90238818005465,3.0164241943339,2.72484506061511,2.96843560502508,3.00296854864206,2.87824858401605,2.86578016318856,2.96577292085794,3.02994526618975,2.99395319499788,2.88819996736706,3.07677061639827,3.08199021247282,2.80671534905176,2.78222651156293,2.80401165693989,2.90529594423641,2.67473123389214,1.61062719023809,1.00378867292703,0.832256730403521,0.63058004197119,0.910815767510128,0.699253507441065,1.51022511625184,0,0,0.371322138758903,0.307153767560386,0,0.448588457148707,0,0,0,0,0.894883228084481,1.08824203502604,2.06286743951398,2.0405187629581,2.24698778272636,1.06438308026231,0.916050722853497,1.46347527479396,1.6382294069687,2.0808155901572,1.52801091640241,1.73842904710558,2.73743421953566,3.22859046463827,3.12094101179461,2.99704889557389,2.99429124238563,3.05017547912297,2.72900248161863,2.86908003023295,2.79458256628928,2.82298473270499,2.94395465666781,3.07369976836261,2.7244352369,2.78745885844425,2.80818508533791,2.93877294914018,3.18276560472893,2.86064537812952,3.12991782489195,3.05781467462736,2.82092043864967,2.84290738542109,2.88061317358271,2.81028786907751,2.94984276562764,3.0261887446334,2.87114364181206,2.93572214507307,2.8839707677825,3.16279214638453,2.77679861206317,1.35325448363108,0.928574954824734,0.657882621234814,0.26355585460741,0.251225532446097,0,0.554574520453809,0,0,0,0,0,0.576304325743122,0.404764870024092,0.466873729883961,0.81748647924377,0.388183317093797,1.45775419132157,2.25691278873075,0,2.21521728076106,0,0.393358771976685,0.949145056378898,1.41779304192529,1.89843663116271,0.799194948472334,1.25789263889443,1.88931713006457,3.12331162606367,3.06941711082752,2.94976682941659,2.819051752856,2.63180608745575,2.86917647788967,2.66197136633302,2.71108555854876,2.95801743760259,2.9110318524444,3.11862667679478,2.99108399532511,2.80058686141044,2.62430983008691,3.01657850793255,3.05749977383528,2.85070938250559,3.04750842143775,2.82567619312137,2.75741483744714,2.56515700123546,2.89727842465592,2.9313297377633,2.72439256307011,2.80292695761231,2.98056533929956,2.665546256494,2.7963632302137,2.62343957727631,2.81185449663548
1174,"P737470",10,19902,2.04786058022435,1.47375564959287,2.45673431744512,2.09382509221586,0.973521368570686,0.933187181840618,0.83562280554635,0.586285538633248,0.865607793478846,0.82158439186715,1.2621190759649,0.502984963701621,0.809262179945745,0.956722265500404,1.1763908772114,1.48218390529612,0.655808707520329,0,0.125266082765899,0,0,0.995951816683663,0.736996564608469,0.123013775267949,0.639693668804749,1.25571572747515,0,0.571516128282753,0.494330332674893,1.23912757451598,3.16554674115637,3.08262300485597,2.92242207131766,2.59845108134377,2.84333836853529,2.43159817418025,2.88981045577873,2.85217940466086,2.82286883715987,2.61804526815617,2.89178188329869,2.8713644900121,2.72283372890307,2.95904755137378,2.87136446875015,2.86744137645006,2.83437151223403,2.58729774022794,2.90583491440204,3.02778070630669,2.90915533651462,2.85160206154173,2.77129099599066,2.80810667209055,2.87703881116093,2.86888707046911,2.94535961390698,2.8306070149909,2.9532604604895,3.02990904816838,1.78206264041847,1.19798992636471,0.719472606493832,1.17049875768214,0.420419386908955,0.679225719851808,1.795444320014,1.27432874172996,1.23023976122287,1.18005402489606,0.0602010018320862,0.11359650389972,0.616563078003743,0,0.903833455558299,0.299067015767015,0.609765581662981,0.770617373457592,0.644245745092102,0.771473013515174,1.67139809873472,0,0.522329193773592,1.87060914773681,0.814479475547189,1.10432924153589,1.37314578803786,0.568377290180459,1.03556599314646,0.772374163621583,3.09271147938713,2.9700913133939,2.88610710355405,2.76790903971708,2.76001942391687,2.97859880272716,2.96644246547476,3.08770733597479,3.04848123898937,2.82425568740972,2.71482058854378,2.9509911376067,3.05822575657121,2.96341567138795,2.81718856961913,2.94941868130153,3.04594285164321,3.00609836363999,2.55658756834341,2.77448066148259,2.99366263058269,2.85865744869121,2.62723051187592,2.99721366962222,2.91146983034733,2.93207337540374,2.8847029191531,2.76100626557906,3.06623733894975,3.14566408104895,2.15345261377944,2.04729275618542,1.1344136882956,2.09568391578891,0.893799710427218,2.20098972313438,1.02960156223754,1.58820402387013,0.447214667988393,0.0537777037600181,0.110915057941146,0.757740375822908,0.719375183778873,0.699501949040854,0.714835289332683,0.800430847814183,0.939850987583257,0.871983516862885,0.924080332535095,0.701958268831766,0.0424366894203138,1.37817397294064,0.731911073667779,1.24911347031387,0.473217218053539,0.661243626617831,1.64662770221368,1.58651726523349,1.30192039523542,0.607344155064354,2.78321954431888,3.08826359981144,2.81650094212688,2.81238618812722,2.87995380949701,3.08146489857853,2.82204233986917,2.81951104831718,3.06134913574686,3.12011792043232,2.92914899338877,2.94537536125639,2.90222619893431,2.87191353923189,2.94601933460389,3.16425279156432,2.90803427114137,3.0898849811348,2.94033584413869,2.92386296083647,3.01749866013627,3.12387701397246,3.02865191417298,3.06483613099552,2.92860909461964,3.04662738347252,2.92965120180585,2.88617408129767,3.17841628209072,3.01156872487714,2.46005882859099,1.37590305024732,1.62229492976576,2.62883744348091,0.422322233653255,1.23872198354084,1.11722139604621,0.928239053827395,1.03941061019289,0.833626254281927,0.414193574004491,1.00421004271838,0.690794393026017,1.28757840818053,1.12452367413101,0.657830833592309,1.07225118139527,0.653496391798366,0.760198177307503,0.754689035066323,0,2.09660587052133,0.878879581188802,0.472157569205329,1.40520195909335,1.0012934210241,1.83902466239256,0.997317586434553,0.544937157559652,0.70623617035131,3.0295465851789,3.19324410753323,2.97580758021383,3.04432240837288,2.75018335731114,2.96084316257556,2.9398574215156,3.18484734752895,3.05507372382502,3.1622377440629,2.86713439705954,2.8805626883252,3.01879428162068,2.76239003266704,3.05795797878242,2.92520247983493,2.98719592185193,2.94777815333753,3.06226643498202,2.87271113969146,2.97968670902084,2.92138851614415,2.94409678996538,2.99209067004033,2.95680951357829,3.1045463239709,2.83724053211831,3.0630193489503,3.13359672842845,2.98894428518849
1174,"P737470",10,19903,2.23054116837501,1.71791556320368,2.29884810099034,1.32282195620131,1.54357585090659,0.390689828655851,0.0125212809377527,0.225939642788773,0,0.672536246820153,1.32534939741163,0.633025557446438,0.521053129733553,1.38130693559948,1.01787212126894,0.649665388924545,0.408527068532289,0.673097531121939,1.65649322953588,1.15596884690652,1.10734076145788,1.38541899979903,1.94970296111574,0.827809194930861,0.929128002405698,0.870581833929185,1.56381276613791,1.28923264039515,0.9326364174656,1.33043805039932,3.04160388815554,3.09402887045181,2.4784777004907,2.33946651963903,2.22532601901193,2.04523821959819,2.46348721326598,2.43576891732967,2.56111896879061,2.20248847013131,2.99163892195349,2.80282082055962,2.77863912312377,2.57322272479789,2.45556365529962,2.78120153606938,2.27389753005174,2.2458877332877,2.40837655261213,2.96341569601288,2.50941226657886,2.48796031480833,2.68138449431308,2.73823014464431,2.67690345964333,2.8318182587059,2.64398091833871,2.46092980766516,2.84059190446774,2.98877814399754,2.30204492487552,0.990135819571125,1.62002168366624,0.95873701534827,1.25766520047117,1.0710697837011,0.729189793340858,1.05159057582142,0.958660309759615,1.16851141020811,0.831168495694899,1.10984891426016,1.14791027843949,0.658245129093831,0.463734007235212,0.930272548128,0.617884690275659,1.20435275875772,0.634352142494853,0.752311898828862,1.0890332538669,1.189579686182,1.21298207693476,0.817618918949141,1.11244945272986,1.29170894935778,0.541684551962272,1.25530257855683,2.1802140133983,1.04119502954822,2.72453356929124,3.40039372171683,2.98932176112886,2.77620717619578,2.86562927656482,3.07962293140106,2.95904752478609,3.53268169405985,2.92646797080983,3.08578317221718,3.30816791455388,3.14816145065254,3.12547901002262,3.05319424790442,3.26694188813369,3.24914506575159,3.22165997233994,3.29776833224772,3.02287552787622,3.21519308946695,3.18875474295689,3.110956487748,3.03449136829085,3.03653343579549,3.05240084640812,3.19321743162584,3.06610686233967,3.105877340471,3.18834241975227,3.16829386703326,2.51709146014728,1.44239109127494,1.36402320059039,0.97236856328406,0.374662196002596,0.531216328621494,0.588897158127684,1.29085669852434,0.372873041027912,0.629301743590985,0.522773963388242,0.709168160227416,0.928140257966713,0,0.623743522099858,0.951850924575423,0.84027322816309,1.89077487760329,0.250447382426561,0.704779248458324,1.22565602246418,0.920641234329358,1.02611326325726,0.289455508541593,0.465807337009579,0.606662930553317,0,0.812440213611546,0.91609072160091,0.982976926369689,2.73815256221427,3.23203288179566,3.05177229287658,2.87743849342253,2.73495176379994,3.07854188365343,3.00261353750629,3.1163823251673,3.17342644086019,3.07276734423005,2.82136102188611,3.26584335788307,3.12978665954229,2.94565926369833,3.15962674756667,2.99733598027203,3.05919521465666,3.11167360674699,3.03699417336166,2.90869179780365,2.93701143732568,3.04459859934114,2.86524767375156,3.00309509737131,3.01688206775794,2.82427352505972,2.99653697241352,3.02377049953327,2.89972236989693,3.11707784038541,2.71939228946898,1.6171679534185,1.55081251797063,0.524314235284995,0.938600014541179,0.703988215270778,0.764397513100414,0.712263293729022,0.450757089960847,0.367970908763151,0,0,0.349529468449145,1.48659207558449,0.239253099625701,1.6023327536724,1.57854560801139,0.728417791511742,0.620253866887462,0.964699885074396,0.433793395174831,0.950112262463663,0.334398662933766,0.783490480156408,1.28752319259195,0.870916736698757,0.873299723135407,0,0.630846169993243,0.586841766472859,2.91355646751941,3.06535158020832,3.13600711658144,2.55555924012306,2.74400277291523,2.62402343592309,3.05174393738142,2.88367156720965,3.02237906154169,2.83816575724853,2.80679689836185,2.79076014427263,2.93064423419005,2.85664836028023,2.82395890291821,2.98770011435447,2.92751764954246,3.06104239719618,2.8741802434897,3.08064771390709,3.00167457901844,2.91693792114959,2.96628285970083,3.12575561973803,3.0680250297902,2.95380548672211,3.14061585944037,2.96904427838812,3.02086380563554,3.14722943862039
