chemical.id,bottle.id,conc,plate.id,well,t1,t2,t3,t4,t5,t6,t7,t8,t9,t10,t11,t12,t13,t14,t15,t16,t17,t18,t19,t20,t21,t22,t23,t24,t25,t26,t27,t28,t29,t30,t31,t32,t33,t34,t35,t36,t37,t38,t39,t40,t41,t42,t43,t44,t45,t46,t47,t48,t49,t50
1174,P215706,0,25484,G01,0,0,0,0,0,0,0,0,0,0,0,0,0,0,0,0,0,0,0,0,0,0,0,0,0,0,0,0,0,0,0,0,0,41.4062184375,0,0,0,0,0,0,0,0,0,0,0,0,0,0,0,0
1174,P215706,0,25484,G02,0,0,0,0,0,0,0,17.296005625,28.88454375,0,0,0,0,0,0,0,0,0,0,0,0,0,0,0,0,43.4679028125,2.9079866875,0,0,0,0,0,0,0,35.6336725,0,0,0,0,0,0,0,0,0,0,0,0,0,0,0
1174,P215706,0,25484,G03,0,0,0,0,0,0,0,0,0,0,0,0,0,21.875028125,0.6076375,0,0,0,0,0,0,7.9427125,47.4826375,10.67708325,0.0434028125,0,0,0,0,0,0,0,37.196184375,0.086805625,12.4349091875,3.9713541875,0,0,0,0,0,0,0,0,0,0,0,0,0,0
1174,P215706,0,25484,G04,0,0,0,0,0,0,0,0,0,0,0,0,0,0,0,0,0.021701375,0,0,0,0,0,0,0,3.515625,50.3689125,1.6059030625,0,0,0,0,0,0,55.42533125,12.304686875,0.1953125,0,0,0,0,0,0,0,0,0,0,0,0,0,0
1174,P215706,0,25484,G05,0,0,0,20.052090625,0,0,0,0,0,0,0,0,0,0,0,0,2.191840625,10.7204740625,0,0,0,0,0,0,0,0,0,0,0,18.7500075,0,0,0,9.2230975,26.388890625,1.410591375,0,0,0,0,0,0,0,0,0,0,0,0,0,0.04340275
1174,P215706,0,25484,G06,0,0,0,0,0,0,0,0,0,0,0,0,0,0,0,0,0,0,0,0,0,0,0,0,0,0,0,0,0,0,0,0,20.551213875,28.6241210625,30.51215625,4.3185760625,0.108506875,0,0,0,0,0,0,0,0,0,0,0,0,0
1174,P215706,0,25484,G07,0,0,0,0,0,0,0,0,0,0,0,0,0,0,0,0,0,0,0,0,0,0,0,0,0,0,0,0,0,0,0,19.769973125,0.5425345,0,23.242185,0.065104125,0,0,0,0,0,0,0,0,0,0,0,0,0,0
1174,P215706,0,25484,G08,0,0,0,0,0.021701375,0,0,0,0,0,0,0,0,0,0,0,0,0,0,0,0,0,21.354176875,0,0,0,0,0,0,0,0,0,23.9583509375,0,0,0,0,0,0,0,0,0,0,0,0,17.6215139375,0,0,0,0
1174,P215706,0,25484,G09,0,29.21006075,0.499132125,0,0,0,0,0,0,0,0,0,0,0,0,0,0,0,20.681424,0,0,0,30.9244775,0.0651041875,0,0,0,0,0,0,0,0,0,33.3984054375,0.0868055625,0,0,0,0,0,0,0,0,0,0,0,0,0,0,17.49133375
1174,P215706,0,25484,G10,0,0,0,0,0,0,0,0,0,0,0,0,0,0,0,0,0,0,0,0,0,0,0,0,0,0,0,0,0,0,0,0,0,0,0,0,0,0,0,0,0,0,0,0,0,0,0,0,0,0
1174,P215706,0,25484,G11,0,0,0,0,0,0,0,0,0,0,0,0,0,0,0,0,0,0,0,0,0,0,0,0,0,0,0,0,0,0,0,22.764775,0,17.144115625,0,0,0,0,0,0,0,0,0,0,0,0,0,0,0,0
1174,P215706,0,25484,G12,0,0,0,0,0,0,0,0,0,0,0,0,0,0,0,0,0,0,0,0,0,0,0,0,0,0,0,0,0,0,0,0,0,0,0,0,0,0,0,0,0,0,0,0,0,0,0,0,0,0
1174,P215706,0,25484,H01,0,0,0,0,0,0,0,0,0,0,0,0,0,0,0,0,0,0,0,0,0,0,0,0,0,0,0,0,0,0,0,0,24.9999996875,0,0,0,0,0,0,0,0,0,0,0,0,0,0,0,0,0
1174,P215706,0,25484,H02,0,0,0,0,0,0,0,0,0,0,0,0,0,0,0,0,0,0,0,0,0,0,0,0,0,0,0,0,0,0,0,0,40.1258725,0,0,0,0,0,0,0,0,0,0,0,0,0,0,0,0,0
1174,P215706,0,25484,H03,0,0,0,0,0,0,0,0,0,0,0,14.887165625,0,0,0,0,0,0,0,0,0,0,0,0,0,0,0,20.7248375,0,0,0,0,32.7690728125,0,0,0,0,0,0,0,0,0,0,0,0,0,0,0,0,0
1174,P215706,0,25484,H04,0,0,0,0,0,0,0,0,0,0,0,0,0,0.021701375,0,0,0,39.301196875,0,0,0,0,0,0,0,0,0,0,0,0,0,0,47.59113,0,0,0,0,0,0,0,0,0,0,27.71269375,0.694445875,0,0,0,0,0
1174,P215706,0,25484,H05,0,0,0,0,0,0,0,0,0,0,0,0,0,0,0,0,0,0,0,0,0,0,24.370653125,0,0,0,0,0,36.3931954375,0,0,0,39.1710295,0.021701375,0,0,0,10.30815625,18.44618125,0,0,0,0,0,0,0,0,0,0,0
1174,P215706,0,25484,H06,0,0,0,0,0,0,0,0,0,0,0,0,0,0,0,0,0,0,0,19.09719375,12.565126375,0,0,0,0,0,0,0,0,0,0,42.534706375,4.3836790625,0,0,0,0,0,0,0,0,0,0,0,28.2335,0,0,0,0,0
1174,P215706,0,25484,H07,0,0,0,0,0,0,0,0,0,0,0,0,0,0,0,0,0,0,0,58.2899375,6.1197930625,0,0,0,0,0,0,0,0,0,0,0,0,0,0,0,0,0,0,0,0,0,0,0,0,0,0,0,0,0
1174,P215706,0,25484,H08,0,0,0,0,0,0,0,0,0,0,0,0,20.87671125,12.5217043125,0,0,0,0,0,0,0,0,0,0,0,0,0,0,0,0,0,5.83767,29.73091125,0,0,0,0,48.76304375,4.9696215625,2.4088548125,0.065104125,0,0,0,0,0,0,0,0,0
1174,P215706,0,25484,H09,0,0,0,0,0,0,0,0,0,0,0,0,0,0,0,0,0,0,0,0,0,0,0,0,0,0,0,0,0,0,0,0,12.82553125,0,0,0,0,0,0,0,0,0,0,0,0,0,0,0,0,0
1174,P215706,0,25484,H10,0,0,0,0,0,0,0,0,0,0,0,0,0,0,0,0,28.36375,3.949651375,0.04340275,0,0,0,0,0,0,0,0,0,0,0,0,0,0,0,0,0,0,0,0,0,0,0,0,0,0,0,0,0,0,0
1174,P215706,0,25484,H11,0,0,0,0,0,0,0,0,0,0,0,0,0,0,0,0,0,0,0,0,0,0,0,0,0,0,0,0,0,0,0,13.80209375,24.848095125,0,0,0,0,0,0,0,0,0,0,0,0,0,0,0,0,0
1174,P215706,0,25484,H12,0,0,0,0,0,0,0,0,0,0,0,0,0,0,0,0,0,0,0,0,0,0,0,0,0,11.002600625,2.06163125,0,0,0,0,0,0,0,0,0,0,0,0,0,0,0,0,0,0,0,0,0,0,0
1174,P215706,0,25485,G01,0,0,0,0,0,0,0,0,0,0,0,0,0,0,0,0,0,0,0,0,0,0,0,0,0,0,0,0,0,0,0,0,22.3307375,18.966999125,0,0,0,0,0,0,0,0,0,0,0,0,0,0,0,0
1174,P215706,0,25485,G02,0,0,0,0,0,0,0,0,0,0,0,0,0,0,0,0,0,0,10.0694465625,0,0,0.021701375,0,0,0,0,0,0,0,0,0,0,10.438375,40.9939110625,0,0,0,0,0,0,0,0,0,0,0,0,0,0,0,0.021701375
1174,P215706,0,25485,G03,0,0,0,0,0,0,0,0.303819375,0.325521875,0,0,0,0,0,0,0,0.1519098125,0,0,0,0,0,0.52083325,0,0,0,0.325520875,0,0,0,0,0,0,0,0,0,0,0,0,0,0,0,0,0,0,0,0,0,0,0
1174,P215706,0,25485,G04,41.862000125,0,0.021701375,0,0,0,0,0,0,0,0,0,0,0,37.8905966875,0,0,0,0,0,0,0,0,0,0,0,0,0,0,0.021701375,0,23.04689375,58.767334375,8.9409743125,2.8862845,0,0.6076375,0,0.021701375,0,0,0,0,0,0,0,0,0,0,0
1174,P215706,0,25485,G05,0,0,0,0.021701375,19.726553125,0,0,0,0,0,0,0,0,0,0,0,0,0,0,0,0,0,25.0433875,0.0651040625,0,0,0,0,0,0,0,36.37153125,26.77952325,20.24738625,8.5937611875,7.118045125,0,0,0,0,0,0,0,0,0,0,0,0,0.021701375,0
1174,P215706,0,25485,G06,0,0,0,0,0,0,0,0,0,0,0,0,0,0,0,0,0,0,0,0,0,0,0,0,0,32.22655125,0.32552075,0.021701375,0,0,0,0,0,0,0,0,0,0,0,0,0,0,0,0,0,0,0,0,0,0
1174,P215706,0,25485,G07,0,0,0,0,0,0,23.263875,3.40711825,0,0,0.021701375,0,37.8689375,0,0,0,0,0,0,0,0,0,20.3775875,0.347221875,0,0,0,0,0,0,0,24.71790625,26.8663195,3.4505198125,1.2369793125,0,0,0,0,0,0,0,0,0,0,0,0,0,0,0
1174,P215706,0,25485,G08,0,0,0,0,0,0,0,0,11.414928125,29.318614375,0,0,0,0,0,0.021701375,0,0,0,0,0,0,0,0,0,0,0,0,0,0,0,0,38.2812325,0,0,0,0,0,0,0,0,0,0,0,0.021701375,0,0,0,0,0
1174,P215706,0,25485,G09,0,0,0,0,0,0,0,0,0,0,0,0,0,0,0,0,0,0,0,0,0,0,0,0,0,0,0,0,0,0,0,0,0,0,0,0,0,0,0,0,0,0,0,0,0,0,0,0,0,0
1174,P215706,0,25485,G10,0,0,27.2135521875,0,0,0,0,0,0,0,0,0,0,0,0,0,0,40.3428791875,0.0868054375,0,0,0,0,0,0,0,0,0,0,0,0,0,34.830756875,0.0434028125,0,0,20.13886875,0,0,0,0,0,0,0,0,0,0,0,0,0
1174,P215706,0,25485,G11,0,0,0,0,0,0,0,0,0,0,0,0,0,0,0,0,0,0,0,0,0,0,0,0,0,0,0,0,0,0,0,0,46.9618,8.1380173125,0,0,0,0,0,0,0,0,0,0,0,0,0,0,0,0
1174,P215706,0,25485,G12,0,0,0,0,19.357625,0,0,0,0,0,0,0,0,0,3.797743125,1.323784375,0,0,0,0,0,0,0,0,0,0,0,0,0,35.850665625,0.5859371875,0,31.814206875,2.5824645,0.933161875,0.238715125,0,0,0,0,0,0,0,0,0,0,0,0,0,0
1174,P215706,0,25485,H01,0,0,0,0,0,0,0,0,0,0,9.4835125,27.12673625,1.714409,0,0,0,0,0,0,0,0,0,15.7986215625,6.4235965625,0,0,0,0,0,0,0,51.0199479375,13.7803784375,4.1232665625,0.6727430625,0.1519096875,0,0,0,0,0,0,0,0,0,0,0,0,0,0
1174,P215706,0,25485,H02,0,0,0,0,0,0,19.8567541875,0,0,0,0.021701375,0,0,0,24.7612816875,0,0,0,0,0,0,0,0,20.46438575,0,0,0,0,0,0,20.42101125,0,5.316826375,23.980052,0,0,29.904501375,52.4305625,13.5416695,0,0,0,0,0,0,0,0,0,0,0
1174,P215706,0,25485,H03,0,0,0,0,0,0,0,0,0,0,0,0,0,0,0,0,0,0,0,0,0,0,0,0,0.021701375,0,0,0,0,0,0,0,0,0,0,0,0,0,0,0,0,0,0,0,0,0,0,0,0,0
1174,P215706,0,25485,H04,0,0,2.64756875,40.5165,0,0,0,0,0,0,0,0,0,0,23.6111125,0,0,0,0,0,0,0,0,33.81074375,8.767347,0,0,0,0,0,0,0,0,0,0,0,0,18.467875,1.3888875,0,0,0,0,0,0,0,0,0,0,0.021701375
1174,P215706,0,25485,H05,0,0,0,0,0,0,0,0,0,0,38.65015,8.5720649375,0,0.021701375,0,0,0,0,0,0,0,0.108506875,28.32028125,0,0,0,0,0,13.32464625,31.11978125,0,0,0,0,56.8576360625,0,0,0,0.021701375,0,0,0,0,0,0,0,0,0,0,0
1174,P215706,0,25485,H06,0,0,0,0,0,18.120675,0,0,0,0,0,0,0,26.2369625,4.991321875,0,0,0,0,0,0,0,0,0,0,0,0,0,0,0,0,0,0,0,0,0,0,0,0,0,0,0,0,0,0,0,0,0,0,0
1174,P215706,0,25485,H07,6.358507125,0.021701375,0,0,0,0,0,0,0,0,0,0,0,0,0,0,0,0,0,0,0,0,0,0,0,0,0,0,0,0,0,0,57.2916823125,0.1302083125,0,0,0,0,0,0,0,0,0,0,0,0,0,0,0,0
1174,P215706,0,25485,H08,0,0,0,0,0,0,0,0,0,0,0,0,0,16.927096875,1.3888903125,0,0,0,0,0,0,0,0,0,0,0,0,0,0,0,0,0,35.3081596875,15.017364375,0.1736110625,0,0,0,0,0,0,0,0,0,0,0,0,0,0,0
1174,P215706,0,25485,H09,0,0,0,0,0,0,0,0,0,0,0,0,0,0,0,0,0,0,0,0,0,0,0,0,0,0,0,0,0,0,0,0,0,15.3428665625,0,0,0,0,0,0,0,13.7152875,0.021701375,21.896683875,0,0,0,0,0,16.688352
1174,P215706,0,25485,H10,0,0,0,0,0,0,0,0,0,0,0,0,0,0,0,0,0,0,0,0,0,0,0,0,0,0,0,0,0,0,0,0,0,0,16.406253125,0,0,0,0,0,0,0,0,0,0,0,0,0,0,0
1174,P215706,0,25485,H11,0,0,0,0,0,8.1814375,16.276017,0,0,0,20.269115625,0,0,0,19.03209375,4.2751665625,0,0,0,14.908878125,0.021701375,0,17.9470403125,0.108506875,0,0,29.123286875,0,0,0,0,15.125875,19.7265796875,20.985244,4.51389,0,0,0,0,0,0,0,0,0,0,0,0,0,0,0
1174,P215706,0,25485,H12,0,0,0,0,0,0,0,0,0,0,0,0,0,14.32290575,0,0,0,0,0,0,0,0,0,0,0,0,0,0,0,0,0,28.559053125,1.5624995625,2.365452125,1.605902875,0,0,0,0,0,0,0,0,0,0,0,0,0,0,0
1174,P215706,1,25484,E01,0,0,0,0,0,0,0,0,0,0,0,0,40.972196875,10.438372625,0,0,0,0,0,0,0,0,0,0,0,0,0,0,0,0,31.9878375,0.021701375,0,0,0,0,0,0,0,0,0,0,0,0,0,0,0,0,0,0
1174,P215706,1,25484,E02,0,0,0,0,0,0,0,0,0,0,0,0,0,0,0,0,0,0,0,0,0,0,0,0,24.609379375,0,0,0,0,0,0,44.9435625,21.180561125,12.500000625,1.9965295,0,0,0,0,0,0,0,0,0,0,0,0,0,0,0
1174,P215706,1,25484,E03,0,0,0,0,0,0,0,0,0,0,0,0,0,0,0,0,0,0,0,0,0,0,0,0,0,0,0,0,0.021701375,0,0,0,0,0,0.021701375,47.526059375,2.907987,0,0,0,0,0,0,0,0,0,0,0,0,0
1174,P215706,1,25484,E04,0.021701375,0,0,0,0,0,0,0,0,0,0,0,0,0,0,0,0,0,0,0,0,0,19.27087125,0,0,0,0,0,0,31.011303125,3.45051875,0,0,27.170145625,0,0,0,0,0,0,0,0,0,0,0,0,0,0,0,0
1174,P215706,1,25484,E05,0,0,0,0,0,0,0,0,0,0,30.078121875,2.343751625,0,0,0,0,0,0,0,0,0,0,0,0,0,0,19.44444025,0,0,0,0,28.97134375,11.8923453125,0.3255206875,0.021701375,0,0,0,0,0,0,0,0,0,0,0,0,0,0,0
1174,P215706,1,25484,E06,0,0,0,0,0,0,0,0,0,0,0,0,0,0,13.8237696875,0.021701375,0,0,0,0,0,0,16.731753875,0,0,0,0,0,0,0,0,15.3862916875,0,0,24.6744666875,0.41232625,0,0,0,0,0,0,0,0,0,0,0,0,0,0
1174,P215706,1,25484,E07,0,0,0,0,0,0,0,0,0,0,0,0,0,0,0,0,0,0,0,0,0,0,0,0,0,0,0,0,0,0,0,18.815086875,10.7421840625,0,0,0,0,0,0,0,0,0,0,0,0,0,0,0,0,0
1174,P215706,1,25484,E08,0,21.115465625,0,0,0,0,0,0,0,0,0,0,0,0,0,0,0,39.1276128125,0,0,0,0,0,0,0,0,0,0,32.07463,0,0,0,58.78909,1.497395375,1.019965375,0.1953124375,0,0,0,0,0,0,0,0,0,0,0,0,0,0
1174,P215706,1,25484,E09,0,0,0,0,21.8966934375,0,0,0,0,0,0,0.021701375,0,0,0,0,0,0,9.22306875,29.8611040625,0,0,0,0,0,0,0,0,0,0,0,0,30.0130259375,0.651042625,0,0,0,0,0,0,0,0,0,0,0,0,0,0,0,0
1174,P215706,1,25484,E10,0,0,0,0,0,0,0,0,0,0,0,0,0,0,0,0,0,0,0,0,0,0,0,0,26.6710241875,0.021701375,0,0,0,0,0,0,0,36.5885603125,14.8220340625,0,0,0,0,0,0,0,0,0,0,0,0,0,0,0
1174,P215706,1,25484,E11,0,0,0,0,0,0,0,0,0,0,0,0,0,0,0,0,0,0,0,0,0,0,0,0,0,0,0,0,0,0,0,0,0,0,0,0,0,0,0,0,0,0,0,0,0,0,0,0,0,0
1174,P215706,1,25484,E12,0,0,0,0,0,0,0,0,0,0,0,0,0,0,26.60591875,0.4991321875,19.0972068125,0,0,0,0,0,0,0,0,0,0,0,0,0,0,0,29.8177285625,0.5425345,0,29.8177040625,0,0,0,0,0,0,0,0,0,0,0,0,0,0
1174,P215706,1,25484,F01,0,0,0,0,0,19.4661653125,0,0,0,0,0,0,0,0,0,18.9670215625,0,0,0,0,0,34.765603125,0.15190975,0.021701375,0,0,0,0,0,0,0,36.0676965625,0.021701375,24.8047118125,2.2569441875,1.0416666875,0.0651041875,0,0,0,0,0,0,0,0,0,0,0,0,0
1174,P215706,1,25484,F02,0,0,0,0,0,0,0,0,0,0,0,0,0,0,0,0,0,0,0,0,0,0,0,0,0,0,14.71355625,26.6493028125,0,0,0,0,47.026844375,1.388889125,2.4739579375,0.2387153125,0,0,0,0,0,0,0,0,0,0,0,0,0,0
1174,P215706,1,25484,F03,0,0,0,0,0,0,0,0,0,0,0.021701375,0,29.123253125,0,0,0,0,0,0,0,0,0,0,30.7725704375,0,0,0,0,0,0.6076375,46.137160625,0,0,0,0,0,0,0,0,0,0,0,0,0,0,0,0,0,0,0
1174,P215706,1,25484,F04,0,0,0,0,0,0,0,0,0,0,0,0,0,0,0,0,0.021701375,0,0,0,0,0,39.843721875,45.7465040625,0,0,0,0,0,0,0,0,0,0,0,0,0,0,0,0,40.53821375,0,0,0.021701375,0,0,0,0,0,0
1174,P215706,1,25484,F05,0,0,0,0,0,0,0,0,0,0,0,0,0,0,0,0,0,0,0,0,0,0,24.08854125,0,0,0,0,0,0,0,0,32.530378125,22.7430353125,26.8880244375,0.04340275,0,0,0,0,0,0,0,0,0,0,0,44.053815625,10.0911475625,0,0
1174,P215706,1,25484,F06,0,0,0,0,0,0,0,0,0,0,0,0,0,0,0,0,0,0,0,0,0,0,0,0,0,0,0,0,0,0,0,0,17.0139,6.0112865,0.021701375,0,0,0,0,0,0,0,0,0,0,0,0,0,0,0
1174,P215706,1,25484,F07,0,0,0,0,0,0,0,0,0,0,0,0,0,0,0,0,0,0,0,0,0,0,0,21.549482625,1.931425,0,0,0,0,0,0,0,33.789053125,4.6223978125,0.086805625,0,0,0,0,0,0,0,0,0,0,0,0,0,0,0
1174,P215706,1,25484,F08,0,0,0,0,0,0,0,0,9.092875,8.8975695,0,0,0,0,0,0,0,0,0,0,0,0,0,0,0,0,0,0,0,0,0,0,5.078115625,22.2439305625,0,0,0,0,0,0,0,0,0,0,0,0,0,0,0,0
1174,P215706,1,25484,F09,0,0,0,0,0,0,0,0,0,0,0,0,0,0,0,0,0,0,0,0,0,0,0,0,0,0,0,0,0,0,0,0,21.592865625,4.4270791875,0.021701375,0,0,0,0,0,0,0,0,0,0,0,0,0,0,0
1174,P215706,1,25484,F10,0,0,0,0,0,0,0,0,0,0,0,0,0,0,0,0,0,0,0,0,0,0,0,0,0,0,0,0,0,0,0,40.5815809375,0.6944444375,0,0,0,0,0,0,0,0,0,0,0,0,0,0,0,0,0
1174,P215706,1,25484,F11,0,0,0,0,0,0,0,0,0,0,0,0,0,0,40.55987725,0,0,0,0,0,0,0,0,0,0,22.048628125,0,0,0.021701375,0,0,0.5642375,38.5850509375,5.099824875,11.7404568125,0.173611,0,0,0,0,0,0,0,0,0,0,0,0,0,0
1174,P215706,1,25484,F12,0,0,0,0,0,0,0,0,0,0,0,0,0,0,0,0,0,0,0,0,0,10.28646875,27.799495875,0,0,0,0,0,0,0,0,0,0,0,0,0,0,0,23.6545375,9.76562525,1.3888881875,0.520831875,0,0,0,0,0,0,0,0
1174,P215706,1,25485,E01,0,0,0,0,0,0,0,0,32.76906875,3.2552054375,0,0,0,0,0,0,0,0,0,0,0,0,0,0,0,0,0,0,0,0,0,0,23.9366259375,0.108506875,0,24.11021875,27.9947893125,0,0,0,0,0,0,0,0,0,0,0,0,0
1174,P215706,1,25485,E02,0,0,0,0,0,0,0.021701375,0,0,0,0,0,0,0,0,0,36.306428125,0.62934025,0,0,0,0,0,0,0,0,0,0,0,0,0,25.4123228125,0,48.0034459375,52.365446875,1.7578149375,0.108506875,0,0,0,0,0,0,0,0,0,0,0,0,0
1174,P215706,1,25485,E03,0,0,0,0,0.021701375,0,0,0,0,0,0,0,0,0,0,0,0,0,0,0.021701375,0,0,0,0,0,0,0,0,0,0,0,38.25956875,29.557273875,0.2604168125,0,0,0,0,0,0,0,0,0,0,0,0,0,0,0,0
1174,P215706,1,25485,E04,0,0,0,0,0,0,0,0,0,0,0,0,0,0,0,0,0,0,0,0,0,0,26.931407625,0.7812498125,0.108507,0,0,0,0,0,0,0,33.3767271875,0,22.048611875,10.503475,0.32552075,0.4774303125,0.412326125,0,0,0,0,0,0,0,0,0,0,0
1174,P215706,1,25485,E05,0,0,0,0,0,0.6076375,20.9635034375,0,0,0,0,0,0,2.495659375,52.039918125,0.49913175,0.8246529375,0.1302081875,0,0,0,0,0,0,19.48785,0,0,0,16.27607625,13.51995625,0,0,35.6336746875,0.04340275,0,0,0,0,0,0,0,0,0,0,0,0,0,0,0,0
1174,P215706,1,25485,E06,0,0,0,0,0,0,0,0,0,0,0,0,0,0,20.8333271875,0,0,0,0,0,0,0,0,0,21.18053125,2.777775625,0,0,0,18.250868125,0,0,0,0,24.088534375,15.907133,0,0,0,0,0,0,0,0,0,0,0,0,0,0
1174,P215706,1,25485,E07,0,0,0,0,1.45399375,34.9175478125,0,0,0,0,0,24.826416875,0,0,0,0,0,0,0,0,0,0,35.1996340625,0,0,0,0,0,0,0,0,0.108506875,21.24565,0,0,0,0,0,0,0,0,0,0,0,0,21.31078125,21.506071875,5.49045125,0,0
1174,P215706,1,25485,E08,0,0,0,0,0,0,0,0,0,0,0,0,0,0,0,0,0,0,0,0,0,0,0,0,0,0,0,0,0,0,0,19.85678125,6.5972228125,5.1432309375,0,0,0,0,0,0,0,0,0,0,0,0,0,0,0,0
1174,P215706,1,25485,E09,20.8333149375,0,0,0,0,0,0,0,0,16.818569375,21.3107540625,2.4956598125,0,0,0,0,0,0,0,0.021701375,0,0,0,0,0,41.579842,0,0,0,0,0,0,0,56.7708228125,0.1302084375,0,0,0,0,0,0,0,0.021701375,0,0,0,0,0,0,0.021701375
1174,P215706,1,25485,E10,0,11.870665625,2.1701375,0,0,0,0,0,0,0,0,0,0,17.86025,0.86805625,0,0,9.201384375,21.788190625,0,0,0,0,0,0,0,0,0,0,25.7378228125,2.625865625,0,0,0,0,0,0,0,0,0,0,0,0,0,0,0,0,0,0,0
1174,P215706,1,25485,E11,0,0,0,0,0,0,0,0,0,0,0,0,0,0,0,0,0,17.7951246875,0,0,0,0,0.36892325,4.94791825,0.1519098125,0,0,0,0,0,0,0,11.8706491875,0,0,0,0,0,0,0,0,0,0,0,0,0,0,0,0,0
1174,P215706,1,25485,E12,0,0,0,0,0,0,0,0,0,0,0,0,38.585092625,0.04340275,0,0,0,31.098084375,0.1736110625,0,0,0,0,0,0,0,0,0,0,0,16.8185590625,0,0,0,0,27.387198125,7.6605916875,0.412326375,0,0,0,0,0,0,0,0,0,0,0,0
1174,P215706,1,25485,F01,0,38.151053125,0.4123265625,0,0,0,0,0,0,0,0,0,0,0,0,0,0,0,0,0,0,33.5502928125,0.130208375,0,0,0,0,0,0,0,0,0,0,0,0,20.941851875,0,0,0,0,0,0,0,0,0,0,0,0,0,0
1174,P215706,1,25485,F02,0,27.322040625,6.3151004375,0,0,0,0,0,0,0,0,0,0,0,0,0,0,0,0,0,0,0,0,0,0,0,0,0,0,0,0,28.38542625,0.2604165,0.021701375,0,0,0,0,0,0.021701375,0,0,0,0,0,0,0,0,0,0
1174,P215706,1,25485,F03,0,0,0,0,0,0,0,0,0,0,0,0,0,27.170153125,0.6727425625,1.4322913125,0.4557288125,0,0,0,0,0,0,0,0,0,0,0,0,0,0,1.150175,58.159751875,1.171876125,6.640621875,21.63628125,3.7109378125,0,0,0,0,0,0,0,0,0,0,0,0,0
1174,P215706,1,25485,F04,0,0,0,0,0,0,0,0,0,0,0,0,0,0,0,40.559883125,0,0,0,28.7326353125,0.0651041875,0,0,0,0,0,0,0,0,0,0,0,20.03040625,0,0,0,0,0,0.021701375,0,0,0,0,0,0,0,0,0,0.021701375,0
1174,P215706,1,25485,F05,23.415774375,0,0,0,0,0.021701375,0.021701375,0,0,0,0,0,0,0,0,0,0,0,0,0,0,0,0,0,0,0,0,0,0,0,18.901925,0,0,0,0,0,0,0.5642375,46.35415625,0.7595484375,0,0,0,0,0,0,0,0,0,0
1174,P215706,1,25485,F06,3.6024325,0,0,0,0,0,0.021701375,0.108506875,44.552915625,0,0.021701375,0,0,0,0,0,0,0,0,0,0,0,13.845490625,15.53821075,0,0,0,0,0,0,0,0,10.95919375,0,0,0,0,0,0,0,0,0,0,0,0,0,0,0,0,0
1174,P215706,1,25485,F07,0,0,0,0.021701375,0,0,0,0,0,0,0,0,0,0,0,0,0,0,0,0,0,0,0,0,0,0,0.0434028125,0,0,0,0,0.021701375,0.0434028125,0,0,0.130208125,0,0,0,0,0,0,0,0,0,0,0,0,0,0
1174,P215706,1,25485,F08,0,0,0,0,0,0,0,0,0,0,25.62934375,0,0,0,0,0,0,0,0,0,0,0,0.021701375,0,0,0,0,0,0,0,0,0,20.681440625,0,0,0,0,0,0,0,0,0,0,0,0,0,0,20.182295125,0,0
1174,P215706,1,25485,F09,0,0,0,0,29.144975,1.128472125,0,0,0,0,0,0,0,0,0,0,0,0,0,0,0,0,0,0,0,0,0,0,0,0,0,28.1901115,0,0,0,0,0,0,0,0,0,0,0,0,0,0,0,0,0,0
1174,P215706,1,25485,F10,0,0,0,0,0,0,0,0,0,18.532978125,0,0,0,24.2621461875,0,0,0,0,0,11.9357625,16.4496780625,0,0,0,0,0,0,0,0,0,0,27.7994540625,0.4557291875,37.868898125,0,0,0,0,0,0,0,0,0,0,0,0,0,0,0,0
1174,P215706,1,25485,F11,0,0,0,0,0,0,23.0251828125,0.021701375,0,0,0,0,0,0,0,0,0,0,0,0,0,15.429701375,4.904515,0,0,0,0,0,0,0,0,16.40625,21.80986875,55.77256875,8.8758729375,0,0,0,0,0,0,0,0,0,0,0,0,0,0,0
1174,P215706,1,25485,F12,0,0,0,0,0,0,0,0,0,0,0,0,0,0,0,0,0,0,0,0,0,0,0,0,0,0,14.5833403125,16.0590416875,10.8941045,0,0,0,0,0,0,0,0,0,0,0,0,0,0,0,0,0,0,0,0,0
1174,P215706,5,25484,C01,0,0,0,0,0,0,0,0,0,0,0,0,0,0,0,0,0,0,0,0,0,0,0,0,0,0,0,0,0,0,0,0.9982625,14.995665625,0,0,0,0,0,0,0,0,0,0,0,0,0,0,0,0,0
1174,P215706,5,25484,C02,0,0,0,0,0,0,0,0,0,0,0,0,0,0,0,0,0,0,0.021701375,0,0,0,0,0,0,0,0,0,0,0,0,0,20.20398125,0,0,0,0,0,0,0,0,0,0,0,0,0,0,0,0,0
1174,P215706,5,25484,C03,0,0,0,0,0,0,0,0,0,0,0,0,0,0,0,0,0,0,0,0,0,0,0,0,0,0,0,0,0,0,0,0,0,0,0,0,0,0,0,0,0,0,0,0,0,0.021701375,0,0,0,0
1174,P215706,5,25484,C04,0,0,0,0,0,0,0,0,0,0,0,0,0,0,0,0,0,0,0,0,0,0,0,0,0,0,0,0,0,0,0,0,0,0,0,0,0,0,0,0,0,0,0,0,0,0,0,0,0,0
1174,P215706,5,25484,C05,0,0,0,0,0,0,36.84898625,0,0,0,0,0,0,0,0,0,0,0,0,25.86803125,0,0,0,0,0,0,0,0,37.825570125,0.0651040625,0,0,0,35.7638853125,0.021701375,0,0,0,0,0,0,0,0,0,0.021701375,29.839382625,0,0,0,0
1174,P215706,5,25484,C06,0,0,0,0,0,0,0,0,0,0,0,0,0,0,0,0,0,0,0,0,0,0,0,3.66753125,34.678788875,0,0,0,0,0.021701375,0,7.5086945,35.67709575,0.0868055625,0,0,0,0,0,0,0,0,0,0,0,0,0,0,0,0
1174,P215706,5,25484,C07,0,0,0,0,0,0,30.77257325,0,0,0,0,0,0,0,0,0,0,0,0,0,0,32.9643971875,3.450506875,0,0,0,0,0,0,8.680545125,22.200548375,0.021701375,16.36286125,0.9765624375,0,0,0,0,0,0,0,0,0.021701375,0,0,0,0,0,0,0
1174,P215706,5,25484,C08,0,0,0,0,0,0,0,0,0,0,0,0,0,0,0,0,0,34.1145846875,2.0833346875,0.2170138125,0,0,0,0,0,0,0,0,0,0,0,0,30.664046875,24.435722625,0,0,0,0,0,0,0,0,0,0,0.021701375,0,0,0,0,0
1174,P215706,5,25484,C09,0,0,0,0,0,0,0,0,24.0668254375,0,0,0,0,0,0,0,0,0,24.4140795,0.04340275,0,0,0,0,0,0,0,0,0,0,0,38.802082,44.921846875,8.0729128125,0,34.657114625,9.6788175,17.4479096875,0.368923625,0,0,0,0,0,0,0,0,0,0,0
1174,P215706,5,25484,C10,0,0,0,0,0,0,0,0,0,19.639771875,0,0,0,0,0,0,0,0,0,0,0,0,0,24.522565625,1.47569375,0,0,0,0,0,0,60.416690625,16.9270771875,2.6909716875,31.684018125,2.9079875,0.49913175,0.195312625,0,0,0,0,0,0,0,0,0,0,0,0
1174,P215706,5,25484,C11,0,0,0,0,0,0,0,0,0,0,0,0,0,0,0,0,0,0,0,0,22.98178125,5.815973125,0,0,0,0,0,0,0,0,0,0,11.39323125,33.072906375,0,0,0,0,0,0,0,0,0,0,0,0,0,0,0,0
1174,P215706,5,25484,C12,0,0,0,0,0,0,0,0,0,0,0,0,0,0,0,0,0,0,0,0,0,0,0,0,12.087659375,0,0,0,0,0,0,15.625,0,24.6093571875,0,0,0,0,0,0,0,0,0,0,0,0,0,0,0,0
1174,P215706,5,25484,D01,0,0,0,0,0,0,0,0,0.824653125,16.1458334375,0,0,0,0,0,0,0,0,0,0,8.89756075,26.9531118125,0,0,0,0,0,0,0,0,0,0.6076375,33.854168125,0,0,0,0,0,0,0,0,0,0,0,0,0,0,0,0,0
1174,P215706,5,25484,D02,0,0,0,0,18.359388875,0,0,0,0,0,0,0.021701375,22.439267,0,0,0,17.469628125,0.086805625,0,0,0,20.985250625,0,0,0,0,0,0,32.8342295,0,0,0,0,25.7812178125,13.41146075,0,0,0,0,0,0,0,0,0,0,0,0,0,0,0
1174,P215706,5,25484,D03,0,0,0,0,0,0,0,0,0,0,0,0,0,0,0,0,0,0,0,0,0,0,0,0,14.82203125,20.2473824375,0,0.021701375,0,0,0,0,0,0,23.220465625,4.427084,0,0,0,0,0,0,0,0,0,0,0,0,0,0
1174,P215706,5,25484,D04,0,0,0,0,0,0,0,0,0,0,0,0,0,0,0,0,0,0,0,0,0.021701375,0,0,0,0,22.026906875,0.021701375,0,0,0,0,0,28.62411325,0,0,0,0,0,0,0,0,0,0,0.021701375,0,0,0,0,0,0
1174,P215706,5,25484,D05,0,0,0,0,0,0,0,0,0,0.021701375,0,0,0,0,0,0,0,0,0,0,0,0,0,0,0,0,0,0,16.6666459375,0,0,0,22.222231875,0.108506875,0,0,0,0,0,0,0,0,0,0,0,0,0,0,0,0
1174,P215706,5,25484,D06,0,0,0,0,0,0,0,0,0,0,0,0,0,0.021701375,0,0,0,0,0,0,0,0,0,0,0,0.021701375,0,0,0,0,0,0,16.6666875,1.4539915625,0.021701375,0,0,0,0,0,0,0,0,0,0,0,0,0,0,32.096343125
1174,P215706,5,25484,D07,0,0,0,0,0,0,0,0,0,0,0,0,0,0,0,0,26.497381875,17.7083125,0,0,0,0,0,0,0,20.290803125,9.9392465625,0,0,0,0,0,0,0,43.164059375,0.8029504375,0,0,0,0,0,0,0,0,0,0,0,0,0,0
1174,P215706,5,25484,D08,0,0,0,0,0,0,0,0,0,0,0,0,0,0,0,0,0,0,0,0,0,0,0,0,0,0,0.021701375,0,0,0,0.021701375,0,0,0,0,0,0,0,0,0.021701375,0,0,0,0,0,0.021701375,0,0,0,0
1174,P215706,5,25484,D09,0,0,0,0,0,0,0,0,0,0,0,0,0,34.895834375,2.34374825,0,0,0,0,0,0,0,0,0,0,0,0,0,0,0,0,0,0,0,30.859396875,7.834201875,0.846354125,0,0,0,0,0,0,0,0,0,0,0,0,0
1174,P215706,5,25484,D10,0,0,0,0,0,0,0,0,0,0,0,16.644975,0,0,0,0,0,0,0,0,0,0,0,0,0,0,0,0,0,0,0,17.5781410625,25.976562625,0,0,0,0,0,0,0,0,0,0,0,0,0,0,0,0,0
1174,P215706,5,25484,D11,0,0,0,0,0,0,0,0,0,0,0,0,0,0,0,0,0,0,0,0,20.008675125,0,0,0,0,0,0,0,0,0,0,15.776925,15.993942,0.3689235625,0,0,0,0,0,0,0,0,0,0,0,0,0,0,0,0
1174,P215706,5,25484,D12,0,0,0,0,0,0,0,0,0,0,0,0,0,0,0,0,0,0,0,0,0,0,0,0,0,0,0,0,0,0,0,29.079846875,7.747403125,0,20.09549375,0,0,0,0,0,0,0,0,0,0,0,0,0,0,0
1174,P215706,5,25485,C01,0,0,0,0,0,0,0,0,0,0,0,0,0,0,0,0,0,0,0,0,0,0,0,0,0,0,0,0,0,0,0,0.2387153125,48.6762054375,6.7708359375,4.7309028125,1.54079975,0.1519096875,0,0,0,0,0,0,0,0,0,0,0,0,0
1174,P215706,5,25485,C02,1.0850684375,0,0,0,0,0,0,0,0,0,0,0,0,0,0,0,0,0,0,0,0,0,0,0,0,0,0,0,0,0,0,0,17.079,16.232638875,0,0,0,0,0,0,0,0,0,0,0,0,0,0,0,0
1174,P215706,5,25485,C03,0,0,0,0,0,0,0,62.21785625,7.8341991875,0,0,0,0,0,0,0,0,0,0,0,0,0,0,0,0,0,0,0,0,0,0,0,52.01821875,5.9244755625,0,0,0,0,0,0,0,0,0,0,0,0,0,0,0,0
1174,P215706,5,25485,C04,0,0,0,0,0,0,28.6458134375,0,0,0,0,29.405365625,0,0,0,0.021701375,0,0,27.9079875,0,0.021701375,0,0,21.028646875,5.9895846875,0,0,0,0,0,0,47.9600778125,0,0,0,0,0,0,0,0,0,0,0,0,0,0,0,0,0,0
1174,P215706,5,25485,C05,0,0,0,0,0,0,0,0,0,0,0,0,19.0972125,0,0,0,0,0,0,0,0,0,0,0,0,0,0,0,0,0,18.40278125,1.692706875,0,0,0,0,0,0,0,0,0,0,0,0,0,0,0,0,0,0
1174,P215706,5,25485,C06,0,0,0,0,0,0,0,0,0,0,0,0,39.8003593125,0.0868055,0,0,0,0,0,0,0,0,0,0,0,0,0,0,0,0,0,30.6857784375,0.6944445,0.1519096875,42.7951318125,0.065104125,0,0,0,0,0,0,0,0,0,0,0,0,0,0
1174,P215706,5,25485,C07,0,0,0,0,20.8333125,5.12153125,0,0,0.8029511875,0,0,46.8533125,3.9713541875,0,0,0,0,0,0,0,26.236978125,0,0,0,44.0755354375,0,0,0,0,0,0,10.264778125,53.016492,1.757815,8.6805665625,28.4722153125,0,0,0,0,0,0,0,0,0,0,0,0,0,0
1174,P215706,5,25485,C08,0,0,0,0,0,0,0,0,0,0,0,0,0,0,0,0,0,0,19.50953125,3.407115625,0,0,0,0,0,0,0,0,0,0,0,0,27.7994734375,13.2161340625,2.6475706875,1.9748268125,0.8029498125,0,0,0,0,0,0,0,0,0,0,0,0.021701375,0
1174,P215706,5,25485,C09,20.5946071875,0.021701375,0,0,0,0,7.40017575,0,0,0,0,0,0,0,10.112853125,0,0,0,0,0,0,0,0,0,17.01389375,0,0,0,0,0,0,0,0,27.6041721875,0.651042,0,0,0,0,0,0,0,0,0,0,0,0,0,0,0
1174,P215706,5,25485,C10,40.820325,0.0651041875,0,0,0,0,21.80990625,7.1180434375,0,0,11.935763875,31.70575125,0,0,0,0,0,0,37.890649625,0.28211775,0,0,0,0,0,21.158831875,0,0,0,8.311625,14.2795361875,0,0,46.4192396875,0,0,0,0,0,0,0,0,22.8515295,0,0,0,0,0,0,0
1174,P215706,5,25485,C11,0,0,0,0,0,0,0,0,0,0,0,0,0,0,0,0,0,0,0,0,0,0,41.3194559375,2.9513875,0,0,0,0,0,0,0,29.16665025,0.0434028125,0,0,0,0,0,0,0,0,0,0,0,0,0,0,0,0,0
1174,P215706,5,25485,C12,0,0,0,0,0,0,0,0,24.3489546875,0,0,0,0,0,0,0,0,0,0,0,0,0,0,0,0,0,10.17796075,0,0,0,0,0,0,0,0,0,16.3411275,0,0,0,0,0,0,0,0,0,0,0,0,0
1174,P215706,5,25485,D01,14.127619375,19.8133603125,0,0,0,0,0,0,0,0,0,0,0,0,0,0,0,0,0,0,0,0,0,0,0,0,0,0,0,0,0,0,21.83159375,0,0,0,39.5833096875,6.87934125,0,0,0,0,0,0,0,0,0,0,0,0
1174,P215706,5,25485,D02,0,0,0,0,0,0,0,0,0,0,0,0,0,0,0,0,0.021701375,0,0,0,0,0,0.021701375,0,0,0,0,0,0,0,0,0,0,0,0,0,0,0,0,0,0,0,0,0,0,0,0,0,0,0
1174,P215706,5,25485,D03,0,0,0.021701375,0,0,0,21.2239865625,0,0,0,0,0,0,0,0.86805625,27.56076075,0,0,0,0,0,0,0.021701375,0,0,0,0,0,0,0,0,40.45139375,24.9348846875,16.601546875,0,0,0,0,0,0,0,0,0,0,0,0,0,0,0,0
1174,P215706,5,25485,D04,0,31.271675,0,0,0,0,0,0,0,0,0,0,0,0,0,0,0,0,0,0,22.482628125,64.192746875,0,0,0,0,0,0,0,0,0,52.647564375,109.6354071875,42.10069,0.021701375,0,0,0,0,0,0,0,0,0,0,0,0,0,0,0
1174,P215706,5,25485,D05,0,41.5364228125,12.1961866875,0.021701375,0,0,0,0,0,0,0,0,47.309003125,0.021701375,0,0,0,0,0,0,0,0,0,0,0,0,0,0,0,7.76909375,43.7499929375,0.021701375,0,0.04340275,32.8775803125,0.1519098125,0,0,0,0,0,0,0,0,0,0,0,0,0,0
1174,P215706,5,25485,D06,0,0,0,0,0,0,0,0,0,0,0,0,0,0,0,0,0,0,0,0,0,0,0,0,0,0,0,0,0,0,0,28.0164786875,0.021701375,0,0,0,0,0,0,0,0,0,0,0,0,0,0,0,0,0
1174,P215706,5,25485,D07,0,0,0,0.021701375,0,0,0,7.617190625,26.4539795,0,0,0,0,0,0,0,0,0,0,0,0,0,0,0,22.157101375,10.329864375,0.58593725,0,0,0,0,0,48.459228125,6.66232625,0.0651040625,0.021701375,0,0.0651041875,0,0,0,0,0,0,0,0,0,0,0,0
1174,P215706,5,25485,D08,0,0,0,18.207475,0.1085069375,0,0,0,0,0,0,12.15278125,10.069445875,0,0,0,0.086805625,20.8767396875,0,0,0,0,0,0,0,0,0,0,0,0,22.63456875,0.108506875,47.9384090625,0.23871525,12.2829963125,0,0,0,0,0,0,0,0,0,0,0,0,0,0,0
1174,P215706,5,25485,D09,0,0,0,0,0,0,0,0,0,0,0,0,0,0,0,0,0,0,34.41840625,4.1232623125,0.195312625,0,0,0,0,0,0,0,0,0,0,0,0,0,0,0,0,0,0,0,0,0,0,0,0,0,0,0,0,0
1174,P215706,5,25485,D10,27.0399429375,0.0868055625,0,0,0,0,0,0,0,26.410587125,0,0,0,0,37.934015625,0,0,0,0,0,0,0,18.7934035625,0,0.737846875,18.9887325,0,0,22.3307125,0,0,4.01475,56.6623515,22.960060125,0.2387154375,4.1883823125,0.2821179375,0,0,0,0,0,0,0,0,0,0,0,0,0
1174,P215706,5,25485,D11,0,0,0,0,0,0,0,0,0,0,0,0,0,0,0,0,0,0,2.625870125,0,0,0,0,0,0,0,0,0,0,0,0,0,0,0,0,0,0,0,0,0,0,0,0,0,0,3.211803125,0,0,0,0
1174,P215706,5,25485,D12,0,0,0,0,0,0,15.342893125,0,0,0,0,0,0,23.06856625,0,19.59635,17.6432423125,0,0,0,0,0,0,25.086816875,0,0,25.32550625,14.843738375,0,0,0,0,0,19.053825,0,0,0,0,0,0,22.591113875,0.021701375,0,0,15.8203075,0,0,0,0,0
1174,P215706,10,25484,A01,0,0,0,0,0,0,0,0,0,0,0,0,0,0,0,0,0,0,0,0,0,0,0,0,0,0,0,0,0,0,0,0,0,0,0,0,0,0,0,0,0,0,0,0,0,0,0,0,0,0
1174,P215706,10,25484,A02,0,0,0,0,0,0,0,0,0,0,0,0,0,0,0,0,0,0,0.021701375,0,0,0,0,0,0,0,0,0,0,0,0,0,0,0,0,0,0,0,0,0,0,0,0,0,0,0,0,0,0,0
1174,P215706,10,25484,A03,0,0,0,0,0,0,0,0,0,0,0,0,0,0,0,0,0,0,0,0,0,0,0,0,0,0,0,0,0,0,0,0,0,0,0,0,0,0,0,0,0,0,0,0,0,0,0,0,0,0
1174,P215706,10,25484,A04,0,0,0,0,0,0.021701375,0,0,0,0,0,0,0,0,0,0,0,0,0,0,0,0,0,0,0,0,0,0,0,0,0,0,0,0,0,0,0,0,0,0,0,0,0,0,0,0,0,0,0,0
1174,P215706,10,25484,A05,0,0,0,0,0,0,0,0,0,0,0,0,0,0,0,0,0,0,0,0,0,0,0,0,0,0,0,0,0,0,0,0,0,0,0,0,0,0,0,0,0,0,0,0,0,0,0,0,0,0
1174,P215706,10,25484,A06,0,0,0,0,0,0,0,0,0,0,0,0,0,0,0,0,0,0,0,0,0,0,0,0,0,0,0,0,0,0,0,0,0,0,0,0,0,0,0,0,0,0,0,0,0,0,0,0,0,0
1174,P215706,10,25484,A07,0,0,0,0,0,0,0,0,0,0,0,0,0,0,0,0,0,0,0,0,0,0,0,0,0,0,0,0,0,0,0,0,0,0,0,0,0,0,0,0,0,0,0,0,0,0,0,0,0,0
1174,P215706,10,25484,A08,0,0,0,0,0,0,0,0,0,0,0,0,0,0,0,0,0,0,0,0,0,0,0,0,0,0,0,0,0,0,0,0,0,0,0,0,0,0,0,0,0,0,0,0,0,0.021701375,0,0,0,0
1174,P215706,10,25484,A09,0,0,0,0,0,0,0,0,0,0,0,0,0,0,0,0,0,0,0,0,0,0.021701375,0,0,0,0,0,0,0,0,0,0,0,0,0,0,0,0,0,0,0,0,0,0,0,0,0,0,0,0
1174,P215706,10,25484,A10,0,0,0,0,0,0,0,0,0,0,0,0,0,0,0,0,0,0,0,0,0,0,0,0,0,0,0,0,0,0,0,0,0,0,0,0,0,0,0,0,0,0,0,0,0,0,0,0,0,0
1174,P215706,10,25484,A11,0,0,0,0,0,0,0,0,0,0,0,0,0,0,0,0,0,0,0,0,0,0,0,0,0,0,0,0,0,0,0,0,0,0,0,0,0,0,0,0,0,0,0,0,0,0,0,0,0,0
1174,P215706,10,25484,A12,0,0,0,0,0,0,0,0,0,0,0,0,0,0,0,0,0,0,0,0,0,0,0,0,0,0,0,0,0,0,0,0,0,0,0,0,0,0,0,0,0,0,0,0,0,0,0,0,0,0
1174,P215706,10,25484,B01,0,0,0,0,0,0,0,0,0,0,0,0,0,0,0,0,0,0,0,0,0,0,0,0,0,0,0,0,0,0,0,0,0,0,0,0,0,0,0,0,0,0,0,0,0,0,0,0,0,0
1174,P215706,10,25484,B02,0,0,0,0,0,0,0,0,0,0,0,0,0,0,0,0,0,0,0,0,0,0,0,0,0,0,0,0,0,0,0,0,0,0,0,0,0,0,0,0,0,0,0,0,0,0,0,0,0,0
1174,P215706,10,25484,B03,0,0,0,0,0,0,0,0,0,0,0,0,0,0,0,0,0,0,0,0,0,0,0,0,0,0,0,0,0,0,0,0,0,0,0,0,0,0,0,0,0,0,0,0,0,0,0,0,0,0
1174,P215706,10,25484,B04,0,0,0,0,0,0,0,0,0,0,0,0,0,0,0,0,0,0,0,0,0,0,0,0,0,0,0,0,0,0,0,0,0,0,0,0,0,0,0,0,0,0,0,0,0,0,0,0,0,0
1174,P215706,10,25484,B05,0,0,0,0,0,0,0,0,0,0,0,0,0,0,0,0,0,0,0,0,0,0,0,0,0,0,0,0,0.021701375,0,0,0,0,0,0,0,0,0,0,0,0,0,0,0,0,0,0,0,0,0
1174,P215706,10,25484,B06,0,0,0,0,0,0,0,0,0,0,0,0,0,0,0,0,0,0,0,0,0,0,0,0,0,0,0,0,0,0,0,0,0,0,0,0,0,0,0,0,0,0.021701375,0,0,0,0,0,0,0,0
1174,P215706,10,25484,B07,0,0,0,0,0,0,0,0,0,0,0,0,0,0,0,0,0,0,0,0,0,0,0,0,0,0,0,0,0,0,0,0.021701375,0,0,0,0,0,0,0,0,0,0,0,0,0,0,0,0,0,0
1174,P215706,10,25484,B08,0,0,0,0,0,0,0,0,0,0,0,0,0,0,0,0,0,0,0,0,0,0,0,0,0,0,0,0,0,0,0,0,0,0,0,0,0,0,0,0,0,0,0,0,0,0,0,0,0,0
1174,P215706,10,25484,B09,0,0,0,0,0,0,0,0,0,0,0,0,0,0.021701375,0,0.021701375,0,0,0,0,0,0,0,0,0,0,0,0,0,0,0,0,0,0,0.021701375,0,0,0,0,0,0,0,0,0,0,0,0,0,0,0
1174,P215706,10,25484,B10,0,0,0,0,0,0,0,0,0,0,0,0,0,0,0,0,0,0,0,0,0,0,0,0,0,0,0,0,0,0,0,0,0,0,0,0,0,0,0,0,0,0,0,0,0,0,0,0,0,0
1174,P215706,10,25484,B11,0,0,0,0,0,0,0,0,0,0,0,0,0,0,0,0,0,0,0,0,0,0,0,0,0,0,0,0,0,0,0,0,0,0,0,0,0,0,0,0,0,0,0,0,0,0,0,0,0,0
1174,P215706,10,25484,B12,0,0,0,0,0,0,0,0,0,0,0,0,0,0,0,0,0,0,0,0,0,0,0,0,0,0,0,0,0,0,0,0,0,0,0,0,0,0,0,0,0,0,0,0,0,0,0,0,0,0
1174,P215706,10,25485,A01,0,0,0,0,0,0,0,0,0,0,0,0,0,0,0,0,0,0,0,0,0,0,0,0,0,0,0,0,0,0,0,0,0,0,0,0,0,0,0,0,0,0,0,0,0,0,0,0,0,0
1174,P215706,10,25485,A02,0,0,0,0,0,0,0,0,0,0,0,0,0,0,0,0,0,0,0,0,0,0,0,0,0,0,0,0,0,0,0,0,0,0,0,0,0,0,0,0,0,0,0,0,0,0,0,0,0,0
1174,P215706,10,25485,A03,0,0,0,0,0,0,0,0,0,0,0,0,0,0,0,0,0,0,0,0,0,0,0,0,0,0,0,0,0,0,0,0,0,0,0,0,0,0,0,0,0,0,0,0,0,0,0,0,0,0
1174,P215706,10,25485,A04,0,0,0,0,0,0,0,0,0,0,0,0,0,0,0,0,0,0,0,0,0,0,0,0,0,0,0,0,0,0,0,0,0,0,0,0,0,0,0,0,0,0,0,0,0,0,0,0,0,0
1174,P215706,10,25485,A05,0,0,0,0,0,0,0,0,0,0,0,0,0,0,0,0,0,0,0,0,0,0,0,0,0,0,0,0,0,0,0,0,0,0,0,0,0,0,0,0,0,0,0,0,0,0,0,0,0,0
1174,P215706,10,25485,A06,0,0,0,0,0,0,0,0,0.021701375,0,0,0,0,0,0,0,0,0,0,0,0,0,0,0,0,0,0,0,0,0,0,0,0,0,0,0,0,0,0,0,0,0,0,0,0,0,0,0,0.021701375,0
1174,P215706,10,25485,A07,0,0,0,0,0,0,0,0,0,0,0,0,0,0,0,0,0,0,0,0,0,0,0,0,0,0,0,0,0,0,0,0,0,0,0,0,0,0,0,0,0,0,0,0,0,0,0,0,0,0
1174,P215706,10,25485,A08,0,0,0,0,0,0,0,0,0,0,0,0,0,0,0,0,0,0,0,0,0,0,0,0,0,0,0,0,0,0,0,0,0,0,0,0,0,0,0,0,0,0,0,0,0,0,0,0,0,0
1174,P215706,10,25485,A09,0,0,0,0,0,0,0,0,0,0,0,0,0,0.021701375,0,0,0,0,0,0,0,0,0,0,0,0,0,0,0,0,0,0,0,0,0,0,0,0,0,0,0,0,0,0,0,0,0,0,0,0
1174,P215706,10,25485,A10,0,0,0,0,0,0,0,0,0,0,0,0,0,0,0,0,0,0,0,0,0,0,0,0,0,0,0,0,0,0,0,0,0,0,0,0,0,0,0,0,0,0,0,0,0,0,0,0,0,0
1174,P215706,10,25485,A11,0,0,0,0,0,0,0,0,0,0,0,0,0,0,0,0,0,0,0,0,0,0,0,0,0,0,0,0,0,0,0,0,0,0,0,0,0,0,0,0,0,0,0,0,0,0,0,0,0,0
1174,P215706,10,25485,A12,0,0,0,0,0,0,0,0,0,0,0,0,0,0,0,0,0,0,0,0,0,0,0,0,0,0,0,0,0,0,0,0,0,0,0,0,0,0,0,0,0,0,0,0,0,0,0,0,0,0
1174,P215706,10,25485,B01,0,0,0,0,0,0,0,0,0,0,0,0,0,0,0,0,0,0,0,0,0,0,0,0,0,0,0,0,0,0,0,0,0,0,0,0,0,0,0,0,0,0,0,0,0,0,0,0,0,0
1174,P215706,10,25485,B02,0,0,0,0,0,0,0,0,0,0,0,0,0,0,0,0,0,0,0,0,0,0,0,0,0,0,0,0,0,0,0,0,0,0,0,0,0,0,0,0,0,0,0,0,0,0,0,0,0,0
1174,P215706,10,25485,B03,0,0,0,0,0,0,0,0,0,0,0,0,0,0,0,0,0,0,0,0,0,0,0,0,0,0,0,0.021701375,0,0,0,0,0,0,0,0,0,0,0,0,0,0,0,0,0,0,0,0,0,0.021701375
1174,P215706,10,25485,B04,0,0,0,0,0,0,0,0,0,0,0,0,0,0,0,0,0,0,0,0,0,0,0,0,0,0,0,0,0,0,0,0,0,0,0,0,0,0,0,0,0,0,0,0,0,0,0,0,0,0
1174,P215706,10,25485,B05,0,0,0,0,0,0,0,0,0,0,0,0,0,0,0,0,0,0,0,0,0,0,0,0,0,0,0,0,0,0,0,0,0,0,0,0,0,0,0,0,0,0,0,0,0,0,0,0,0,0
1174,P215706,10,25485,B06,0,0,0,0,0,0,0,0,0,0,0,0,0,0,0,0,0,0,0,0,0,0,0,0,0,0,0.021701375,0,0,0,0,0,0,0,0,0,0,0,0,0,0.021701375,0,0,0,0,0,0,0,0,0
1174,P215706,10,25485,B07,0,0,0,0,0,0,0,0,0,0,0,0,0,0,0,0,0,0,0,0,0,0,0,0,0,0,0,0,0,0,0,0,0,0,0,0,0,0,0.021701375,0,0,0,0,0,0,0,0,0,0,0
1174,P215706,10,25485,B08,0,0,0,0,0,0,0,0,0,0,0,0,0,0,0,0,0,0,0,0,0,0,0,0,0,0,0,0,0,0,0,0,0,0,0,0,0,0,0,0,0,0,0,0,0,0,0,0,0,0
1174,P215706,10,25485,B09,0,0,0,0,0,0,0,0,0,0,0,0,0,0,0,0,0,0,0,0,0,0,0,0,0,0,0,0,0,0,0,0,0,0,0,0,0,0,0,0,0,0,0,0,0,0,0,0,0,0
1174,P215706,10,25485,B10,0,0,0,0,0,0,0,0,0,0,0,0,0,0,0,0,0,0,0,0,0,0,0,0,0,0.021701375,0,0,0,0,0,0,0,0,0,0,0,0,0,0,0,0,0,0,0,0,0,0,0,0
1174,P215706,10,25485,B11,0,0,0,0,0,0,0,0,0,0,0,0,0,0,0,0,0,0,0,0,0,0,0,0,0,0,0,0,0,0,0,0,0,0,0,0,0,0,0,0,0,0,0,0,0,0,0,0,0,0
1174,P215706,10,25485,B12,0,0,0,0,0,0,0,0,0,0,0,0,0,0,0,0,0,0,0,0,0,0,0,0,0,0,0,0,0,0,0,0,0,0,0,0,0,0,0,0,0,0,0,0,0,0,0,0,0,0
