chemical.id,conc,plate.id,well,L1,D1,L2,D2,L3,D3
1174,0,19737,A01,0.0345999985933303,1.14220002889634,0,6.83349995836617,0.536999991536146,16.1195000946522
1174,0,19737,A02,0,0.755000001937149,0.0423000007867815,33.3120001852512,2.04849999994041,28.9592498183251
1174,0,19737,A03,0.503200002014638,11.8505499914289,0.175249996781349,0.737499988079068,1.72320002019405,21.7854499205947
1174,0,19737,A04,0.532299995422361,39.9748002551496,1.68969998136162,0,1.36400002539158,19.6281500190497
1174,0,19737,A05,1.01705000251531,26.1739998534322,2.62180000543594,30.0628501057625,3.25065004080535,29.8738498926163
1174,0,19737,A06,0,1.84359997510911,1.00369999408722,16.4778999969363,1.20369998812676,16.1253500163555
1174,0,19737,A07,0.133450001478195,33.9041002750397,0,0.888699999451639,0,10.7285499181598
1174,0,19737,A08,0.382150000333786,1.17865000963212,0.0853499993681909,0.0890999976545554,1.42499999441207,17.7899502754211
1174,0,19737,A09,0.329550001025199,0.462099981307986,1.19809997975826,3.49929998070002,1.1305999994278,4.62040007561445
1174,0,19737,A10,2.61535000354051,2.42759999111294,2.58980004191398,2.062849990651,1.70275000333787,1.14420000910759
1174,0,19737,A11,0.382949995994569,22.0934499969706,0.504350006580351,23.6915500260889,1.26025002896787,27.411350055784
1174,0,19737,A12,0.857099995017051,0.534500002861025,0.305200004577638,2.05370004102587,0.628900009393689,6.74489998668432
1174,0,19737,B01,16.8283000394702,32.343799996376,2.0169499784708,16.5111999370158,0.98799999356271,16.761799992621
1174,0,19737,B02,0.410999990999699,12.6989501148462,0.125150001049041,17.7903001278639,0.930099993944177,7.92810003757477
1174,0,19737,B03,0.491950000822543,35.5010500054806,3.18134998083114,38.0212500929832,2.9759500384331,36.0758500814438
1174,0,19737,B04,0.097400003671646,19.0376500986517,0.157449995726346,13.5169500255957,0.646850005537272,8.57339999414982
1174,0,19737,B05,0,0,0,0,0,0
1174,0,19737,B06,2.83384999334812,1.1939000017941,2.85799999833106,2.6765000294894,2.45740002989771,26.5432999372482
1174,0,19737,B07,6.19074997603894,4.55469999089837,6.69309989959001,9.99820009395479,6.24159998446704,8.94194997102022
1174,0,19737,B08,0.223350001871585,15.7230499427766,0.35194999873638,16.5069501027464,2.32035000920297,8.66790000293402
1174,0,19737,B09,2.67615000382065,15.1507499840111,6.18850002922117,17.1954499967396,1.68955000042915,13.1393500290811
1174,0,19737,B10,0.201299995183944,13.68144999668,1.80884998068213,21.5131500601768,1.93014997560531,36.2934499979019
1174,0,19737,B11,0.143699999898672,8.29629986584185,1.50590002834797,16.7367498554289,2.21394999548793,5.70020002722743
1174,0,19737,B12,2.74810003489256,47.0837997674942,2.295500010252,40.7154998302459,2.24400003254416,37.7189001441002
1174,0,19738,A01,0.350800004601478,2.10060000866652,0.502300003916025,0.92460000440478,3.3343500385061,0.322250008583068
1174,0,19738,A02,0.822999997437003,18.9691999845207,1.46209998503328,2.44620001073928,0,2.68539997711777
1174,0,19738,A03,0.0629000008106233,11.9352500513196,0.0292499989271163,5.67100004553795,2.26665000617504,28.9677499502898
1174,0,19738,A04,0.566099989414216,0.771999979019166,0,20.3645498916506,2.23154997229579,22.9864999711514
1174,0,19738,A05,2.81470002233981,32.7314499855041,4.99279993716628,21.0174500921275,4.06694997847081,21.6497499048711
1174,0,19738,A06,1.5699000030756,35.4070000290871,1.8914999961853,25.4163000438362,1.25630002021791,41.5112500309944
1174,0,19738,A07,2.43700003623962,36.2548995256424,1.83780000507831,35.2417998969555,0.344800007343294,7.14899995476008
1174,0,19738,A08,0.402799987792968,20.2398999810219,0.364399999380111,17.7715001046658,0.412900000810629,15.0447500061244
1174,0,19738,A09,8.74084993600846,31.213200044632,1.10244997739791,13.630850062333,0.123699998855593,20.7718498976901
1174,0,19738,A10,0.249849998950957,26.7467498093844,1.75605001449585,34.9739998459816,1.44479998946191,20.9092499792576
1174,0,19738,A11,1.44075000584126,32.8031495526433,1.9891999721527,29.7368999361992,2.53144999146462,27.8186500549316
1174,0,19738,A12,2.30560001879931,0.247799992561342,0.411000001430513,0.887500023841854,0.140400004386902,0
1174,0,19738,B01,1.89335004389286,47.0521999835969,7.45890004634856,31.2889501050114,1.21115000247957,3.68869997859
1174,0,19738,B02,2.46420001983643,18.7886998713016,13.7397001683712,32.3352500617504,6.3038499891758,40.4582998871803
1174,0,19738,B03,2.95405004322528,13.3028499942273,0.0374999999999999,6.70689994692801,0.0363999992609029,11.1527999907732
1174,0,19738,B04,0,13.9605500485748,0.33774999976158,9.4760500460863,0.63725000321866,11.6267000934109
1174,0,19738,B05,2.24600000083446,1.60195000246167,2.21029998660087,0,0.576199994981291,2.71049998104571
1174,0,19738,B06,4.28630001693964,10.0807999633253,1.5999499976635,0.616400013118987,0,6.07869997359813
1174,0,19738,B07,0.0164499998092651,7.9715000897646,0.258199995756148,8.69900007396937,0,34.8588001452386
1174,0,19738,B08,0.198100006580352,22.8122500672937,4.21194987297057,19.8854500055313,1.22624999284746,21.2502000160515
1174,0,19738,B09,1.41960001736879,0.528950004279613,0.400199997425081,36.9856002807617,2.57869997620586,18.0501501113176
1174,0,19738,B10,0,1.97249999642372,0.0458000004291532,1.54629998728633,0.124500000476839,25.0585000932217
1174,0,19738,B11,0,6.57019998729228,0.175699999928473,43.4072002887726,1.32059999704362,29.8498999238014
1174,0,19738,B12,0.987100010178983,2.17715002000332,3.00175000876188,3.62125000506639,3.06409999728202,7.7788000456989
1174,0,19842,A01,0.339049991965293,16.3645499423146,3.92945001721382,15.2612500197254,0.928850003331904,17.4243498772383
1174,0,19842,A02,3.38975002765656,32.5308002650738,0.55549999475479,26.1535498455167,3.76045001745225,13.9966000683606
1174,0,19842,A03,0,0,0,0,0,0
1174,0,19842,A04,0.644999998807906,28.0842500627041,3.14930003173648,35.5073500681668,2.41309999227527,22.1321000427007
1174,0,19842,A05,2.50029997676611,22.9242000669241,1.00950000286102,13.1001999652014,0.508400007709863,7.18200000301003
1174,0,19842,A06,0,0,0,0,0,0
1174,0,19842,A07,0,0,0,0,0,0
1174,0,19842,A08,0.724150004982952,0.0568000018596647,0.97829998880625,0.132199998199939,0.775399994850155,0.116400003433228
1174,0,19842,A09,1.15399998873473,9.41234992463141,1.48949996978044,20.2401999231428,2.6418000161648,12.3918000936508
1174,0,19842,A10,0.309500008821487,28.2478999853134,0.930999991297719,18.2456000462174,0.611899977922447,20.1859498165548
1174,0,19842,A11,1.07654999494552,26.6906000105664,3.41440002471208,23.3151500113308,2.99545000270011,23.5611501291394
1174,0,19842,A12,0.799349987506864,20.0100000590086,0.846400009840725,21.7631499025039,2.13464995995165,13.5227998197079
1174,0,19842,B01,0.0916000008583067,18.3681499868631,0.684949997067451,15.9918000489473,0.341000008583073,12.5879999250173
1174,0,19842,B02,0,0,0,0,0,0
1174,0,19842,B03,0.603799995779992,7.51300012469289,0,1.31860001385212,0,8.39749985337255
1174,0,19842,B04,3.07430000901222,32.9144500702619,3.01844996809959,33.0809498652816,0.627849999070172,27.3747498393059
1174,0,19842,B05,1.08884999454021,27.14379991889,1.05950000882148,24.1448000520468,4.18210002258422,27.0982001185417
1174,0,19842,B06,0,0,0,0,0,0
1174,0,19842,B07,0.416749992221593,24.2165001388639,0.16180000193417,23.1534501791,2.0883500158787,8.22809999212623
1174,0,19842,B08,0,0,0,0,0,0
1174,0,19842,B09,2.17249995619059,19.9119000956416,4.35479998588561,13.6495001554489,0.861200010776526,5.85720010995865
1174,0,19842,B10,0,0,0,0,0,0
1174,0,19842,B11,0.0337999992072582,21.3666999965906,0,29.6629997767508,1.32430001348259,26.9520001061261
1174,0,19842,B12,6.63279998898507,50.5920002698898,9.92240002304317,43.4091499745846,3.29259999394418,24.9986000647769
1174,0,19843,A01,2.08934999778867,21.412500090152,2.5769000172615,6.02655002474787,1.26824999451638,18.4443000532686
1174,0,19843,A02,0.472700006887316,36.328349840641,1.29184997677802,30.6189999580383,1.45019999891521,30.7171999156475
1174,0,19843,A03,0,0,0,0,0,0
1174,0,19843,A04,1.09985002875328,10.5403001460247,0.586100009363144,14.1276000887155,0.949700012803088,22.9759001195431
1174,0,19843,A05,2.00824998244643,34.3367499379441,5.40674997940659,36.1644000284373,4.57385000763464,32.1651501166634
1174,0,19843,A06,0.792899995855987,6.32724996879697,0,6.74109999090433,0.627599990367895,7.44410003013908
1174,0,19843,A07,1.21329999566078,26.8888497687876,3.33564997315406,24.2377000704408,5.71780016720299,15.9093000553548
1174,0,19843,A08,0,0,0,0,0,0
1174,0,19843,A09,0,0,0,0,0,0
1174,0,19843,A10,0.311500000953673,12.9207000315189,0.377800011634826,32.6623497962951,2.82594998478893,30.800300091505
1174,0,19843,A11,0,0,0,0,0,0
1174,0,19843,A12,0.146850003302097,5.28144998401403,2.5363499827683,14.6262499958277,1.14884999245406,16.8011500568129
1174,0,19843,B01,0,0,0,0,0,0
1174,0,19843,B02,5.4784999012947,18.5525000303984,0.199000006914139,11.1512500792742,0.688150000572209,10.1168001130223
1174,0,19843,B03,0,3.21669995039702,0.46660000681877,5.70020008534194,0.470100006461147,13.0724500775337
1174,0,19843,B04,5.8031499773264,28.3779000490904,3.95050001442432,24.1123499250039,6.97815009653568,16.1907500252128
1174,0,19843,B05,0,0,0,0,0,0
1174,0,19843,B06,0.590750008821487,2.01770000224934,0.438200002908706,2.5573999941349,0.427399992942809,4.23149997182189
1174,0,19843,B07,0,30.3219500303268,3.16005001664162,26.4936999019235,1.68619998916985,13.1406000345945
1174,0,19843,B08,0.344099992513656,3.01845000982284,1.02594999298453,4.21260005026124,2.34890001714231,0.206500003859401
1174,0,19843,B09,0.813349999487399,47.7898502081633,1.15359999537468,18.9157500252127,1.07224997580053,23.2801000781357
1174,0,19843,B10,0.0404000014066695,19.9523001413793,0.231999993883073,17.4969998313114,1.24570001363755,24.9432501144707
1174,0,19843,B11,3.63815004825592,37.2000498145819,2.10084997415542,29.3542500555515,2.8010500341654,26.1803000539541
1174,0,19843,B12,0.687349978089332,48.8191497206688,1.40254997014999,41.0058998852968,0.689600005745894,22.8845500417054
1174,0,19902,A01,0.207500001788139,29.0287999004125,2.02679999023676,23.6428999841213,1.63369999527932,17.0497001331299
1174,0,19902,A02,0,0,0,0,0,0
1174,0,19902,A03,3.98470001816749,35.2702501893043,1.46455001235008,22.9959999712184,1.77260001003743,32.8163500249386
1174,0,19902,A04,0.257949997484684,28.7931999190711,1.06820001602172,20.4684500128031,0.75014999359847,18.2746001154184
1174,0,19902,A05,1.38000002205372,14.4694000162184,1.8517000079155,15.1815999746323,2.21340002417566,21.2699499584734
1174,0,19902,A06,0.0318500012159346,35.1023998945951,7.4434499144554,31.4982499107718,1.77894999980928,30.0573498615995
1174,0,19902,A07,0.783749990165232,46.6804000258446,2.03490002825856,41.0429501011967,1.18904997110369,36.9581001281738
1174,0,19902,A08,0.0222499996423721,14.4604500122368,1.62304998338222,18.2380499124527,0.383450001478201,10.0945499591529
1174,0,19902,A09,0.368399989604948,0.0152999997138976,0.0152999997138976,0.468299975991248,0.0689999997615824,1.47289998680354
1174,0,19902,A10,0,9.80229988098145,1.04395000338555,22.5220999151468,0.831849985569723,5.15379996597765
1174,0,19902,A11,0.584349989891051,34.6147999048234,2.08799999952316,8.74954999685285,1.08575000762941,34.3946498483419
1174,0,19902,A12,0.469349997863173,38.4724999185651,3.64950001761316,35.3173499792814,1.12225000225009,37.8132000848651
1174,0,19902,B01,0.30949999988079,36.148950189352,0.873049992322919,30.4469499707222,0.682949990034111,21.1480499222875
1174,0,19902,B02,0.409449994564056,33.8742000222206,2.88080003261566,28.1486999928951,2.01510001122954,31.8342999845743
1174,0,19902,B03,2.91844999045134,28.651449970156,1.6404000222683,27.9227999567986,2.0988499760628,19.008500027284
1174,0,19902,B04,1.13820001482963,31.7626498818397,3.74754999577998,31.8615002155304,2.93949995934965,31.7106998801231
1174,0,19902,B05,0.379500010609627,38.6409998357296,1.14409999847412,36.8721498921513,1.68245002031327,25.8203499644995
1174,0,19902,B06,0,3.23280001664533,0,13.705850020051,0.637450003623972,12.4484000314027
1174,0,19902,B07,0.466300003230574,0.363699994981289,0.560199987888336,0.125800001621246,1.71489998027682,0.84209997653962
1174,0,19902,B08,0.643450009822844,2.59549998026341,0.0282999999821185,6.94270001947882,1.54759999513628,4.72580008208752
1174,0,19902,B09,1.33700000047684,26.9701499864459,0.319549998641013,16.3262499727309,0.844649988412869,12.3423000030219
1174,0,19902,B10,4.41209998130799,49.6891996145248,2.20199998244643,53.4350003004074,3.21229994073514,45.5808497190475
1174,0,19902,B11,0.0647000014781948,12.5246999517083,0.540700006484984,14.0179499804974,0.845449975878004,14.9416999593377
1174,0,19902,B12,0.449699991941452,12.2274500113912,1.40634999275208,12.7175499457866,0.0886499986052527,14.3482500016689
1174,0,19903,A01,0.219950002431869,0.663499987125397,0.0913999974727628,34.3143001377583,1.73629996776583,0.213499999046324
1174,0,19903,A02,0,2.59154997039586,0.228449989855289,21.3931498833001,0.354249998927122,13.9898001074791
1174,0,19903,A03,2.07244998812675,1.60325001776219,3.09555000066757,3.43339999765157,0.560599999129774,39.1062001194805
1174,0,19903,A04,0,14.4554500728846,0.763150000572201,11.1882499754429,0.627550017833719,18.4325500920415
1174,0,19903,A05,0,9.51619994640349,1.46245000418275,11.5924499252811,0.986800003051758,22.3858998678625
1174,0,19903,A06,0.474200008809568,5.65969999805093,0.253499994426965,9.45699999257924,0.112100005149843,11.5775999814272
1174,0,19903,A07,0.313900005817412,45.7233499526978,2.40474999547004,42.8504000306129,1.90820002257826,42.318349981308
1174,0,19903,A08,0.216650009155273,3.51584998592734,0.0359499990940093,29.4168500877916,0.848649999499333,5.05355000570414
1174,0,19903,A09,0.0959999978542329,17.2369001399726,0.805900001525876,22.3066000103951,0.372599995136266,14.7589999392629
1174,0,19903,A10,1.42950000613927,34.6432498842478,3.06605004072189,19.9263998806477,0.396999986469748,0.526700004935258
1174,0,19903,A11,1.49959998130798,3.82169998884201,6.16924994774163,24.3837001844309,14.978500071168,30.9174997642636
1174,0,19903,A12,0.0643999993801113,14.4384998969734,0.27559999525547,3.32580003961921,0,17.5078499734402
1174,0,19903,B01,0.109899997711181,0.176300001144408,0,17.4634999036789,1.62190002202987,21.8129999607801
1174,0,19903,B02,0.133850003033876,19.7725500930101,0.614549982547758,21.5214500971138,0.772849998623138,20.0120999887586
1174,0,19903,B03,0.0680000007152553,0,0.179100000858306,0.454199996590613,0.128299999237063,10.0938498899341
1174,0,19903,B04,0,0.111099994182587,0,7.79984997957945,1.62314999550582,11.1638999000192
1174,0,19903,B05,0.131599998474121,7.41750002913177,0.306199997663498,11.9650000840426,0.0864000022411358,6.69769996227697
1174,0,19903,B06,0,0,0,0,0,0
1174,0,19903,B07,4.58239999916405,19.076499986276,1.8951500043273,18.5358000025153,0.899950006604199,17.8143998980522
1174,0,19903,B08,0.0902500011026857,12.0370500277728,0.838649995625019,14.8835500203073,0.917849996592852,5.53125003958121
1174,0,19903,B09,1.95679999664426,21.2856999844313,3.67490001618862,45.0633499979973,4.09334993883971,47.2805500030517
1174,0,19903,B10,0.781449985504149,40.502449926734,8.89815016910434,22.7645000636578,2.31600002050403,21.9622999668121
1174,0,19903,B11,1.5370999597013,44.5668002009392,4.62120001316071,38.846600061655,3.04900002479553,43.7015496551991
1174,0,19903,B12,0.574800000339748,22.9338499188423,1.40405001640319,13.0721000036225,0.40870000422001,17.947450017929
1174,1,19737,C01,2.06840003728867,26.0859001636505,1.61440002322197,31.6885000586509,1.47809999883176,32.4713500231504
1174,1,19737,C02,0,0,0,0,0,0
1174,1,19737,C03,0.148250003531575,31.3975499749184,2.29219998568296,36.320599912107,2.13644999042156,31.969650028646
1174,1,19737,C04,10.3807499490678,46.6111500501633,2.49480005204677,11.1504499576986,0.637349981069574,6.53960000276564
1174,1,19737,C05,0.484700010716913,28.2536998316646,1.22449999451637,19.1111001376063,2.0102999866009,39.7751500725746
1174,1,19737,C06,24.6558501666412,30.3411000944674,19.0726498469711,39.9086997687817,10.2370998978615,30.2753500342369
1174,1,19737,C07,0.318399998545647,0.646500011533498,1.0739000082016,0.652000003308059,0.760000011324882,0.697999980300663
1174,1,19737,C08,0.218599998950957,3.25849995836615,0.129399996995926,16.6198500424623,1.36504998505116,32.0341499704868
1174,1,19737,C09,0,0,0,0,0,0
1174,1,19737,C10,0,22.3981501165777,1.01865001916885,13.3211999017745,1.27869999706746,17.3296000223607
1174,1,19737,C11,1.91279998421669,21.9419998347759,0,12.5337001122534,0.900199994444857,23.7291498929262
1174,1,19737,C12,0.879300010204314,32.0435498014092,1.10934998989106,22.0154998749494,1.9929500207305,25.7296000100672
1174,1,19737,D01,0.171950000524521,21.2789499685168,1.02405001223087,10.8681499561295,0.431649997830396,6.6807000298053
1174,1,19737,D02,2.55389998406172,4.61549998931587,3.67619995819405,1.49829999255016,2.00730001404882,0
1174,1,19737,D03,0.224800002574919,3.60890003442764,0.101600003242493,9.912000015378,0.0976000010967269,12.4029499933123
1174,1,19737,D04,0,0,0,0,0,0
1174,1,19737,D05,0,7.74430001620203,0,11.5684499610215,0.221549996733669,10.9616000771523
1174,1,19737,D06,0.198300004005432,7.46170004606247,0.653399989753963,13.7628001209348,4.82689999192955,15.2788999468088
1174,1,19737,D07,0.658850008249283,46.4044500442222,1.33874998092651,28.3361000597477,0,21.5314000606537
1174,1,19737,D08,2.17379997596145,6.82300012484193,2.83430001139641,31.0363000273704,1.11809999346733,9.56349993944168
1174,1,19737,D09,0,0.401800007373095,0,0.423099997639656,0.0412999987602232,0.45479999780655
1174,1,19737,D10,0.619849988818168,46.5952002167702,2.26970003545284,36.4360001802444,2.62799999862911,25.3539999077097
1174,1,19737,D11,0.378400003910065,0.669299995899198,0.886599993333222,0.432999977469447,0.395600008964539,0.497300001978872
1174,1,19737,D12,0.134300000220538,23.0642499923706,0.673150014877317,16.9535001099109,1.26610000431539,23.5455500602722
1174,1,19738,C01,0.948600009083747,46.5165499925614,2.1625499844551,12.8106499351561,0.0869500011205686,27.1900500625372
1174,1,19738,C02,0,0.170100000500678,0.188299995660782,11.9441000521183,0.0696999996900557,27.8883997917175
1174,1,19738,C03,1.36160001456737,43.8580998182297,4.09590002521871,43.127150017023,4.18985000997785,43.1733997076751
1174,1,19738,C04,0.307249996811151,46.550100004673,1.81209999322891,39.2466497302055,0.467550003528601,41.6014995731413
1174,1,19738,C05,0.0904999971389767,4.77209994345903,0.745999981462952,32.2719500064849,1.97244998514654,20.5465999126434
1174,1,19738,C06,2.16039998531342,37.3703002095222,1.47080001607537,28.1325000971556,0.717499986290938,30.4144498497247
1174,1,19738,C07,0,0,0.0823000013828275,0.0433999985456457,0.13749999701977,0
1174,1,19738,C08,1.55544999241829,2.20259999185801,0.287600001692772,7.65799986198543,0.107599997520449,8.99090009629728
1174,1,19738,C09,0,0,0,0,0,0
1174,1,19738,C10,1.28015000373125,6.65099993795157,0.40879999101162,5.91624995470048,1.12575000524522,28.8458999276161
1174,1,19738,C11,1.46445001661778,1.78860000893473,0.589999999850986,2.41210003122687,3.3944999396801,2.46599998585881
1174,1,19738,C12,0.197249999642372,9.60245003066957,0.586249995231628,8.33519999533891,1.41629998683929,10.3392999596894
1174,1,19738,D01,0.163899998925626,0.301099991798402,0.760900000855329,4.4697500122711,2.20310000963509,15.0227999538183
1174,1,19738,D02,0.222850000858307,1.36969999931752,0,1.6268000215292,0,0.454350003972648
1174,1,19738,D03,0.723899999260903,15.3886999323964,1.82254999428987,8.80579996034503,0.736250001192096,4.31759998872876
1174,1,19738,D04,1.49794999361038,0,0.0423500001430511,1.57294998392462,4.63475001603365,0.263650003075599
1174,1,19738,D05,0,13.6665999501944,0.440400004386901,33.0633000791073,1.38809998035433,28.4110001485795
1174,1,19738,D06,0,14.968900000304,2.05859999656676,3.21810002326964,0.264800003170966,26.4504000395536
1174,1,19738,D07,0.436699992418288,52.0723999261856,2.67280002981423,48.0394497036934,1.69194996953012,40.0919999659061
1174,1,19738,D08,0.547499997913837,4.46820006296039,0.158000000566244,6.23904991634189,0.740349994227293,9.29494995884598
1174,1,19738,D09,0.204399999976158,3.58514994978906,0.720750004053114,15.1427999913692,0.664600014686594,15.9276500076055
1174,1,19738,D10,1.33870000243187,0.963749991729855,4.74185003601013,26.6957000680268,0.440300014242536,28.3607998160645
1174,1,19738,D11,0.0939999997615812,0,0.370599991083145,1.04409998357296,0.0583000004291542,4.44939999580384
1174,1,19738,D12,2.09609997272492,0.0933000028133389,0.139200001955032,0.0352999985218047,0.0416000008583075,0
1174,1,19842,C01,0,0,0,0,0,0
1174,1,19842,C02,0.948599977791305,27.4550000950694,0.435600000619887,28.5282500565052,1.41744999215007,12.4540000271052
1174,1,19842,C03,0.389649995416403,14.8554999921471,1.10019999146462,12.0187500953674,3.02634995579721,10.9100499458611
1174,1,19842,C04,0.949049991369248,49.8975503444672,2.26955001354217,42.0252502165735,1.39985002577307,32.876800256595
1174,1,19842,C05,2.42305001094937,38.0617998439819,11.5249000634998,36.9279998898506,8.91530006229879,39.3538501083851
1174,1,19842,C06,6.64620004743337,22.2650000154972,2.98795001097023,17.0367500558495,1.13534999452532,6.52399994283916
1174,1,19842,C07,0.0593999981880188,14.416599971056,0.144200003147125,9.52820010781288,1.34889992773535,6.72639999389649
1174,1,19842,C08,0,0,0,0,0,0
1174,1,19842,C09,0.729949998855589,33.5584499299526,0.981149983406063,27.2652999520302,0.794200003147133,26.8235499799252
1174,1,19842,C10,0.416549992561339,38.6519499003887,1.82224997282027,15.2003000155091,0.0990000009536757,4.02669996693731
1174,1,19842,C11,0.156400004029274,19.2168999765068,0.232699993252754,16.6105999350547,0.925799998641022,11.0255000382662
1174,1,19842,C12,1.09220000505447,41.5163500189781,1.29194999933243,35.7437999755144,1.52879999279978,30.8831500828266
1174,1,19842,D01,0,0.730400002002715,1.27129997611046,11.7876500695944,2.27554997783156,26.3492999821901
1174,1,19842,D02,0,0,0,0,0,0
1174,1,19842,D03,2.24539996013046,9.67835005223749,1.32575001567602,8.77630009949208,1.49819998145103,8.7365000970662
1174,1,19842,D04,0,0,0,0,0,0
1174,1,19842,D05,0,14.4646999984979,0.33000001013279,19.5627000510692,1.14790000319482,0.611699999310074
1174,1,19842,D06,0.843299978971479,7.981149995327,0.411749997735022,7.7339000016451,0,12.5442499399185
1174,1,19842,D07,0.314499999582767,38.4411498054862,1.79565000534057,50.1450502872467,3.25675009787086,30.1052999705076
1174,1,19842,D08,1.40965000018477,22.0149500727653,1.53504997044801,24.3063500143587,0.670249998569499,10.6122498508542
1174,1,19842,D09,0.0323000013828278,0.355399993062018,0,0.458400017023085,0.897399997711183,14.5414000451566
1174,1,19842,D10,1.41069999337196,18.6897499874234,2.69184998981654,18.6209499932825,0.902249985933313,12.7687000835315
1174,1,19842,D11,0,10.1676000356674,0,5.02005000635982,0.244349998235706,9.16440012454988
1174,1,19842,D12,0.626350011304019,40.5229498505593,3.03144997023045,31.4963998883963,4.43730001896621,24.1020500205457
1174,1,19843,C01,1.38500002622605,26.3951998531818,0.937100023031232,19.1792499616742,1.75554999113085,20.5086001217365
1174,1,19843,C02,0,10.5074999757111,0,7.50490009114146,0.116500002145768,5.14870001450181
1174,1,19843,C03,0.681899999082089,19.9806999441236,1.41289998292922,20.9362499937415,0.113650000095368,12.8893999509513
1174,1,19843,C04,2.93029990792274,28.9953500300646,5.24974988698957,23.7031499534845,2.82264999151233,17.4162000849843
1174,1,19843,C05,1.81690000593662,28.5342501044274,1.57809999883175,39.2723498135805,3.20604999959471,39.2020998120308
1174,1,19843,C06,2.56989999562502,2.17169997915625,1.78219998776913,2.58020003996789,0.898299992084507,2.63779998682439
1174,1,19843,C07,1.82959998846054,19.6246000915766,1.04749998748302,20.7667999505997,0.34870001077652,11.8797000914812
1174,1,19843,C08,1.29824999570846,37.8200501322746,1.61524999439716,31.3554997622967,3.72524996176366,29.2398000031709
1174,1,19843,C09,0.270549994707108,24.8725999750197,0.503500008583069,31.3763998374342,2.93335000947118,19.2332501791418
1174,1,19843,C10,1.27064998745918,40.0155999965965,2.0395000219345,25.9690500117838,1.49334999918939,11.7085000872612
1174,1,19843,C11,3.60484998375178,22.9039998114109,2.17330000996589,33.197299939394,2.16679999232295,29.3556999817491
1174,1,19843,C12,2.96870000362395,14.0776000048965,1.16179999709129,15.6730999337509,2.01630001664164,12.6843999102712
1174,1,19843,D01,0,0,0,0,0,0
1174,1,19843,D02,0.906099995225666,33.800799959898,1.45199999287724,32.405800062418,0.710400010645399,24.5446001768112
1174,1,19843,D03,0,1.10429998785257,0.124200001358987,28.4261501368136,0.210150003060699,12.8902001291513
1174,1,19843,D04,0.0883000016212464,0,0,0.143099999427794,0.43099999427796,0
1174,1,19843,D05,2.71689998954534,41.0989498972893,1.89295001663267,32.6131498217583,2.66545001640917,32.241849976778
1174,1,19843,D06,0,0,0,0,0,0
1174,1,19843,D07,0.32414999604225,11.4913999825716,1.32145001515746,3.15034991763531,0.630400002002724,1.40090001821519
1174,1,19843,D08,0.2586000084877,15.3354000389576,0.99550001621246,11.9504500351847,0.479850001633173,10.669400139153
1174,1,19843,D09,0.131500005722046,28.3090498118661,3.99884994626045,24.6595000270754,1.96959998980167,21.0892000854015
1174,1,19843,D10,4.81925001144409,9.60369992256164,0.941400030255321,20.1890000015497,3.56690006330613,8.02359995841977
1174,1,19843,D11,0.454350009560584,0.737900006771089,0.740800002217291,20.0958500146866,0.825049984361987,11.1595500618219
1174,1,19843,D12,0,0,0,0,0,0
1174,1,19902,C01,0.850199991464613,34.2414999306202,0,21.1101999908686,0.441799986362463,20.6358999412507
1174,1,19902,C02,0.256399996578693,7.11464995741844,2.62974999547004,18.9846999846399,2.30479996800424,16.4934499179013
1174,1,19902,C03,4.22575001716614,31.4988999649882,2.01539998203516,29.1423500976525,0.881649995595228,36.976149985753
1174,1,19902,C04,0.578349994122981,11.2975499764085,1.2921500056982,17.7661499299109,2.80084992051128,3.16689995452762
1174,1,19902,C05,0.396900003403426,3.72655002539977,0.255850002169608,15.5144499674439,0.311549997329717,4.21004999876023
1174,1,19902,C06,2.74019999951124,40.1160003870725,3.34669999033213,36.4250499254092,1.78805000409486,6.71809999942778
1174,1,19902,C07,0.692749983072279,46.4698002338409,4.69910007119177,52.7575000762939,6.80069982260469,53.4432498216629
1174,1,19902,C08,5.77460001409055,52.7782503351569,10.3020500987768,51.8677499294281,20.5886500131339,50.7663501560688
1174,1,19902,C09,1.68070002794266,21.4725500881672,1.74894998446107,25.8944000817835,1.5527000129223,26.0202499270439
1174,1,19902,C10,0.711300003528596,35.7888999044895,2.57460000216961,36.263199865818,2.81215002983812,30.3030499245971
1174,1,19902,C11,3.48254989683628,12.8344501756132,0.229150003194808,0.165399998426438,0.0795000016689312,6.55584986694156
1174,1,19902,C12,0.777349985763432,0.0360000014305113,1.54349999725819,42.2067498207092,1.59634997174146,40.022549906373
1174,1,19902,D01,0,0,0,0,0,0
1174,1,19902,D02,0.115450000762939,11.3314500808716,1.31045002937316,10.2964000454173,0,21.0698499232531
1174,1,19902,D03,1.63619996607303,44.0949500203133,2.14484994858503,42.6568001866341,2.93210003972057,45.169600212574
1174,1,19902,D04,1.3452000066638,0.802349992841482,1.45419999584556,1.02469999566674,1.32749999426305,9.98119998797773
1174,1,19902,D05,0.713899984955786,37.1394498258829,2.78664996251463,34.8962498098612,1.42965003699066,30.0184500455856
1174,1,19902,D06,0.136549999564886,0.938300001621245,0.250699999928474,33.3135998368263,1.95050000548365,9.22970006465914
1174,1,19902,D07,0.060799998044968,0,0.28379999399185,0,0.0101999998092651,0
1174,1,19902,D08,0.772000002861021,47.0777001023293,1.17940000891685,32.6260500848293,2.16774996519091,29.083950138092
1174,1,19902,D09,3.3174999833107,32.643300229311,2.49730000942945,30.0668500244617,3.71925002261997,31.4235499948263
1174,1,19902,D10,0.455249994993209,29.3625999778509,4.58320002183317,5.02544995471836,0.149349993467333,15.9057998208329
1174,1,19902,D11,3.78549993634223,39.6876001119614,2.02779998406768,23.6842001132667,3.8223000328988,33.8965501487255
1174,1,19902,D12,2.33904999159276,1.8953000292182,2.51960003376007,24.9412999659776,3.46140000075104,31.9464999645949
1174,1,19903,C01,2.80190001428127,28.522950244695,5.42690003979952,43.1083499073982,2.31740003004673,27.3494500339031
1174,1,19903,C02,5.789700075984,20.3399999992922,7.29379998389631,19.213199916482,5.782999971509,16.2644000895321
1174,1,19903,C03,0,0,0,0,0,0
1174,1,19903,C04,0.397750005498529,5.99519997648894,0.282649995759129,10.7239000894129,0.940899991989149,17.9089999463409
1174,1,19903,C05,0,3.61519993543625,0,1.83179998397826,1.07110000848772,0.491799995303152
1174,1,19903,C06,0.285150000452995,22.52645008564,0.573650005459786,27.6114500425756,1.30065002143385,31.7018501669169
1174,1,19903,C07,0,0,0,0,0,0
1174,1,19903,C08,1.48710002452135,31.867399930954,1.51130002140998,37.4873501062393,1.54724998474122,31.3025000154972
1174,1,19903,C09,2.02920001149178,28.0420498549938,1.62960000634193,26.3121501132846,2.09400000572208,31.9313001215458
1174,1,19903,C10,0.128350001573562,8.53490002378822,0.335900008678436,23.7545999594033,1.0867999970913,10.5452500220388
1174,1,19903,C11,0,13.3954998746514,1.31279998719692,0.463500022888182,0,22.013400170207
1174,1,19903,C12,0.470349995791912,44.4765503466129,3.33435002863406,21.7294999554753,1.87509999722245,35.2332000851631
1174,1,19903,D01,0.292550006508827,20.7898500718177,0.315949994325636,33.717899947986,1.21879997849464,24.7767500326038
1174,1,19903,D02,0,0,0,0,0,0
1174,1,19903,D03,13.7144000399858,44.3367998719215,2.00355002880096,37.4917001366615,2.1686999857426,38.7554997622967
1174,1,19903,D04,0.622850000858305,5.66400000602009,0.504000005125998,7.48090001940724,0.360499995946889,25.7125500500202
1174,1,19903,D05,1.7153999760747,32.680499792099,2.30709999501704,0,0.0275000005960468,16.0921999573708
1174,1,19903,D06,4.96825001332909,46.8077502191067,11.6142499297857,45.798049852252,16.5521999934689,32.3199001252651
1174,1,19903,D07,0.351600003428757,15.7109499994665,0.130250000953674,8.35934998281298,0.384549999237065,1.23479999899864
1174,1,19903,D08,1.12095000147819,14.6256501089782,0.398749989271163,8.88660002797841,0.454400007426746,9.66854995507745
1174,1,19903,D09,0.127199998497963,18.3485500119627,0.928349992632865,8.44245001152157,1.7548499584198,15.8057998936623
1174,1,19903,D10,0.10789999961853,0.466900013387201,0.558900022506713,1.1701000124216,0.948499997705217,3.43015000596644
1174,1,19903,D11,3.64205003604292,33.3282002061605,5.12509999126196,34.7410998046398,4.21059995852414,39.881150008738
1174,1,19903,D12,0.0140499994158744,0,0,29.3895998928696,5.0063000271097,30.666350081563
1174,5,19737,E01,1.86129995584488,38.7320499688387,1.12439998984337,36.248649707064,7.23445000909272,23.5622500479221
1174,5,19737,E02,0.0309500008821486,0.895500010251995,0,0.696700006723402,0.434099994786084,28.6462003111839
1174,5,19737,E03,1.61704995334148,42.2265501379967,1.80545000806451,37.7089499056339,3.41314997822047,33.6147998929024
1174,5,19737,E04,1.49059996008873,36.5711500287056,0.317750000953673,15.6733499884605,0.479550002515323,11.2562999680638
1174,5,19737,E05,1.69675000607967,42.3957502663136,1.30224999189377,21.8438499450684,1.0905500136316,27.0368500351906
1174,5,19737,E06,0.193549998104573,7.64085011333228,0.474999999999999,11.6124001387507,0,7.56149994432923
1174,5,19737,E07,2.43314997553825,44.8682999134064,4.57939995229243,26.8674498537555,1.91475000102073,43.8769500672817
1174,5,19737,E08,0.813749995827675,0.111500000953675,0.715799999237059,0.193299996852874,0.7630500100553,6.77605002075429
1174,5,19737,E09,0.251249998807906,11.8297501314432,0.207150000333785,38.5325996637344,1.33130002617838,39.3890001893043
1174,5,19737,E10,1.66155002564192,62.154300057888,3.55359993651509,46.7511001110076,2.54370002299551,34.5805502675473
1174,5,19737,E11,0.515949998795988,1.16610000059009,2.25325003974139,34.2734002918005,4.44325001882391,30.0199498903938
1174,5,19737,E12,6.73450011014938,3.57275001853705,0.050400000810623,0.200999999046328,9.56179996728895,28.4747999727726
1174,5,19737,F01,0.0845499992370602,9.93975002095103,0.441350007057188,9.74280000180004,0.396500003337866,11.590300032869
1174,5,19737,F02,0,1.15060000866652,0.0356999993324279,23.3807999074459,0.634299993515024,6.41249993443488
1174,5,19737,F03,0.218300002813338,18.658699933812,0.990499991178509,12.8505000168458,0.154300004243853,17.3079499512911
1174,5,19737,F04,0.112699998915196,25.0388999328017,2.69869995713233,27.4281999610364,4.73920007571577,18.7758999805897
1174,5,19737,F05,3.0187500167638,18.3746002882719,4.9420999236405,10.0686000153422,3.39169999994338,13.5620499551296
1174,5,19737,F06,0,0,0,0,0,0
1174,5,19737,F07,0,2.18830002062022,0,6.58950001001359,0.163899993896485,1.6783000244759
1174,5,19737,F08,1.44984999001026,2.51350003033877,1.90850004851818,0.929900002479549,0.697400003671646,1.74299998693168
1174,5,19737,F09,0.100200000405311,22.5488000959158,4.11309997439385,25.0957999646663,1.17669999003412,27.524749982357
1174,5,19737,F10,2.29850001484155,34.6259499788284,2.43565003871917,23.3007499884814,1.37604997754098,29.4320999979973
1174,5,19737,F11,1.95450001657009,2.1203999850899,0.166899998486042,49.8169998526573,2.43720003664495,29.9253000073135
1174,5,19737,F12,0.514049991965294,37.2380002021789,1.67400001566857,31.704299724102,0.0685000002384196,38.7525502648205
1174,5,19738,E01,10.6141499718651,36.9700500786304,4.89614994749427,12.4589498318732,1.45965000279249,25.1837499573827
1174,5,19738,E02,0.433200006186962,0.161000001430511,0.535499992966654,14.1588499605656,3.46495001167061,22.5060500822961
1174,5,19738,E03,5.03130000773817,27.6636999189854,4.78559997230768,30.4754499137402,2.66845000386239,25.4507999911905
1174,5,19738,E04,0.248450005054473,0,0,0.243900004029274,0,0
1174,5,19738,E05,12.304800054431,55.4847499430179,2.93699992578477,54.3281500101089,2.9570500135422,44.8344001531601
1174,5,19738,E06,0.0508000016212463,0.166299998760224,0.272800007462501,0.143200004100799,0.556999993324279,0.804900003969667
1174,5,19738,E07,0.476200011372566,4.08420001454652,1.89549999535084,6.89770001471044,0.915099996328357,1.91340000629424
1174,5,19738,E08,18.5756500035524,18.8106500409544,20.0436502248049,25.5900499612093,20.1216997459531,22.9074998766184
1174,5,19738,E09,3.23084998056293,53.1740001440048,1.61009997576475,46.372400021553,1.58199999034406,49.0959998369217
1174,5,19738,E10,2.06450004056096,23.1837500095367,8.97864999324083,3.76349994093179,0.480050009489059,25.694850051403
1174,5,19738,E11,0.228550004959106,2.27979997992515,0,1.92389997839927,0.171200001239779,0.487099988013506
1174,5,19738,E12,0,0,0,1.91450002379715,0,2.69300002455712
1174,5,19738,F01,0.229500001668929,11.2006999503821,0.377900007367133,20.4246001958847,0,11.7344000255689
1174,5,19738,F02,2.36144996657968,12.6737500742078,0.304699999094008,1.24989999327808,0.0791999995708477,1.67659998685121
1174,5,19738,F03,0.746699978411197,20.3215000271797,0.991499993205067,24.0267998635769,0.942200005054486,21.7926499903202
1174,5,19738,F04,0,43.2962998062372,1.853600025177,38.814650067687,0.344650006294256,45.313499981165
1174,5,19738,F05,1.69965000748634,37.5885497651994,7.14854986071586,28.4171499371528,2.12914999425413,12.1214499924332
1174,5,19738,F06,14.8752499729395,31.4741000294685,1.68500000238418,25.0653000578284,0.14749999791384,24.0096999168396
1174,5,19738,F07,0.211600002646446,9.74934990257025,1.83224993757904,19.3658498935401,0.390749996900564,14.9959000602365
1174,5,19738,F08,0.285800004005432,1.09510000348091,0.82449997663498,0.270300006866454,0.154800000786781,1.72290000692009
1174,5,19738,F09,2.30279996320605,25.545450180769,5.99230001196264,32.6803999304771,2.77560000121594,26.5771998643875
1174,5,19738,F10,0.465949997305869,1.59019999504089,0,2.39209997355938,1.59180000498891,8.40860005617141
1174,5,19738,F11,3.1210500150919,9.5485999636352,0.339099997282028,8.95604995079338,0.324850002629687,9.02140003144741
1174,5,19738,F12,2.84284999035299,0.767900000140069,2.80730001032352,2.04460003003478,1.45240001529456,13.1701000750065
1174,5,19842,E01,0.304199992120266,25.8672000519931,2.66190004348754,16.8849000047892,0.509499996900566,15.8452999144793
1174,5,19842,E02,0.0453000009059905,27.8451497852803,0.810050002112982,10.9647000318393,0.482400006055835,4.31550005860625
1174,5,19842,E03,1.04814999103546,8.85210000276565,2.61780001893639,2.95185003280638,1.60285001397135,3.08250003457069
1174,5,19842,E04,0.52310001850128,42.6605001211167,3.00509994029998,36.1351000100374,0.367900003492837,34.6936500370503
1174,5,19842,E05,0.091600000858307,3.09029998034239,0.224099999666214,16.3153000293299,1.23050004690887,12.1428000539541
1174,5,19842,E06,4.54060001969337,38.4084002502263,1.97460002303123,35.5278501749039,0.980850008130084,30.5400002036244
1174,5,19842,E07,0.192199999094009,22.7787000358105,0.72019997835159,9.60144997313618,4.40284995585681,18.4100000627339
1174,5,19842,E08,0.70910000503063,31.2931500796229,2.46934994459152,26.7553998984397,1.36999999284745,26.2321000404656
1174,5,19842,E09,0.318300008773802,16.8335000991821,0.476199991255998,10.6357500288635,2.34644998610021,13.0433000076562
1174,5,19842,E10,14.9693999908865,43.5832501530647,15.7843501746654,39.7086498618126,8.01965001523493,36.3818001151085
1174,5,19842,E11,1.38534998893738,25.7478499472141,2.66834996938704,21.0240500688553,2.07564997673037,14.2467999696732
1174,5,19842,E12,0.134850004315376,37.3141999602318,1.89509999155998,36.3579998821951,1.14049999415876,30.6233001112938
1174,5,19842,F01,0,0.052799999713898,0,0,0.0173999994993209,3.73409996628765
1174,5,19842,F02,0,0,0,0,0,0
1174,5,19842,F03,0,0,0,0,0,0
1174,5,19842,F04,1.562399995327,16.7711000233889,1.11710000932217,19.2977501034736,1.0251500286162,15.0203500520438
1174,5,19842,F05,0.583900001645088,15.1639499537647,0.445950000733136,20.0470499694347,1.15654999613763,17.3873999655247
1174,5,19842,F06,3.26270000264048,22.0691001851111,3.21469993246718,14.8918499995023,1.82154998853802,15.3526498246938
1174,5,19842,F07,0,0,0,0,0,0
1174,5,19842,F08,4.84239998236298,26.4055499635637,4.57164996564387,47.3964998006821,1.01734998375177,17.6150999866426
1174,5,19842,F09,1.72955000698567,43.5291000962257,3.21059998385608,40.8535498738289,4.78625005837533,31.6403000473976
1174,5,19842,F10,0,0,0,0,0,0
1174,5,19842,F11,0.50940000489354,33.3320997044444,9.32040010914202,36.0605502411723,3.08544998764994,35.3541498422623
1174,5,19842,F12,4.23494997620583,13.8651499733329,2.37780001759528,18.7433498591185,0.409950000047687,13.6489999949932
1174,5,19843,E01,0.997699996829031,0.570700001716617,0.122599998116493,0.972499997541309,0,3.39809998720883
1174,5,19843,E02,0.122749999165535,34.5236998591572,0.0741999983787534,18.1753999382258,0.490900000929836,16.5466999709606
1174,5,19843,E03,0,0,0,0,0,0
1174,5,19843,E04,0.900450001657008,22.6325500130653,2.73304996490478,30.1729499310255,1.52804997265341,1.80270003676414
1174,5,19843,E05,0.894449999928473,38.873250002414,4.75880000442266,32.3791499912739,3.63814996741714,35.215950262174
1174,5,19843,E06,0.366399991512299,12.2203499637544,0.572950005531309,14.347400072217,0.540099990367897,12.6848999898881
1174,5,19843,E07,0.60894998908043,28.1261001110077,0.274150003492832,6.33565004840493,0.154500001668931,1.47540001273155
1174,5,19843,E08,0.432499992847441,20.2975999303162,0.211300004273652,23.1046000294387,1.45629999339582,18.5798000462353
1174,5,19843,E09,0,0,0,0,0,0
1174,5,19843,E10,0.34749999642372,41.6476998806,2.59710005298256,31.9631999611854,0.705800008773801,39.0730502963066
1174,5,19843,E11,3.34505003690719,41.8020497500896,3.5923499405384,34.2438501954078,2.23555001914503,33.1083001255989
1174,5,19843,E12,0,0,0,0,0,0
1174,5,19843,F01,0.740049982070921,8.63879994750022,0.31919999718666,33.6591000378132,4.59310003146531,32.2310500308871
1174,5,19843,F02,2.45149997100234,36.6550001204014,1.2794000133872,35.3348500534892,2.00449997782709,10.8039000265301
1174,5,19843,F03,0.379950004070997,44.1523502230644,2.18464997708797,42.1937999635934,3.11999995484952,43.4635500639677
1174,5,19843,F04,4.83975005149841,52.2278002262115,3.96309996172785,58.9999000549317,4.47419996783142,55.0972499847412
1174,5,19843,F05,0,0,0,0,0,0
1174,5,19843,F06,0.714249999821184,44.1278003036976,2.88239993304014,33.7068500995636,0.839750003814707,8.87990006804469
1174,5,19843,F07,1.12105001211166,34.8127499341965,2.09894997477531,34.6706999719143,0.802049988508227,24.6360999643803
1174,5,19843,F08,0.926249992847441,0,0.0925000011920926,1.92659996002912,0,2.41870003640655
1174,5,19843,F09,0.17030000090599,0,0,0.162900000810623,0.119599997997284,7.61569991707804
1174,5,19843,F10,0.0902499973773953,0,0.114699995517731,0,0,0.68109999895096
1174,5,19843,F11,0.663599991798402,1.32295003756881,0.252050004899502,15.1142999917269,0.61179999113083,38.825349919498
1174,5,19843,F12,0,0,0,0,0,0
1174,5,19902,E01,0.159750002622604,1.66489999592305,0.462149986624716,0.928549996763462,0.851000012829912,6.53139991760254
1174,5,19902,E02,0.00445000007748602,13.0793999686837,2.74090001881122,6.29765004776419,0.334650000557308,19.1740998700261
1174,5,19902,E03,2.9305000513792,21.7314500771463,0.92655000761151,25.9839501112699,2.12279999554157,26.688850069046
1174,5,19902,E04,0,6.48580010086297,0.199199998378753,11.5851998854428,0.77694998979569,9.59124999940397
1174,5,19902,E05,0.595599994063376,33.8838501259684,0.959249995648858,17.9688000068068,0.759500017762194,25.530250011757
1174,5,19902,E06,2.99325001612305,54.5374500274659,3.16925003379583,48.9979499936104,2.31394996047023,48.4753497958183
1174,5,19902,E07,0.167150002717971,2.09850002229214,0,7.93300001174211,0.647799994051465,21.5423500359058
1174,5,19902,E08,0,0,0,0,0,0
1174,5,19902,E09,0.143850004673003,20.3804999305867,0.0861999988555907,15.1286500023678,0.260949999094013,12.3374499734491
1174,5,19902,E10,0,0,0,0,0,0
1174,5,19902,E11,0.740749999880791,23.8859997779131,4.67945002913475,22.0627499908209,5.4167499728501,2.94294999092818
1174,5,19902,E12,1.47180000841618,34.6511998847127,2.16509996652603,33.2733998730779,0.811399993300446,37.3032997608185
1174,5,19902,F01,0.812250001728536,2.4979999564588,0.544299989938736,0,1.35399999544025,22.9614499643445
1174,5,19902,F02,0,0.220000001788139,0.363100004941225,15.3051500737667,2.78985000550749,19.2444998711347
1174,5,19902,F03,0.330949991941452,2.30269999317825,0.422999998927115,0.136000000685453,0.237149995565412,0.766549992188814
1174,5,19902,F04,0,0,0,0,0,0
1174,5,19902,F05,0.244400000572204,16.1018499940634,0.260350011289119,11.0921499997377,1.38664999753237,20.0238999962807
1174,5,19902,F06,0.218700003623962,13.9711501076818,0.838149988651273,12.1438500382006,0.231250000000003,17.420350022614
1174,5,19902,F07,0.0209000006318092,15.7512999773026,1.00130002498626,14.0027999401093,2.65639992505312,0.485699993371961
1174,5,19902,F08,0.15844999551773,38.8987001776695,3.55940000414849,35.6770499825477,1.10825001075865,19.5408001333475
1174,5,19902,F09,0.848000013828279,15.6609999701381,1.28669998422265,27.9146998107433,0.262699995934967,17.7564001321792
1174,5,19902,F10,0.0384000003337859,23.1249501734972,0.778749985992906,4.75560000389814,0.417200009152299,11.7703000351786
1174,5,19902,F11,2.96604995951056,17.1271499693394,4.77280004322529,15.5732500521466,13.1314999533817,16.3121499901637
1174,5,19902,F12,0.625700005888938,7.43290008306503,0.640999996662141,15.9096499584615,0.678149986267097,13.0536999568343
1174,5,19903,E01,1.3166500069201,0.297950004786253,1.91804998293519,50.7288000017404,2.14934998974206,0.0234999995678667
1174,5,19903,E02,0.858999992907046,0.547599990665913,0.735150003433229,23.5482499774545,0.932499983906749,7.16510002315044
1174,5,19903,E03,1.4345999956131,30.3364497750997,1.74875004291534,14.6819498956203,0.599649995565423,22.207750094682
1174,5,19903,E04,2.41405000686645,53.4583498239517,3.88365002870558,39.9335497550666,1.17025001198055,36.4489499539137
1174,5,19903,E05,1.01400000415742,0.467199993133543,3.40420004799962,7.04854996353389,0.725849996507167,5.68555005788799
1174,5,19903,E06,0.481150008365511,18.577000105381,3.56670005917548,28.5282498955727,1.1174500256777,20.3607999980449
1174,5,19903,E07,7.16560003608464,42.309550113976,4.34700000807642,43.5585003256798,2.29830002523961,45.0200001046061
1174,5,19903,E08,2.24155001342297,33.0545500069857,8.8460500448942,26.1877998426556,1.75590001791717,31.1988999255001
1174,5,19903,E09,0.661999988555904,26.2131500571966,0.270850002765654,19.3009000826627,0.459300014376645,13.6502499759197
1174,5,19903,E10,13.9080499611795,22.4950999945402,22.2528000026941,23.8298501133918,21.6973000466824,26.824649977684
1174,5,19903,E11,0,0.739799991250038,1.13009999990463,25.6578498844988,2.23475000858308,19.4806001897901
1174,5,19903,E12,0.0423999994993208,14.466250050813,1.25014997124672,25.4218999683857,1.91130000352861,8.01205003485084
1174,5,19903,F01,0.748049992416055,23.0909001265653,0.806350004673003,32.2832998991012,2.06689997911454,32.2972499251366
1174,5,19903,F02,1.73835000284016,0.272049997374415,1.72195000872016,0.808000003173944,1.81039997078478,0.989700002595789
1174,5,19903,F03,6.37439998500049,9.05734999738635,5.34225002825258,32.6936499953269,3.97495003342629,30.1072500929237
1174,5,19903,F04,0.51305000707507,25.5390501782298,0.477950005233288,31.419650028646,2.45324999950827,36.1637498363852
1174,5,19903,F05,0.934699996560809,48.3480500588194,2.6709000006318,59.3600001811981,2.89944998472932,54.4268500804901
1174,5,19903,F06,2.54890001565218,17.816900151968,1.65275001525879,29.4664499729871,1.87029999494555,38.7585997462273
1174,5,19903,F07,1.07219998538494,6.1827498793602,0.515850001573561,30.8381502568722,3.42134994566442,18.9645000457763
1174,5,19903,F08,1.06670001298189,3.12919998839497,1.45460003316402,0.145400001108645,0.191099997609853,1.24250000417233
1174,5,19903,F09,0.246300001069904,23.5081000480801,0.852400001883504,19.329349860549,1.07755001187325,20.4227000556886
1174,5,19903,F10,5.77400012314318,49.243249964714,1.55904999077319,0,0,0.939799978584048
1174,5,19903,F11,0.473300010710953,20.0086499810219,11.8212999507785,32.1851002633571,9.86935007125139,30.1466501429677
1174,5,19903,F12,1.64500000849366,19.466049939394,3.29354998767376,19.4418499404564,3.42174997339026,8.69789997655899
1174,10,19737,G01,1.18739999756217,9.61124988794326,2.65885003134608,4.1748500406742,1.33024999797344,17.8459999009967
1174,10,19737,G02,4.45155000090599,35.6899499952793,3.24279999807477,51.784249997139,1.31979998946192,0
1174,10,19737,G03,2.56654998064041,40.917899954319,1.05560000538826,35.1799001298844,1.74560002088549,39.0448000848293
1174,10,19737,G04,0.992449977621433,6.96870000166818,0.991450002789494,2.58054997771976,0.91524997353555,12.9998000741005
1174,10,19737,G05,0.752100002765656,3.99094999879599,1.48345001265406,11.2822000190616,0.0854999989271161,5.93919998742641
1174,10,19737,G06,0,12.366500005126,1.16550002396107,0.188999998569488,0,14.1859999835491
1174,10,19737,G07,0.228349992632865,0.51650000810623,0,1.60280004739761,0.086300001665951,0.914200001768764
1174,10,19737,G08,0.27255000770092,11.9209000200033,0.219999995827674,6.28865001499652,0.556649991869932,8.60479995980859
1174,10,19737,G09,2.50189998596907,0.644700001925231,2.91725000366568,3.41080001369118,1.5115000128746,17.805049701035
1174,10,19737,G10,0.166149997711181,16.4499999357387,0.400799989700316,12.7433500520885,0.411849999427801,16.4865000147372
1174,10,19737,G11,0.724099993705748,20.0567499510944,1.12125001549721,24.0229500293732,0.839249998331079,24.139650067687
1174,10,19737,G12,0,4.36809995174407,1.110200022161,19.2755500353873,0.695650011301044,14.3809000983834
1174,10,19737,H01,0.129350003972649,14.5606999337673,0.42939999103546,21.9503501072526,0.711349987983716,23.7450998775661
1174,10,19737,H02,2.96530000120401,3.02589999828488,0.0708000019192693,44.6269501969217,4.84045003950601,17.2518001273274
1174,10,19737,H03,0.192249994724989,27.1382997602224,0.63989998847246,23.8459499955177,1.34744999110699,26.9772999048233
1174,10,19737,H04,0.433649997413158,0.581599998474124,1.26069999039173,0.507600003480909,0.218699997663499,1.51579999923705
1174,10,19737,H05,1.57239999771118,42.1899501383304,5.71365007385611,38.6652999222279,3.41584996804596,38.4259500175714
1174,10,19737,H06,0.991150009632109,0.847999991476536,1.31380002498627,10.3752498142421,1.18724998384716,32.6402498304844
1174,10,19737,H07,6.26375000476837,0.34819999933243,1.58644997477531,4.78954996409593,2.72609999738635,2.24840001128614
1174,10,19737,H08,0.129899996519089,1.96975000165404,1.5211500197649,5.58734997510909,4.41284996047617,12.4582000501454
1174,10,19737,H09,0.030300000309944,0.140099999308586,1.62100000977516,25.1196999549866,2.87400000691415,17.2749500274658
1174,10,19737,H10,0.909600006602704,0.946249997615812,0.70850000977516,1.43579999171197,0.905799994990232,0.466299992799757
1174,10,19737,H11,1.57134999148548,3.92444998174908,1.92280002124607,2.161400026083,3.36699995398521,21.3327500134706
1174,10,19737,H12,1.06675000190735,1.99530003368855,0.0984000027179714,0.805500026047231,0.536099982261666,0.155900001525878
1174,10,19738,G01,0.40735000371933,0.211700002849101,0.293500001728536,1.25819998681545,0.593099993467335,35.0096498936414
1174,10,19738,G02,1.60854997970164,8.6160500019789,4.14639996290206,10.402199909836,1.95429998785258,12.6803999841213
1174,10,19738,G03,0.560250014066696,25.2520500600338,1.59095001220703,18.9936498641968,1.23635001033546,22.2463000148535
1174,10,19738,G04,0.282649993896483,14.2377999164164,1.70495003461837,15.5965999078005,0.660650004073981,13.353100040555
1174,10,19738,G05,4.32609997540712,35.1351500213146,1.8393500238657,33.9301998972893,1.57080001831057,31.4342001080513
1174,10,19738,G06,0,0,0,0.568899999558925,0.442599996924404,0.267000006139278
1174,10,19738,G07,1.15024999380112,49.4135499060154,2.06559998989104,25.4671998739242,1.37470002174379,20.6361000295728
1174,10,19738,G08,0,0.0421000003814695,0,0.212400007247924,0.157700002193453,0
1174,10,19738,G09,1.90469997823238,30.42735016644,3.52515002042055,39.9836998224258,3.59870006665589,34.471750287339
1174,10,19738,G10,0.729750017076729,25.4263999700546,0.40620001554489,23.0320500284433,2.62235003709796,17.223849991709
1174,10,19738,G11,3.42204995751381,3.32370000667869,1.90629996657372,55.6575997829437,2.74599998593333,45.2109000086784
1174,10,19738,G12,0.22325000166893,10.1142500005662,0.783349999785421,11.3895000735298,2.58360001239927,14.9712501063943
1174,10,19738,H01,0.0261999994516372,17.5086001314223,3.22260000109672,22.4963000833988,3.859099945426,0
1174,10,19738,H02,2.0281999707222,41.4450999796391,1.18385001420975,28.6378000557422,0.891750005632638,16.6330500900745
1174,10,19738,H03,0,0.200499996729196,1.88579998910427,0,1.67380001172423,1.25000000912697
1174,10,19738,H04,1.70605000331998,14.1173000186682,0.931999987363812,25.4464998610318,1.42560000419619,33.1319997906684
1174,10,19738,H05,2.48514999970794,15.5530000306666,0.0700500003993509,19.3336001694202,0.673600003123282,21.4580998718739
1174,10,19738,H06,3.53749999701977,3.9228500045836,4.29559998214245,8.65974997878072,4.79829999879004,47.3165000855923
1174,10,19738,H07,0.25804999768734,34.9583499535918,1.69504999443888,5.1383000701666,0.238900005817413,4.61069999709726
1174,10,19738,H08,4.37759999185801,48.2879998445511,5.69140001013876,43.4873002767563,2.20979996323587,41.1018500089645
1174,10,19738,H09,0.264750003069639,0,0.0537999987602232,0,0,0.74829999208451
1174,10,19738,H10,0.0226999998092651,0.569100007414815,0.0173999994993209,2.42585000768304,0.332750001549722,1.39210000783205
1174,10,19738,H11,1.15949999317527,23.8378000268713,3.68444995358586,32.0221001386642,2.54095001071693,26.0622998476029
1174,10,19738,H12,0,1.88160001933575,0.647199994325637,9.56525001153349,0.211649996042255,1.6099999986589
1174,10,19842,G01,0.53535000383854,38.6645000338554,3.91205000281334,31.906650096178,2.5070499762893,26.8412997484207
1174,10,19842,G02,0.944599997997284,27.0741499364376,2.92905006408691,9.8837999820709,0,14.8442001998425
1174,10,19842,G03,1.3460999906063,21.4119499087334,1.94444999694824,21.8131500273943,0.728249990940102,20.7976000368595
1174,10,19842,G04,0.255399990081788,0.516200016438964,0.432699990272522,36.9123500049114,0.438049995899204,5.15500007569793
1174,10,19842,G05,0.843450009822841,33.3208499491215,3.14594996273516,14.3588501125574,1.60934999585154,34.1277502596378
1174,10,19842,G06,1.75584999620914,39.2052497923374,2.89314995408057,28.7569000087679,1.05320000350475,16.2576999910176
1174,10,19842,G07,0.421450001746416,28.508349839598,1.55255000293254,24.646099948883,1.70454998016359,32.2544500440359
1174,10,19842,G08,4.90245005935429,50.6598002672196,2.18524999618529,36.8630001403391,1.29885000586511,29.8384999111294
1174,10,19842,G09,1.34989998340607,27.7485999748111,0.468300008773805,31.2025996744633,0.802800005674373,26.7273000001908
1174,10,19842,G10,0.464399991929532,0,1.08309999704361,0,0.41619999408722,0.295499992370604
1174,10,19842,G11,1.26280000545085,26.9419999837876,6.51990007907151,23.2275499850511,1.67985001280906,27.2679999053479
1174,10,19842,G12,0.877100005745887,3.61635000258684,0.752250003814697,1.09224998354912,1.48294998109341,11.8710998348892
1174,10,19842,H01,0.0129999995231628,10.692199960351,0.0349000006914138,25.7613501951099,0.880850017070772,0.296199989318847
1174,10,19842,H02,0.033399999141693,0,0.146599996089935,5.87789994087068,0,17.1782000444829
1174,10,19842,H03,2.86104997023939,24.4855500154197,1.1857000105083,22.1335999771952,2.30969998240472,20.3441000144928
1174,10,19842,H04,0.81265001669526,31.2877001147717,2.44949998781084,33.0376999855041,0.811799991130839,23.7536500632763
1174,10,19842,H05,1.4234500169754,34.104150134325,3.42964999079703,29.054849910736,1.79615001678469,26.353999966383
1174,10,19842,H06,0.642800003290175,0.676000010967253,0,2.51159997582435,0.273000009357933,19.3073998689651
1174,10,19842,H07,0.0609000027179718,8.28000003732741,0.268399995565414,11.852499948442,1.23130001276732,13.6986499789171
1174,10,19842,H08,0,9.72340003252028,0.0894999980926511,32.4960998654365,0.0370999991893773,15.8855000495911
1174,10,19842,H09,3.56314995884895,54.0170002460479,0.176099997758864,0.410000005923212,0,6.88279987126587
1174,10,19842,H10,0.714400001242756,23.1427499420941,3.78535002619027,24.8300000429153,1.3012999713421,24.903099912405
1174,10,19842,H11,2.14089999571442,46.749749994278,3.06945005953311,44.9129000246525,5.72249999642375,31.6377498723567
1174,10,19842,H12,17.7271499812603,25.1770500063896,0.537599992752073,25.9659500002861,0.336349999904638,21.7504000544548
1174,10,19843,G01,2.36409998983144,18.4707998093218,2.32399998605251,41.4589000284672,2.72309999167921,28.7935000777244
1174,10,19843,G02,0.038299998641014,1.28720001988113,0.337199999392032,9.16570002138616,0.539099991321562,28.2942499607801
1174,10,19843,G03,0.200750003010034,19.1207499098033,5.00995002388954,20.9665999419987,2.07450004816058,18.6344000730664
1174,10,19843,G04,0.324200001358986,22.6163499325514,1.1170499920845,18.2332499578595,1.13539999723434,19.3815501049161
1174,10,19843,G05,0.19464999884367,0.574700004607441,0.760999986529351,21.5894000917673,1.67019997835162,30.0079499900341
1174,10,19843,G06,2.83235000371933,45.2481500178576,4.25695002228021,46.4720496017486,1.61294999122622,34.656649941206
1174,10,19843,G07,1.3125,23.3364999562502,0.561300006508825,26.3972498089075,0.428349995613104,9.07909990549087
1174,10,19843,G08,7.0868500471115,34.8448498666286,6.51280001178384,23.959999858588,13.4386499494314,23.0881998278201
1174,10,19843,G09,2.33524994403124,11.325600078702,0.992649994790552,1.68405001182109,0,0.309099993109702
1174,10,19843,G10,0.0215000003576278,0,0,0.53110000472516,0,0.689699992537502
1174,10,19843,G11,0.0980000019073483,12.1633000284433,0.206400004029275,16.8616000294685,1.061900010705,16.4843997973949
1174,10,19843,G12,0.40719999074936,6.68209999874235,0.476299998164175,21.1557000398636,2.07319997251036,16.0798999905586
1174,10,19843,H01,1.47590000629425,27.2230500012636,1.32650002539158,29.9118500113487,1.51204997897149,23.4335999637842
1174,10,19843,H02,0,1.20009999275207,0,2.84739997386934,0,6.1536000072956
1174,10,19843,H03,0.0233500003814697,7.10714995414018,1.44754998087883,25.6689500510693,1.15554999113084,15.3571001008153
1174,10,19843,H04,0.168900004029273,17.3871999911964,0.803000012040136,0.611600004881618,0,3.23040000796317
1174,10,19843,H05,0.535299992561339,5.2468999940902,0.432150006294249,22.0443500593305,1.40939999222757,28.5779499344528
1174,10,19843,H06,0.840549993515013,44.8511500954628,1.49334998726844,36.47624989748,3.45575003623967,11.4798997819424
1174,10,19843,H07,1.1126499928534,12.8595999151468,8.29734991043805,19.4736500144005,2.89080002009869,15.2786499738693
1174,10,19843,H08,0.734699988365171,0.123300004005432,1.23270000964403,0.32020000219345,0.601799988746643,0.855399996042258
1174,10,19843,H09,0.190250001847744,30.7009997531772,3.13399998098611,40.2189501464367,3.42824997901919,24.4971498608589
1174,10,19843,H10,0,0,0,5.80520002543924,0.0819000005722058,28.5876001127064
1174,10,19843,H11,0.122800001502037,43.9236000478268,1.85750002264976,31.4032499909401,0.948650014400496,37.9165998697281
1174,10,19843,H12,0.673300004750492,4.99704998843372,0.442049999162554,13.7242000490427,2.67170002236962,10.0780500069261
1174,10,19902,G01,0.746500006318094,24.8693501740694,6.0485500201583,25.2335999138653,4.24544997885823,27.5427999965846
1174,10,19902,G02,0.337899999320508,0.55300000309944,0.185500001907349,0,0.594500007107852,30.5499001890421
1174,10,19902,G03,0.460499995201826,15.3519498500973,0.937849979102611,34.705750143528,0.622550010681161,41.5417001336813
1174,10,19902,G04,0.649550002813339,14.0214000031352,0.155200001597404,3.34515000544488,0.614750011265278,23.647099891305
1174,10,19902,G05,0.551699988543986,7.52319999188186,0.787000008299945,21.2280000463128,3.74500000476841,14.8660999119282
1174,10,19902,G06,0.821500005200503,4.41129994988442,2.00319997370243,15.099500001967,0.234699998050927,17.0562500834465
1174,10,19902,G07,1.35324999056756,29.1939499855042,2.35554999168962,42.2329998373985,3.59880001246932,39.1768999814987
1174,10,19902,G08,0.357999992370605,15.7618499748409,0.212250000238418,12.5517500594258,0.688550007343302,10.4219000106677
1174,10,19902,G09,0.116299998760223,13.101349940151,3.92835000082851,4.18445002753287,1.90029997825622,20.9229999780655
1174,10,19902,G10,0.157750004529953,24.2656999766827,6.17620004992932,28.0394499003887,4.49924995228649,30.6247499972582
1174,10,19902,G11,1.39739999249578,0.126800000667572,0.238900007307529,0,0.0123000003397465,0.0929000020027174
1174,10,19902,G12,2.07929995581508,31.9409998297692,2.91800001561641,21.803750166297,1.80425000190736,15.4477500855923
1174,10,19902,H01,0.773300005495548,19.2711499817669,0.854349976778027,17.4764000475406,0.949400004744539,20.9147499591112
1174,10,19902,H02,0.354849993996321,19.3997498974204,0.503650002181528,14.471699982509,1.10289998352528,2.23829998709262
1174,10,19902,H03,6.09940003305673,1.48990001752973,3.59059999883175,2.53570001721382,3.89755000174045,1.96440001241862
1174,10,19902,H04,0.192299997806549,2.3016000688076,0,23.0921499587595,0.506650000810629,38.5410497665405
1174,10,19902,H05,0.973700021207333,27.3431500911713,2.21955001056193,18.269749891758,4.91045003831386,16.8649499371648
1174,10,19902,H06,0.0779499992728234,14.2430000111461,0.376699995994567,11.0476000018418,0.2652999997139,13.6126000165939
1174,10,19902,H07,0.639599994942545,14.9231999993324,0.506300004571675,16.3138000144623,0.00869999974966046,21.9857500910759
1174,10,19902,H08,0.186000001430511,2.57715002000332,0.907449999451638,19.93995013237,2.90365001410248,13.1444000035524
1174,10,19902,H09,0,5.52690007984636,2.40100006461143,6.94440007675439,0.763200007006528,3.8377000167966
1174,10,19902,H10,0,10.190599924326,0.313999994844197,29.2443501353264,1.03385001718999,35.0831000477075
1174,10,19902,H11,0.527500003576277,43.8641000539064,1.71309997439384,41.8531999588013,1.42094999551774,42.7923498883843
1174,10,19902,H12,3.69949998632073,57.9439995408058,6.17669994235038,60.1619504928589,2.84474997743966,56.5501501917839
1174,10,19903,G01,3.14449999332428,30.3364499822259,2.29995004087685,37.3448499165475,1.13655000552536,26.3315499186516
1174,10,19903,G02,2.75410000085831,42.2270999908447,1.7395000077784,29.6620000839234,1.15924999006093,32.8789001805708
1174,10,19903,G03,0.0942000001668926,0,0,9.85220002196728,1.70049999356271,6.29724997589363
1174,10,19903,G04,0.259950000047683,29.9286999315023,1.17520003393292,30.384700012207,0.815000003576287,38.0117998540401
1174,10,19903,G05,2.86680002510548,1.23369999825955,0.999699980020527,0.924699982907632,2.40784998303279,9.13225001152605
1174,10,19903,G06,3.60090000480414,69.5573498368263,4.48664996623993,47.6830499142408,2.7665999591351,57.9534494936466
1174,10,19903,G07,2.730750015378,35.0518496572971,3.41235001534224,51.3899500608444,2.37015000730755,39.8120997667313
1174,10,19903,G08,1.08069998174906,50.3420501589775,2.3271499633789,17.3742999568581,2.31059994939716,4.86254990696907
1174,10,19903,G09,0.0796500027179717,21.5481999840587,0.716600000858304,16.6268999517895,1.08499998152257,15.2891500733793
1174,10,19903,G10,1.11920000761748,1.83640000186861,0.263900011777877,0,1.25629997849464,12.0583999365568
1174,10,19903,G11,0.0506500005722043,18.6490000229329,1.35149999335408,9.14125001430511,0.440550005435948,16.8275999680162
1174,10,19903,G12,0.330400007963181,4.52510001556947,1.6796500002034,5.38555001979692,0.259100001305346,23.4256998844445
1174,10,19903,H01,0.647499990463255,34.9193497212604,2.72909999489783,4.42350002452731,1.51509999632835,39.1646501243114
1174,10,19903,H02,1.35350000783801,35.6418003320694,3.09339999109506,30.7667999565601,2.35360001325609,5.50570000857114
1174,10,19903,H03,0,0,0.124799999594688,0.311899995803832,3.50690002441409,0.146500003337859
1174,10,19903,H04,2.67194997370243,4.93879994675516,1.43730000257492,8.0672500213608,0.498549999855466,32.3422499015927
1174,10,19903,H05,0,0,0,0,0,0
1174,10,19903,H06,0.916750010848045,52.5277500331402,2.52795002907514,49.6615499138832,3.33764997050169,40.3638998508453
1174,10,19903,H07,0.0909999996423721,11.0854999306612,0.055800002813339,13.9449999608099,0.550999999046331,7.32669995157049
1174,10,19903,H08,0.284200000762939,13.5846500575542,0.715749990940092,12.7563000427559,1.30655000321569,18.5102999433875
1174,10,19903,H09,0.108250001072883,7.75709997192025,0.332000003755092,16.8716001346707,0.983100027963532,17.1282500933855
1174,10,19903,H10,1.04300001561642,1.1628999888897,1.55070000588894,1.5908999890089,0,0.137099999189376
1174,10,19903,H11,3.59024993740022,8.02329996153714,4.8605500906706,46.0431000292301,3.43394998498261,19.9223499592393
1174,10,19903,H12,1.93419999405742,2.8141999989748,0.950799985229966,0.499799998104572,1.92614999637009,8.79725013077261
