bottle.id,casrn,chemical.id,chemical.name,plate.id,conc,well,EPR_max,MO24,any.effect,L1,D1,L2,D2,L3,D3,LPR_light_mean,LPR_dark_mean
P215706,50-32-8,1174,Benzo[a]pyrene,25484,10,A01,0,0,0,0,0,0,0,0,0,0,0
P215706,50-32-8,1174,Benzo[a]pyrene,25484,10,B01,NA,1,1,0,0,0,0,0,0,0,0
P215706,50-32-8,1174,Benzo[a]pyrene,25484,5,C01,14.9957,0,0,1.75809998139739,14.3002501226962,0.735550002008678,16.5097000062466,0,9.63014996657147,0.831,13.48
P215706,50-32-8,1174,Benzo[a]pyrene,25484,5,D01,33.8542,0,0,0.0876000016927716,6.62665006183089,0.424050006270407,28.0928998172283,3.01555004641414,15.697749889642,1.176,16.806
P215706,50-32-8,1174,Benzo[a]pyrene,25484,1,E01,31.9878,0,0,0.729800001159313,27.5426000390202,1.3935000360012,13.3346500247717,3.86125006973747,12.5904000872746,1.995,17.823
P215706,50-32-8,1174,Benzo[a]pyrene,25484,1,F01,36.0677,0,0,0,1.23450000025332,1.29949998855591,0.216800002753733,0,0.712600018456576,0.433,0.721
P215706,50-32-8,1174,Benzo[a]pyrene,25484,0,G01,41.4062,0,0,30.5294501543045,60.2928999185563,35.9110501140356,61.5244999587536,55.3516499638557,44.2077997788787,40.597,55.342
P215706,50-32-8,1174,Benzo[a]pyrene,25484,0,H01,25,0,0,0.378350012283772,1.66015002019703,2.16469999998808,1.04810000061989,0.180600002408027,4.88599997200071,0.908,2.531
P215706,50-32-8,1174,Benzo[a]pyrene,25484,10,A02,0,0,0,0,0,0,0,0,0,0,0
P215706,50-32-8,1174,Benzo[a]pyrene,25484,10,B02,NA,1,1,0,0,0,0,0,0,0,0
P215706,50-32-8,1174,Benzo[a]pyrene,25484,5,C02,20.204,0,0,0,9.34090002402663,0,9.8911000035703,0.17259999513626,5.2088999280706,0.058,8.147
P215706,50-32-8,1174,Benzo[a]pyrene,25484,5,D02,32.8342,0,0,0.0306000001728535,22.3132999710739,1.78859995752572,33.6863999798894,1.37829999327661,22.2393000531941,1.066,26.08
P215706,50-32-8,1174,Benzo[a]pyrene,25484,1,E02,44.9436,0,0,6.04085002243521,14.592800077796,3.656799954921,22.0341001033783,7.47709985077382,5.61109991930424,5.725,14.079
P215706,50-32-8,1174,Benzo[a]pyrene,25484,1,F02,47.0268,0,0,0.673050002008676,8.00505002140999,6.69175003170967,3.90954999625683,0.0275000005960463,6.23920006183907,2.464,6.051
P215706,50-32-8,1174,Benzo[a]pyrene,25484,0,G02,43.4679,0,0,0.2226999938488,5.90924996789545,0.956449995934961,2.25639999285341,0.0349000006914144,0.984599989652631,0.405,3.05
P215706,50-32-8,1174,Benzo[a]pyrene,25484,0,H02,40.1259,0,0,2.14674996435642,17.4717501148581,14.9104999810457,27.5242501063272,17.3170000657439,29.3323502063751,11.458,24.776
P215706,50-32-8,1174,Benzo[a]pyrene,25484,10,A03,NA,1,1,0,0,0,0,0,0,0,0
P215706,50-32-8,1174,Benzo[a]pyrene,25484,10,B03,NA,1,1,0,0,0,0,0,0,0,0
P215706,50-32-8,1174,Benzo[a]pyrene,25484,5,C03,0.0217,0,0,0.927449972927569,20.8646500408649,0.314749999530612,15.4547999471426,0,5.69889991283417,0.414,14.006
P215706,50-32-8,1174,Benzo[a]pyrene,25484,5,D03,23.2205,0,0,1.00389997959136,11.2839498301968,1.57245001792907,1.31610001251101,0.0576999992132185,2.27440000846982,0.878,4.958
P215706,50-32-8,1174,Benzo[a]pyrene,25484,1,E03,47.5261,0,0,0.0164000004529953,15.0346000507474,1.5153999954462,19.5179500460625,0.606349995732314,17.5463999211788,0.713,17.366
P215706,50-32-8,1174,Benzo[a]pyrene,25484,1,F03,46.1372,0,0,2.12965000942349,37.395149859786,4.05965004861353,35.2663495852612,6.29285008758306,41.7800000593066,4.161,38.147
P215706,50-32-8,1174,Benzo[a]pyrene,25484,0,G03,47.4826,0,0,0.210100001096725,23.0625999294222,4.46635001897811,26.4716001231223,2.44420001655819,26.416799993813,2.374,25.317
P215706,50-32-8,1174,Benzo[a]pyrene,25484,0,H03,32.7691,0,0,2.46565003376454,6.64889999516309,2.70989999771117,10.6441999576986,2.67000000476839,12.8456001356244,2.615,10.046
P215706,50-32-8,1174,Benzo[a]pyrene,25484,10,A04,NA,1,1,0,0,0,0,0,0,0,0
P215706,50-32-8,1174,Benzo[a]pyrene,25484,10,B04,NA,1,1,0,0,0,0,0,0,0,0
P215706,50-32-8,1174,Benzo[a]pyrene,25484,5,C04,0,0,1,0,0,0,0,0,0,0,0
P215706,50-32-8,1174,Benzo[a]pyrene,25484,5,D04,28.6241,0,0,0.976700013875961,31.6916000174358,12.6061001641676,25.2871500380337,7.75194983333349,23.7709500771947,7.112,26.917
P215706,50-32-8,1174,Benzo[a]pyrene,25484,1,E04,31.0113,0,0,0.101500000059604,36.8561999440193,5.09670006632804,23.5324999772012,4.16460001915694,31.2476000446826,3.121,30.545
P215706,50-32-8,1174,Benzo[a]pyrene,25484,1,F04,45.7465,0,0,8.42080003619194,33.1118001114577,13.9254500061274,32.4311999589205,6.11960000991822,29.7304002001881,9.489,31.758
P215706,50-32-8,1174,Benzo[a]pyrene,25484,0,G04,55.4253,0,0,4.0581499606371,13.6004999797791,3.6423499956727,3.42780002355574,3.5489500047639,16.2522501386702,3.75,11.094
P215706,50-32-8,1174,Benzo[a]pyrene,25484,0,H04,47.5911,0,0,0.0251999996602535,18.443350020051,1.96545001566409,7.0321001242846,3.6727000128478,24.5651498764753,1.888,16.68
P215706,50-32-8,1174,Benzo[a]pyrene,25484,10,A05,NA,1,1,0,0,0,0,0,0,0,0
P215706,50-32-8,1174,Benzo[a]pyrene,25484,10,B05,NA,1,1,0,0,0,0,0,0,0,0
P215706,50-32-8,1174,Benzo[a]pyrene,25484,5,C05,37.8256,0,0,0.0530000001192093,4.70055000456052,0.75354999005794,18.7084501504898,2.23274999856952,6.69214998483655,1.013,10.034
P215706,50-32-8,1174,Benzo[a]pyrene,25484,5,D05,22.2222,0,0,1.05515000224113,30.1499999716878,1.87220002003014,20.8073501877487,0.619550006091603,17.0687499433756,1.182,22.675
P215706,50-32-8,1174,Benzo[a]pyrene,25484,1,E05,28.9713,0,0,1.39044996183366,29.1335501164198,17.7788000643253,28.0432500176132,4.16080016940838,33.3700000375509,7.777,30.182
P215706,50-32-8,1174,Benzo[a]pyrene,25484,1,F05,44.0538,0,0,0.0753999993205069,22.8514000117779,3.02109997160731,15.8672499667853,2.03314997628333,15.4424499366432,1.71,18.054
P215706,50-32-8,1174,Benzo[a]pyrene,25484,0,G05,26.3889,0,0,0.022300000488758,8.37589998096229,0.90210001133382,7.2437500294298,0.229950002208355,4.45100000770762,0.385,6.69
P215706,50-32-8,1174,Benzo[a]pyrene,25484,0,H05,39.171,0,0,0.829299998283387,3.96519997566938,0.728500013053417,8.2188000112772,1.36394999921322,5.84075007438661,0.974,6.008
P215706,50-32-8,1174,Benzo[a]pyrene,25484,10,A06,0,0,0,0,0,0,0,0,0,0,0
P215706,50-32-8,1174,Benzo[a]pyrene,25484,10,B06,NA,1,1,0,0,0,0,0,0,0,0
P215706,50-32-8,1174,Benzo[a]pyrene,25484,5,C06,35.6771,0,0,0.0755499992519613,0,0.14940000474453,1.02120002806186,0.348400003463035,0.955600003898142,0.191,0.659
P215706,50-32-8,1174,Benzo[a]pyrene,25484,5,D06,16.6667,0,0,0.400349998474121,10.7695000737906,0.931299986690281,7.49600006639959,0.464049996435638,5.76754994876683,0.599,8.011
P215706,50-32-8,1174,Benzo[a]pyrene,25484,1,E06,24.6745,0,0,0.133500003814697,18.2950999151915,1.19630001187324,8.74959999620914,0.737999988347298,2.45370000228286,0.689,9.833
P215706,50-32-8,1174,Benzo[a]pyrene,25484,1,F06,17.0139,0,0,7.86884983330966,0.710100000351667,1.04530001506209,5.29724996183067,0.346049993671481,14.7575000375509,3.087,6.922
P215706,50-32-8,1174,Benzo[a]pyrene,25484,0,G06,30.5122,0,0,3.58429998606444,32.2709999734536,1.3277499936521,26.0136002480984,9.6400499522686,21.3882000105455,4.851,26.558
P215706,50-32-8,1174,Benzo[a]pyrene,25484,0,H06,42.5347,0,0,0.1456000007689,6.69369997791946,2.62600003443657,0.256700005754829,0.755199998244647,2.63040000721812,1.176,3.194
P215706,50-32-8,1174,Benzo[a]pyrene,25484,10,A07,NA,1,1,0,0,0,0,0,0,0,0
P215706,50-32-8,1174,Benzo[a]pyrene,25484,10,B07,NA,1,1,0,0,0,0,0,0,0,0
P215706,50-32-8,1174,Benzo[a]pyrene,25484,5,C07,32.9644,0,0,0.110899996757507,0.43880001306534,0,0.673400004487482,0.177200004458429,2.24900001101196,0.096,1.12
P215706,50-32-8,1174,Benzo[a]pyrene,25484,5,D07,43.1641,0,0,0.492649978399275,14.1623499214649,4.33294995576144,0.17695000171661,0.433150002732879,4.66299997717142,1.753,6.334
P215706,50-32-8,1174,Benzo[a]pyrene,25484,1,E07,18.8151,0,0,0,0.257450005412102,0.109150003641844,0,0.0108999997377396,0.35389999970794,0.04,0.204
P215706,50-32-8,1174,Benzo[a]pyrene,25484,1,F07,33.7891,0,0,0.389449998363852,14.0538000173867,1.269800003618,6.89980002567172,0.519100007414824,3.38199996640905,0.726,8.112
P215706,50-32-8,1174,Benzo[a]pyrene,25484,0,G07,23.2422,0,0,1.21300000306219,18.2476500114426,3.04125003330409,17.7511499643326,4.07924997434021,17.5307500213385,2.778,17.843
P215706,50-32-8,1174,Benzo[a]pyrene,25484,0,H07,6.1198,0,0,0.424900002777577,16.0484000135213,1.15849999859929,20.3413500880822,0.935050023719677,12.6924001011997,0.839,16.361
P215706,50-32-8,1174,Benzo[a]pyrene,25484,10,A08,NA,1,1,0,0,0,0,0,0,0,0
P215706,50-32-8,1174,Benzo[a]pyrene,25484,10,B08,NA,1,1,0,0,0,0,0,0,0,0
P215706,50-32-8,1174,Benzo[a]pyrene,25484,5,C08,30.664,0,0,0.00619999989867208,24.441300142929,0.501699987798927,27.0405501723289,1.54235001057387,30.2378499558195,0.683,27.24
P215706,50-32-8,1174,Benzo[a]pyrene,25484,5,D08,0.0217,0,1,0,0,0,0,0,0,0,0
P215706,50-32-8,1174,Benzo[a]pyrene,25484,1,E08,58.7891,0,0,0.0229999996721744,13.2651499759406,2.43425001800059,0.880899989604954,0.0238999992609023,1.97805000916123,0.827,5.375
P215706,50-32-8,1174,Benzo[a]pyrene,25484,1,F08,22.2439,0,0,0.176599998027087,6.04959998801351,0,0,0.281200006976723,0.926800002902747,0.153,2.325
P215706,50-32-8,1174,Benzo[a]pyrene,25484,0,G08,23.9584,0,0,0,2.85840002149343,0.527750018239019,3.88459998033941,0.642449997365476,5.49469996597617,0.39,4.079
P215706,50-32-8,1174,Benzo[a]pyrene,25484,0,H08,48.763,0,0,0.204649998247623,27.1846501559019,1.29350000843405,26.080799927935,2.88250002413988,20.4472499623895,1.46,24.571
P215706,50-32-8,1174,Benzo[a]pyrene,25484,10,A09,NA,1,1,0,0,0,0,0,0,0,0
P215706,50-32-8,1174,Benzo[a]pyrene,25484,10,B09,NA,1,1,0,0,0,0,0,0,0,0
P215706,50-32-8,1174,Benzo[a]pyrene,25484,5,C09,44.9218,0,0,4.74824994876981,1.63895003423095,0.344799995422362,0,0,0,1.698,0.546
P215706,50-32-8,1174,Benzo[a]pyrene,25484,5,D09,30.8594,0,0,0.105900003015995,0,0.158199998736381,0,0.0196999996900557,0,0.095,0
P215706,50-32-8,1174,Benzo[a]pyrene,25484,1,E09,30.013,0,0,0.190249997377395,14.4364501100034,0.298149999976157,6.2841000266373,0.639999995753175,3.46979999439791,0.376,8.063
P215706,50-32-8,1174,Benzo[a]pyrene,25484,1,F09,21.5929,0,0,0.262099997326731,5.04079998424277,0.363400001078844,14.5807499088347,1.10985000729562,12.266800005734,0.578,10.629
P215706,50-32-8,1174,Benzo[a]pyrene,25484,0,G09,33.3984,0,0,0.00989999994635583,0.192299999296665,0.0451999992132185,15.4825001269579,1.36149999275804,15.3965499983169,0.472,10.357
P215706,50-32-8,1174,Benzo[a]pyrene,25484,0,H09,12.8255,0,0,15.0781500995159,22.3297000106424,1.43754998892545,18.160999905318,1.26020000539721,22.3500498816371,5.925,20.947
P215706,50-32-8,1174,Benzo[a]pyrene,25484,10,A10,0,0,0,0,0,0,0,0,0,0,0
P215706,50-32-8,1174,Benzo[a]pyrene,25484,10,B10,NA,1,1,0,0,0,0,0,0,0,0
P215706,50-32-8,1174,Benzo[a]pyrene,25484,5,C10,60.4167,0,0,1.09439999666065,32.0916500419378,6.89024999812246,20.2207500427961,1.64574999958277,23.7247998811304,3.21,25.346
P215706,50-32-8,1174,Benzo[a]pyrene,25484,5,D10,25.9766,0,0,0.244499999284744,13.6139000647701,5.27050000019372,16.0851000010967,1.30530001297594,6.11569997742771,2.273,11.938
P215706,50-32-8,1174,Benzo[a]pyrene,25484,1,E10,36.5886,0,0,0.118350004404783,21.9064999800176,0.695500009506938,17.4219499692321,1.37145000398161,17.3261500816792,0.728,18.885
P215706,50-32-8,1174,Benzo[a]pyrene,25484,1,F10,40.5816,0,0,2.02269995994866,26.8435499966145,1.37134999483823,26.9755999848246,2.32170000448825,28.611049926281,1.905,27.477
P215706,50-32-8,1174,Benzo[a]pyrene,25484,0,G10,0,0,0,0.64199999719858,28.9722500890494,4.73134991005061,30.9889002174139,2.57690001428128,31.2681000292301,2.65,30.41
P215706,50-32-8,1174,Benzo[a]pyrene,25484,0,H10,0,0,0,0.228899998217821,9.23300000205637,1.7242000233382,12.6693499419838,1.15384998470545,7.4369000488892,1.036,9.78
P215706,50-32-8,1174,Benzo[a]pyrene,25484,10,A11,0,0,0,0,0,0,0,0,0,0,0
P215706,50-32-8,1174,Benzo[a]pyrene,25484,10,B11,NA,1,1,0,0,0,0,0,0,0,0
P215706,50-32-8,1174,Benzo[a]pyrene,25484,5,C11,33.0729,0,0,0.0973499983549117,36.0964499294758,0.905599987506864,30.6514001607895,0.686100001633174,30.7313500344753,0.563,32.493
P215706,50-32-8,1174,Benzo[a]pyrene,25484,5,D11,20.0087,0,0,3.21500002983957,27.127449850738,0.489049995690583,15.8045999346301,2.67659998126328,20.2854000430554,2.127,21.072
P215706,50-32-8,1174,Benzo[a]pyrene,25484,1,E11,NA,1,1,0,0,0,0,0,0,0,0
P215706,50-32-8,1174,Benzo[a]pyrene,25484,1,F11,38.5851,0,0,0.357949999719857,3.01775001566857,0.0408499997109176,6.77700008070097,0.153299994766712,4.25039996504784,0.184,4.682
P215706,50-32-8,1174,Benzo[a]pyrene,25484,0,G11,22.7648,0,0,0.893299990892412,2.34989999383689,0,3.33820005208254,0,6.56760008633135,0.298,4.085
P215706,50-32-8,1174,Benzo[a]pyrene,25484,0,H11,24.8481,0,0,0.0832499995827672,18.1249500356615,0.69905000850558,6.49799995794892,0.332400000095371,1.14529999494552,0.372,8.589
P215706,50-32-8,1174,Benzo[a]pyrene,25484,10,A12,NA,1,1,0,0,0,0,0,0,0,0
P215706,50-32-8,1174,Benzo[a]pyrene,25484,10,B12,NA,1,1,0,0,0,0,0,0,0,0
P215706,50-32-8,1174,Benzo[a]pyrene,25484,5,C12,24.6094,0,0,1.77154997624457,19.4369500029832,4.50034999102353,22.4683498740196,4.77424999251964,13.4440000236034,3.682,18.45
P215706,50-32-8,1174,Benzo[a]pyrene,25484,5,D12,29.0798,0,0,0.0221000000834465,9.07329996349291,0.0261999994516372,14.0233499787748,0.551749998331077,7.77599998768421,0.2,10.291
P215706,50-32-8,1174,Benzo[a]pyrene,25484,1,E12,29.8177,0,0,0.0517999991774559,6.76890003569427,0.479199977219103,2.63400007449092,0,1.59029999300837,0.177,3.664
P215706,50-32-8,1174,Benzo[a]pyrene,25484,1,F12,27.7995,0,0,0.882649990543724,24.8289000630379,0.883449999243022,21.6140000611543,0.711950004845867,12.6335001170635,0.826,19.692
P215706,50-32-8,1174,Benzo[a]pyrene,25484,0,G12,0,0,1,0,0,0,0,0,0,0,0
P215706,50-32-8,1174,Benzo[a]pyrene,25484,0,H12,11.0026,0,0,0.373399992473424,0,0.6072500012815,0.660149992257355,0.164700001478194,6.88030011579398,0.382,2.513
P215706,50-32-8,1174,Benzo[a]pyrene,25485,10,A01,NA,1,1,0,0,0,0,0,0,0,0
P215706,50-32-8,1174,Benzo[a]pyrene,25485,10,B01,NA,1,1,0,0,0,0,0,0,0,0
P215706,50-32-8,1174,Benzo[a]pyrene,25485,5,C01,48.6762,0,0,26.0555000640452,33.385100043565,2.85574999302626,33.2817500948906,2.01005001962185,16.6787500262261,10.307,27.782
P215706,50-32-8,1174,Benzo[a]pyrene,25485,5,D01,39.5833,0,0,0.795100004971029,2.57060005366803,0.434999989718199,10.1752499848604,1.88994998186829,14.4136998787522,1.04,9.053
P215706,50-32-8,1174,Benzo[a]pyrene,25485,1,E01,27.9948,0,0,0.298549997806549,21.3460500108078,1.03409999832511,19.4914499819279,0.757200001925236,21.233700029552,0.697,20.69
P215706,50-32-8,1174,Benzo[a]pyrene,25485,1,F01,33.5503,0,0,0.25885000154376,20.8771501611918,0.151399997994303,19.8308501716703,1.60649996623398,17.1722000251524,0.672,19.293
P215706,50-32-8,1174,Benzo[a]pyrene,25485,0,G01,22.3307,0,0,0.0793500006198883,15.2790999840945,0.755500004440544,8.37440000101924,1.34809997081759,1.11609999127686,0.728,8.257
P215706,50-32-8,1174,Benzo[a]pyrene,25485,0,H01,51.0199,0,0,0.442800003290176,35.0214997708798,1.5171999710612,40.519599583745,1.9672499984503,15.7732000194489,1.309,30.438
P215706,50-32-8,1174,Benzo[a]pyrene,25485,10,A02,NA,1,1,0,0,0,0,0,0,0,0
P215706,50-32-8,1174,Benzo[a]pyrene,25485,10,B02,NA,1,1,0,0,0,0,0,0,0,0
P215706,50-32-8,1174,Benzo[a]pyrene,25485,5,C02,17.079,0,2,0,0,0,0,0,0,0,0
P215706,50-32-8,1174,Benzo[a]pyrene,25485,5,D02,0.0217,0,1,0,0,0,0,0,0,0,0
P215706,50-32-8,1174,Benzo[a]pyrene,25485,1,E02,52.3654,0,0,0.349150004982947,24.219599852711,1.82939997911453,13.6906001262367,1.36259998232128,37.1973998382687,1.18,25.036
P215706,50-32-8,1174,Benzo[a]pyrene,25485,1,F02,28.3854,0,0,0.189000000804663,2.71399997007102,0.44729999303818,12.6433498546481,0.827450016140948,9.73270002007485,0.488,8.363
P215706,50-32-8,1174,Benzo[a]pyrene,25485,0,G02,40.9939,0,0,0.170200000703334,23.4449499640614,1.66995002031326,12.5570498149842,0.0499500012025237,10.6136501267552,0.63,15.539
P215706,50-32-8,1174,Benzo[a]pyrene,25485,0,H02,52.4306,0,0,0,2.15619998089969,0.0211000002920627,0.312100006639962,0.0112000003457069,24.0052000582218,0.011,8.825
P215706,50-32-8,1174,Benzo[a]pyrene,25485,10,A03,0,0,0,0,0,0,0,0,0,0,0
P215706,50-32-8,1174,Benzo[a]pyrene,25485,10,B03,NA,1,1,0,0,0,0,0,0,0,0
P215706,50-32-8,1174,Benzo[a]pyrene,25485,5,C03,52.0182,0,0,1.9456999540329,37.6060000836849,2.98229998871684,40.9121499925852,5.34065000936387,37.2653000831604,3.423,38.594
P215706,50-32-8,1174,Benzo[a]pyrene,25485,5,D03,40.4514,0,0,0.651900011301041,25.8001502133906,4.5102000169456,22.0485998854041,3.60069996081295,15.4983000323176,2.921,21.116
P215706,50-32-8,1174,Benzo[a]pyrene,25485,1,E03,38.2596,0,0,5.25355010926723,35.6607998341322,6.89460001923143,38.1409000895917,3.01799996197225,0.135499996691942,5.055,24.646
P215706,50-32-8,1174,Benzo[a]pyrene,25485,1,F03,58.1598,0,0,4.35919997394085,20.7568998930976,1.47499998286366,22.751050048694,2.90234996005894,29.8092999964952,2.912,24.439
P215706,50-32-8,1174,Benzo[a]pyrene,25485,0,G03,0.5208,0,6,0,0,0,0,0,0,0,0
P215706,50-32-8,1174,Benzo[a]pyrene,25485,0,H03,NA,1,1,0,0,0,0,0,0,0,0
P215706,50-32-8,1174,Benzo[a]pyrene,25485,10,A04,NA,1,1,0,0,0,0,0,0,0,0
P215706,50-32-8,1174,Benzo[a]pyrene,25485,10,B04,NA,1,1,0,0,0,0,0,0,0,0
P215706,50-32-8,1174,Benzo[a]pyrene,25485,5,C04,47.9601,0,0,13.6057999849319,46.0354000609368,5.73879997059701,37.4110997334123,2.04739998728038,28.4047499042004,7.131,37.284
P215706,50-32-8,1174,Benzo[a]pyrene,25485,5,D04,109.6354,0,0,1.47614998072386,38.4433003291488,4.93300001025199,35.8159498721361,4.80935001373293,41.8575999975204,3.74,38.706
P215706,50-32-8,1174,Benzo[a]pyrene,25485,1,E04,33.3767,0,0,0.0532499998807905,8.43254992496222,0.364550000429152,7.59944997113198,0.410049988701945,1.74564999099821,0.276,5.926
P215706,50-32-8,1174,Benzo[a]pyrene,25485,1,F04,20.0304,0,0,0,0,0.380600011348727,0,0,1.29740000460297,0.127,0.432
P215706,50-32-8,1174,Benzo[a]pyrene,25485,0,G04,58.7673,0,0,0.0108000002801418,6.24889995325357,1.05699999928474,6.35059988945722,0.213599999248983,3.4577000459656,0.427,5.352
P215706,50-32-8,1174,Benzo[a]pyrene,25485,0,H04,33.8107,0,0,0.0151999995112418,0.632850010693073,0.767750000581146,4.20619998276235,1.03705001100898,3.56284997211769,0.607,2.801
P215706,50-32-8,1174,Benzo[a]pyrene,25485,10,A05,NA,1,1,0,0,0,0,0,0,0,0
P215706,50-32-8,1174,Benzo[a]pyrene,25485,10,B05,0,0,0,0,0,0,0,0,0,0,0
P215706,50-32-8,1174,Benzo[a]pyrene,25485,5,C05,18.4028,0,0,2.67820003554225,13.2341501058079,2.40425001978873,7.73030004277823,1.11770000830293,9.46489996500314,2.067,10.143
P215706,50-32-8,1174,Benzo[a]pyrene,25485,5,D05,43.75,0,0,0.113499997556209,2.60270002298056,0.608599987626074,0,0,2.80349997151642,0.241,1.802
P215706,50-32-8,1174,Benzo[a]pyrene,25485,1,E05,35.6337,0,0,0.986050009727476,2.45900002326816,0.321900003403425,3.11440000012517,0.0829999983310712,1.75200000312179,0.464,2.442
P215706,50-32-8,1174,Benzo[a]pyrene,25485,1,F05,46.3542,0,0,0.558300016075372,4.19849997162819,0.843000000342729,10.1382499529049,0.223850000649689,0.99740000963211,0.542,5.111
P215706,50-32-8,1174,Benzo[a]pyrene,25485,0,G05,36.3715,0,0,0.0118000000715255,0.149500000476837,0.505900008603931,0.102500000596046,0.336399999260907,1.43270002529026,0.285,0.562
P215706,50-32-8,1174,Benzo[a]pyrene,25485,0,H05,56.8576,0,0,0.367300004512071,0,0,0.0114000000059606,0.0579999990761285,0.0149000003933906,0.142,0.009
P215706,50-32-8,1174,Benzo[a]pyrene,25485,10,A06,0,0,0,0,0,0,0,0,0,0,0
P215706,50-32-8,1174,Benzo[a]pyrene,25485,10,B06,NA,1,1,0,0,0,0,0,0,0,0
P215706,50-32-8,1174,Benzo[a]pyrene,25485,5,C06,42.7951,0,0,0.0660000026226043,32.7805499851704,4.58844998441636,34.3675498381257,2.47155002355576,24.3871500238776,2.375,30.512
P215706,50-32-8,1174,Benzo[a]pyrene,25485,5,D06,28.0165,0,0,0,1.48280000686645,0,0,0,0.263499999046327,0,0.582
P215706,50-32-8,1174,Benzo[a]pyrene,25485,1,E06,24.0885,0,0,0.496150001883504,19.5166499730199,2.28435003906488,21.8999500475824,1.43154998496177,20.3371502161026,1.404,20.585
P215706,50-32-8,1174,Benzo[a]pyrene,25485,1,F06,15.5382,0,0,0,2.37979997545481,0.329099999368191,0.730850008875135,0.277349998801949,4.68490000627933,0.202,2.599
P215706,50-32-8,1174,Benzo[a]pyrene,25485,0,G06,32.2266,0,0,0.556400009989739,0.460299994051456,0.636199994385242,0.238900005072355,0.00850000008940707,0,0.4,0.233
P215706,50-32-8,1174,Benzo[a]pyrene,25485,0,H06,0,0,4,0,0,0,0,0,0,0,0
P215706,50-32-8,1174,Benzo[a]pyrene,25485,10,A07,NA,1,1,0,0,0,0,0,0,0,0
P215706,50-32-8,1174,Benzo[a]pyrene,25485,10,B07,NA,1,1,0,0,0,0,0,0,0,0
P215706,50-32-8,1174,Benzo[a]pyrene,25485,5,C07,53.0165,0,0,0.00280000008642673,5.62329996488987,0.957500009983777,2.42049996852874,0.0995000004768367,1.36650000289082,0.353,3.137
P215706,50-32-8,1174,Benzo[a]pyrene,25485,5,D07,48.4592,0,0,8.78179997261614,19.7639499802142,0.766600004397331,0.260999989509582,0,1.19189999997617,3.183,7.072
P215706,50-32-8,1174,Benzo[a]pyrene,25485,1,E07,35.1996,0,0,0.282000000029802,6.58500000387429,1.37279995977878,0.0429000005126001,0.497300012409689,0.907399985939268,0.717,2.512
P215706,50-32-8,1174,Benzo[a]pyrene,25485,1,F07,0.1302,0,1,0,0,0,0,0,0,0,0
P215706,50-32-8,1174,Benzo[a]pyrene,25485,0,G07,26.8663,0,0,5.12190004512669,25.4498500347137,6.0363501187414,28.68569990471,1.678499981761,23.8731000108645,4.279,26.003
P215706,50-32-8,1174,Benzo[a]pyrene,25485,0,H07,57.2917,0,0,0.025799998641014,2.55910000409931,0.854399989545345,0.010700000077486,0,0,0.293,0.857
P215706,50-32-8,1174,Benzo[a]pyrene,25485,10,A08,NA,1,1,0,0,0,0,0,0,0,0
P215706,50-32-8,1174,Benzo[a]pyrene,25485,10,B08,NA,1,1,0,0,0,0,0,0,0,0
P215706,50-32-8,1174,Benzo[a]pyrene,25485,5,C08,27.7995,0,0,1.98409997224808,25.3664500176907,1.21675001382827,24.0784501075744,0.785150003433237,19.7530998811126,1.329,23.066
P215706,50-32-8,1174,Benzo[a]pyrene,25485,5,D08,47.9384,0,0,0,0,0,0,0,0,0,0
P215706,50-32-8,1174,Benzo[a]pyrene,25485,1,E08,19.8568,0,0,0.0119999997317791,0.503599997982385,0,0.0916000023484227,0,0,0.004,0.198
P215706,50-32-8,1174,Benzo[a]pyrene,25485,1,F08,20.6814,0,0,1.01689999625087,16.3243499062956,1.16944999694824,19.1503501154482,0.74245001077653,12.0158000662923,0.976,15.83
P215706,50-32-8,1174,Benzo[a]pyrene,25485,0,G08,38.2812,0,0,0.182099996507168,7.61230000555515,0.143800002336503,2.45219998282845,0.347799991816287,3.83059992697089,0.225,4.632
P215706,50-32-8,1174,Benzo[a]pyrene,25485,0,H08,35.3082,0,2,0,0,0,0,0,0,0,0
P215706,50-32-8,1174,Benzo[a]pyrene,25485,10,A09,NA,1,1,0,0,0,0,0,0,0,0
P215706,50-32-8,1174,Benzo[a]pyrene,25485,10,B09,NA,1,1,0,0,0,0,0,0,0,0
P215706,50-32-8,1174,Benzo[a]pyrene,25485,5,C09,27.6042,0,0,1.48524996042251,0.958100017160182,0.0329999998211861,0.781100003421306,0,0.0240000002086161,0.506,0.588
P215706,50-32-8,1174,Benzo[a]pyrene,25485,5,D09,0.1953,0,0,0.228499995917081,0,0.357800003886224,0.136399999260902,0.344499996304512,1.25880000405013,0.31,0.465
P215706,50-32-8,1174,Benzo[a]pyrene,25485,1,E09,56.7708,0,0,2.26735002063214,20.7436999335885,21.3556499868631,27.2474499046802,16.5081500098109,27.9084001362324,13.377,25.3
P215706,50-32-8,1174,Benzo[a]pyrene,25485,1,F09,28.1901,0,0,5.14124998264015,24.9850999526679,2.84199997922405,16.3174501000903,1.09259999841452,9.09150001965462,3.025,16.798
P215706,50-32-8,1174,Benzo[a]pyrene,25485,0,G09,0,0,1,0,0,0,0,0,0,0,0
P215706,50-32-8,1174,Benzo[a]pyrene,25485,0,H09,21.8967,0,0,0.493599998950956,14.7601999238133,0.0218999996781349,21.4904499150812,1.29445003420116,13.7584498871118,0.603,16.67
P215706,50-32-8,1174,Benzo[a]pyrene,25485,10,A10,NA,1,1,0,0,0,0,0,0,0,0
P215706,50-32-8,1174,Benzo[a]pyrene,25485,10,B10,NA,1,1,0,0,0,0,0,0,0,0
P215706,50-32-8,1174,Benzo[a]pyrene,25485,5,C10,46.4192,0,0,0.420700000226498,0.0542999997735022,0.515849994868039,0.953350003994997,0.0927999973297131,0.928499978780743,0.343,0.645
P215706,50-32-8,1174,Benzo[a]pyrene,25485,5,D10,56.6624,0,0,1.13010000288486,35.042899736017,1.95134998708963,30.0453498482704,4.89189985841518,32.0335001409054,2.658,32.374
P215706,50-32-8,1174,Benzo[a]pyrene,25485,1,E10,25.7378,0,0,0.33784999847412,11.4001999689266,0.0555000007152555,12.5811999130063,0.548299998044972,2.42060000896454,0.314,8.801
P215706,50-32-8,1174,Benzo[a]pyrene,25485,1,F10,37.8689,0,0,0.00434999987483023,21.048900103569,1.56310001835227,0.588299991935489,0.0461999990046024,9.63049999848007,0.538,10.423
P215706,50-32-8,1174,Benzo[a]pyrene,25485,0,G10,34.8308,0,0,0.0215499997138976,1.57940000072122,0.0499999999999998,2.4136499799788,0.113450000062585,6.08309999406337,0.062,3.359
P215706,50-32-8,1174,Benzo[a]pyrene,25485,0,H10,16.4063,0,0,0.0177499994635581,9.75955011467449,0.691249992651867,13.273800143227,0.0358999997377401,6.25364991351961,0.248,9.762
P215706,50-32-8,1174,Benzo[a]pyrene,25485,10,A11,NA,1,1,0,0,0,0,0,0,0,0
P215706,50-32-8,1174,Benzo[a]pyrene,25485,10,B11,0,0,0,0,0,0,0,0,0,0,0
P215706,50-32-8,1174,Benzo[a]pyrene,25485,5,C11,41.3195,0,0,0.660150001943111,21.465550032258,0.472949994727968,12.3473000712693,0.876749990135431,12.9611000359058,0.67,15.591
P215706,50-32-8,1174,Benzo[a]pyrene,25485,5,D11,3.2118,0,1,0,0,0,0,0,0,0,0
P215706,50-32-8,1174,Benzo[a]pyrene,25485,1,E11,11.8706,0,0,0.116700001060963,10.7519999206066,0.149600000679492,1.34500001110137,0.178400000184774,0.023700000345707,0.148,4.04
P215706,50-32-8,1174,Benzo[a]pyrene,25485,1,F11,55.7726,0,0,0.155349998176098,1.87849998623132,4.51609990745782,0.144300006330013,0.28990000933409,0.640100009739398,1.654,0.888
P215706,50-32-8,1174,Benzo[a]pyrene,25485,0,G11,46.9618,0,0,0.454200011491775,12.4660999837331,0.492199998348949,12.9949999697506,0.142300000786783,11.8357999667525,0.363,12.432
P215706,50-32-8,1174,Benzo[a]pyrene,25485,0,H11,29.1233,0,0,0,23.8117497203871,1.8645499318838,20.0554500319064,1.05104997977615,29.664100048691,0.972,24.51
P215706,50-32-8,1174,Benzo[a]pyrene,25485,10,A12,NA,1,1,0,0,0,0,0,0,0,0
P215706,50-32-8,1174,Benzo[a]pyrene,25485,10,B12,NA,1,1,0,0,0,0,0,0,0,0
P215706,50-32-8,1174,Benzo[a]pyrene,25485,5,C12,16.3411,0,0,0.187600000947714,1.18575000017882,0.634749992191792,1.88505001273006,3.78785002417862,1.42269998453558,1.537,1.498
P215706,50-32-8,1174,Benzo[a]pyrene,25485,5,D12,25.3255,0,0,0.123499999567866,0,0.171950003504753,0.0577500008046629,0.368200004100799,0.276499999314545,0.221,0.111
P215706,50-32-8,1174,Benzo[a]pyrene,25485,1,E12,27.3872,0,0,1.10085000228137,22.9307999104261,2.12074999846517,12.6940500136465,2.01534999385479,20.6551998618059,1.746,18.76
P215706,50-32-8,1174,Benzo[a]pyrene,25485,1,F12,16.059,0,0,0.43304999321699,29.3084998190403,1.27070000916719,29.7756000444293,0.621149989962582,24.498599909246,0.775,27.861
P215706,50-32-8,1174,Benzo[a]pyrene,25485,0,G12,35.8507,0,0,0,0.209900003671647,0.0272000014781953,0.496549989283085,0.624750009924175,0.783099985867742,0.217,0.497
P215706,50-32-8,1174,Benzo[a]pyrene,25485,0,H12,28.5591,0,0,0.394449996203184,10.8643999614753,1.24480000436306,0.250400002487001,0.334899996593599,0.256499999761581,0.658,3.79
