"chemical.id","bottle.id","conc","plate.id","well","date","MO24","DP24","SM24","MORT","CRAN","AXIS","EDEM","MUSC","LTRK","BRN_","SKIN","NC__","TCHR","DNC_"
"P215706","P215706","0","25484","G01","20220506",0,0,0,0,0,0,0,0,0,0,0,0,0,0
"P215706","P215706","0","25484","H01","20220506",0,0,0,0,0,0,0,0,0,0,0,0,0,0
"P215706","P215706","0","25484","G02","20220506",0,0,0,0,0,0,0,0,0,0,0,0,0,0
"P215706","P215706","0","25484","H02","20220506",0,0,0,0,0,0,0,0,0,0,0,0,0,0
"P215706","P215706","0","25484","G03","20220506",0,0,0,0,0,0,0,0,0,0,0,0,0,0
"P215706","P215706","0","25484","H03","20220506",0,0,0,0,0,0,0,0,0,0,0,0,0,0
"P215706","P215706","0","25484","G04","20220506",0,0,0,0,0,0,0,0,0,0,0,0,0,0
"P215706","P215706","0","25484","H04","20220506",0,0,0,0,0,0,0,0,0,0,0,0,0,0
"P215706","P215706","0","25484","G05","20220506",0,0,0,0,0,0,0,0,0,0,0,0,0,0
"P215706","P215706","0","25484","H05","20220506",0,0,0,0,0,0,0,0,0,0,0,0,0,0
"P215706","P215706","0","25484","G06","20220506",0,0,0,0,0,0,0,0,0,0,0,0,0,0
"P215706","P215706","0","25484","H06","20220506",0,0,0,0,0,0,0,0,0,0,0,0,0,0
"P215706","P215706","0","25484","G07","20220506",0,0,0,0,0,0,0,0,0,0,0,0,0,0
"P215706","P215706","0","25484","H07","20220506",0,0,0,0,0,0,0,0,0,0,0,0,0,0
"P215706","P215706","0","25484","G08","20220506",0,0,0,0,0,0,0,0,0,0,0,0,0,0
"P215706","P215706","0","25484","H08","20220506",0,0,0,0,0,0,0,0,0,0,0,0,0,0
"P215706","P215706","0","25484","G09","20220506",0,0,0,0,0,0,0,0,0,0,0,0,0,0
"P215706","P215706","0","25484","H09","20220506",0,0,0,0,0,0,0,0,0,0,0,0,0,0
"P215706","P215706","0","25484","G10","20220506",0,0,0,0,0,0,0,0,0,0,0,0,0,0
"P215706","P215706","0","25484","H10","20220506",0,0,0,0,0,0,0,0,0,0,0,0,0,0
"P215706","P215706","0","25484","G11","20220506",0,0,0,0,0,0,0,0,0,0,0,0,0,0
"P215706","P215706","0","25484","H11","20220506",0,0,0,0,0,0,0,0,0,0,0,0,0,0
"P215706","P215706","0","25484","G12","20220506",0,0,0,1,NA,NA,NA,NA,NA,NA,NA,NA,NA,0
"P215706","P215706","0","25484","H12","20220506",0,0,0,0,0,0,0,0,0,0,0,0,0,0
"P215706","P215706","0","25485","G01","20220506",0,0,0,0,0,0,0,0,0,0,0,0,0,0
"P215706","P215706","0","25485","H01","20220506",0,0,0,0,0,0,0,0,0,0,0,0,0,0
"P215706","P215706","0","25485","G02","20220506",0,0,0,0,0,0,0,0,0,0,0,0,0,0
"P215706","P215706","0","25485","H02","20220506",0,0,0,0,0,0,0,0,0,0,0,0,0,0
"P215706","P215706","0","25485","G03","20220506",0,0,0,0,1,1,1,1,1,0,0,0,1,0
"P215706","P215706","0","25485","H03","20220506",1,NA,NA,NA,NA,NA,NA,NA,NA,NA,NA,NA,NA,0
"P215706","P215706","0","25485","G04","20220506",0,0,0,0,0,0,0,0,0,0,0,0,0,0
"P215706","P215706","0","25485","H04","20220506",0,0,0,0,0,0,0,0,0,0,0,0,0,0
"P215706","P215706","0","25485","G05","20220506",0,0,0,0,0,0,0,0,0,0,0,0,0,0
"P215706","P215706","0","25485","H05","20220506",0,0,0,0,0,0,0,0,0,0,0,0,0,0
"P215706","P215706","0","25485","G06","20220506",0,0,0,0,0,0,0,0,0,0,0,0,0,0
"P215706","P215706","0","25485","H06","20220506",0,0,0,0,1,1,1,0,1,0,0,0,0,0
"P215706","P215706","0","25485","G07","20220506",0,0,0,0,0,0,0,0,0,0,0,0,0,0
"P215706","P215706","0","25485","H07","20220506",0,0,0,0,0,0,0,0,0,0,0,0,0,0
"P215706","P215706","0","25485","G08","20220506",0,0,0,0,0,0,0,0,0,0,0,0,0,0
"P215706","P215706","0","25485","H08","20220506",0,0,0,0,1,0,0,0,1,0,0,0,0,0
"P215706","P215706","0","25485","G09","20220506",0,0,0,1,NA,NA,NA,NA,NA,NA,NA,NA,NA,0
"P215706","P215706","0","25485","H09","20220506",0,0,0,0,0,0,0,0,0,0,0,0,0,0
"P215706","P215706","0","25485","G10","20220506",0,0,0,0,0,0,0,0,0,0,0,0,0,0
"P215706","P215706","0","25485","H10","20220506",0,0,0,0,0,0,0,0,0,0,0,0,0,0
"P215706","P215706","0","25485","G11","20220506",0,0,0,0,0,0,0,0,0,0,0,0,0,0
"P215706","P215706","0","25485","H11","20220506",0,0,0,0,0,0,0,0,0,0,0,0,0,0
"P215706","P215706","0","25485","G12","20220506",0,0,0,0,0,0,0,0,0,0,0,0,0,0
"P215706","P215706","0","25485","H12","20220506",0,0,0,0,0,0,0,0,0,0,0,0,0,0
"P215706","P215706","0","25486","G01","20220506",0,0,0,0,0,0,0,0,0,0,0,0,0,0
"P215706","P215706","0","25486","H01","20220506",0,0,0,0,0,0,0,0,0,0,0,0,0,0
"P215706","P215706","0","25486","G02","20220506",0,0,0,0,0,0,0,0,0,0,0,0,0,0
"P215706","P215706","0","25486","H02","20220506",0,0,0,0,0,0,0,0,0,0,0,0,0,0
"P215706","P215706","0","25486","G03","20220506",0,0,0,0,0,0,0,0,0,0,0,0,0,0
"P215706","P215706","0","25486","H03","20220506",0,0,0,0,0,0,0,0,0,0,0,0,0,0
"P215706","P215706","0","25486","G04","20220506",0,0,0,0,0,0,0,0,0,0,0,0,0,0
"P215706","P215706","0","25486","H04","20220506",0,0,0,0,0,0,0,0,0,0,0,0,0,0
"P215706","P215706","0","25486","G05","20220506",0,0,0,0,0,0,0,0,0,0,0,0,0,0
"P215706","P215706","0","25486","H05","20220506",0,0,0,0,0,0,0,0,0,0,0,0,0,0
"P215706","P215706","0","25486","G06","20220506",0,0,0,0,0,0,0,0,0,0,0,0,0,0
"P215706","P215706","0","25486","H06","20220506",0,0,0,0,0,0,0,0,0,0,0,0,0,0
"P215706","P215706","0","25486","G07","20220506",0,0,0,0,0,0,0,0,0,0,0,0,0,0
"P215706","P215706","0","25486","H07","20220506",0,0,0,0,0,0,0,0,0,0,0,0,0,0
"P215706","P215706","0","25486","G08","20220506",0,0,0,0,0,0,0,0,0,0,0,0,0,0
"P215706","P215706","0","25486","H08","20220506",0,0,0,0,0,0,0,0,0,0,0,0,0,0
"P215706","P215706","0","25486","G09","20220506",0,0,0,0,0,0,0,0,0,0,0,0,0,0
"P215706","P215706","0","25486","H09","20220506",0,0,0,0,0,0,0,0,0,0,0,0,0,0
"P215706","P215706","0","25486","G10","20220506",0,0,0,0,0,0,0,0,0,0,0,0,0,0
"P215706","P215706","0","25486","H10","20220506",0,0,0,0,0,0,0,0,0,0,0,0,0,0
"P215706","P215706","0","25486","G11","20220506",0,0,0,0,0,0,0,0,0,0,0,0,0,0
"P215706","P215706","0","25486","H11","20220506",0,0,0,0,0,0,0,0,0,0,0,0,0,0
"P215706","P215706","0","25486","G12","20220506",0,0,0,0,0,0,0,0,0,0,0,0,0,0
"P215706","P215706","0","25486","H12","20220506",0,0,0,0,0,0,0,0,0,0,0,0,0,0
"P215706","P215706","0","25487","G01","20220506",0,0,0,0,0,0,0,0,0,0,0,0,0,0
"P215706","P215706","0","25487","H01","20220506",0,0,0,0,0,0,0,0,0,0,0,0,0,0
"P215706","P215706","0","25487","G02","20220506",0,0,0,0,0,0,0,0,0,0,0,0,0,0
"P215706","P215706","0","25487","H02","20220506",0,0,0,0,0,0,0,0,0,0,0,0,0,0
"P215706","P215706","0","25487","G03","20220506",0,0,0,0,0,0,0,0,0,0,0,0,0,0
"P215706","P215706","0","25487","H03","20220506",0,0,0,0,0,0,0,0,0,0,0,0,0,0
"P215706","P215706","0","25487","G04","20220506",0,0,0,0,0,0,0,0,0,0,0,0,0,0
"P215706","P215706","0","25487","H04","20220506",0,0,0,0,0,0,0,0,0,0,0,0,0,0
"P215706","P215706","0","25487","G05","20220506",0,0,0,0,0,0,0,0,0,0,0,0,0,0
"P215706","P215706","0","25487","H05","20220506",0,0,0,0,0,0,0,0,0,0,0,0,0,0
"P215706","P215706","0","25487","G06","20220506",0,0,0,0,0,0,0,0,0,0,0,0,0,0
"P215706","P215706","0","25487","H06","20220506",0,0,0,0,0,0,0,0,0,0,0,0,0,0
"P215706","P215706","0","25487","G07","20220506",0,0,0,0,0,0,0,0,0,0,0,0,0,0
"P215706","P215706","0","25487","H07","20220506",0,0,0,0,0,0,0,0,0,0,0,0,0,0
"P215706","P215706","0","25487","G08","20220506",0,0,0,0,0,0,0,0,0,0,0,0,0,0
"P215706","P215706","0","25487","H08","20220506",0,0,0,0,0,0,0,0,0,0,0,0,0,0
"P215706","P215706","0","25487","G09","20220506",0,0,0,0,0,0,0,0,0,0,0,0,0,0
"P215706","P215706","0","25487","H09","20220506",0,0,0,0,0,0,0,0,0,0,0,0,0,0
"P215706","P215706","0","25487","G10","20220506",0,0,0,0,0,0,0,0,0,0,0,0,0,0
"P215706","P215706","0","25487","H10","20220506",0,0,0,0,0,0,0,0,0,0,0,0,0,0
"P215706","P215706","0","25487","G11","20220506",0,0,0,0,0,0,0,0,0,0,0,0,0,0
"P215706","P215706","0","25487","H11","20220506",0,0,0,0,0,0,0,0,0,0,0,0,0,0
"P215706","P215706","0","25487","G12","20220506",0,0,0,0,0,0,0,0,0,0,0,0,0,0
"P215706","P215706","0","25487","H12","20220506",0,0,0,0,0,0,0,0,0,0,0,0,0,0
"P215706","P215706","0","25488","G01","20220506",0,0,0,0,0,0,0,0,0,0,0,0,0,0
"P215706","P215706","0","25488","H01","20220506",0,0,0,0,0,0,0,0,0,0,0,0,0,0
"P215706","P215706","0","25488","G02","20220506",0,0,0,0,0,0,0,0,0,0,0,0,0,0
"P215706","P215706","0","25488","H02","20220506",0,0,0,0,0,0,0,0,0,0,0,0,0,0
"P215706","P215706","0","25488","G03","20220506",0,0,0,0,0,0,0,0,0,0,0,0,0,0
"P215706","P215706","0","25488","H03","20220506",0,0,0,0,0,0,0,0,0,0,0,0,0,0
"P215706","P215706","0","25488","G04","20220506",0,0,0,0,0,0,0,0,0,0,0,0,0,0
"P215706","P215706","0","25488","H04","20220506",0,0,0,0,0,0,0,0,0,0,0,0,0,0
"P215706","P215706","0","25488","G05","20220506",0,0,0,0,0,0,0,0,0,0,0,0,0,0
"P215706","P215706","0","25488","H05","20220506",0,0,0,0,0,0,0,0,0,0,0,0,0,0
"P215706","P215706","0","25488","G06","20220506",0,0,0,0,0,0,0,0,0,0,0,0,0,0
"P215706","P215706","0","25488","H06","20220506",0,0,0,0,0,0,0,0,0,0,0,0,0,0
"P215706","P215706","0","25488","G07","20220506",0,0,0,0,0,0,0,0,0,0,0,0,0,0
"P215706","P215706","0","25488","H07","20220506",0,0,0,0,0,0,0,0,0,0,0,0,0,0
"P215706","P215706","0","25488","G08","20220506",0,0,0,0,0,0,0,0,0,0,0,0,0,0
"P215706","P215706","0","25488","H08","20220506",0,0,0,0,0,0,0,0,0,0,0,0,0,0
"P215706","P215706","0","25488","G09","20220506",0,0,0,0,0,0,0,0,0,0,0,0,0,0
"P215706","P215706","0","25488","H09","20220506",0,0,0,0,0,0,0,0,0,0,0,0,0,0
"P215706","P215706","0","25488","G10","20220506",0,0,0,0,0,0,0,0,0,0,0,0,0,0
"P215706","P215706","0","25488","H10","20220506",0,0,0,0,0,0,0,0,0,0,0,0,0,0
"P215706","P215706","0","25488","G11","20220506",0,0,0,0,0,0,0,0,0,0,0,0,0,0
"P215706","P215706","0","25488","H11","20220506",0,0,0,0,0,0,0,0,0,0,0,0,0,0
"P215706","P215706","0","25488","G12","20220506",0,0,0,0,0,0,0,0,0,0,0,0,0,0
"P215706","P215706","0","25488","H12","20220506",0,0,0,0,0,0,0,0,0,0,0,0,0,0
"P215706","P215706","0","25489","G01","20220506",0,0,0,0,0,0,0,0,0,0,0,0,0,0
"P215706","P215706","0","25489","H01","20220506",0,0,0,0,0,0,0,0,0,0,0,0,0,0
"P215706","P215706","0","25489","G02","20220506",0,0,0,0,0,0,0,0,0,0,0,0,0,0
"P215706","P215706","0","25489","H02","20220506",0,0,0,0,0,0,0,0,0,0,0,0,0,0
"P215706","P215706","0","25489","G03","20220506",1,NA,NA,NA,NA,NA,NA,NA,NA,NA,NA,NA,NA,0
"P215706","P215706","0","25489","H03","20220506",0,0,0,0,0,0,0,0,0,0,0,0,0,0
"P215706","P215706","0","25489","G04","20220506",0,0,0,0,0,0,0,0,0,0,0,0,0,0
"P215706","P215706","0","25489","H04","20220506",0,0,0,0,0,0,0,0,0,0,0,0,0,0
"P215706","P215706","0","25489","G05","20220506",0,0,0,0,0,0,0,0,0,0,0,0,0,0
"P215706","P215706","0","25489","H05","20220506",0,0,0,0,0,0,0,0,0,0,0,0,0,0
"P215706","P215706","0","25489","G06","20220506",0,0,0,0,0,0,0,0,0,0,0,0,0,0
"P215706","P215706","0","25489","H06","20220506",0,0,0,0,0,0,0,0,0,0,0,0,0,0
"P215706","P215706","0","25489","G07","20220506",0,0,0,0,0,0,0,0,0,0,0,0,0,0
"P215706","P215706","0","25489","H07","20220506",1,NA,NA,NA,NA,NA,NA,NA,NA,NA,NA,NA,NA,0
"P215706","P215706","0","25489","G08","20220506",0,0,0,0,0,0,0,0,0,0,0,0,0,0
"P215706","P215706","0","25489","H08","20220506",0,0,0,0,0,0,0,0,0,0,0,0,0,0
"P215706","P215706","0","25489","G09","20220506",0,0,0,0,0,0,0,0,0,0,0,0,0,0
"P215706","P215706","0","25489","H09","20220506",0,0,0,0,0,0,0,0,0,0,0,0,0,0
"P215706","P215706","0","25489","G10","20220506",0,0,0,0,0,0,0,0,0,0,0,0,0,0
"P215706","P215706","0","25489","H10","20220506",0,0,0,0,0,0,0,0,0,0,0,0,0,0
"P215706","P215706","0","25489","G11","20220506",0,0,0,0,0,0,0,0,0,0,0,0,0,0
"P215706","P215706","0","25489","H11","20220506",0,0,0,0,0,0,0,0,0,0,0,0,0,0
"P215706","P215706","0","25489","G12","20220506",0,0,0,0,0,0,0,0,0,0,0,0,0,0
"P215706","P215706","0","25489","H12","20220506",0,0,0,0,0,0,0,0,0,0,0,0,0,0
"P215706","P215706","0","25490","G01","20220506",0,0,0,0,0,0,0,0,0,0,0,0,0,0
"P215706","P215706","0","25490","H01","20220506",0,0,0,0,0,0,0,0,0,0,0,0,0,0
"P215706","P215706","0","25490","G02","20220506",0,0,0,0,0,0,0,0,0,0,0,0,0,0
"P215706","P215706","0","25490","H02","20220506",0,0,0,0,0,0,0,0,0,0,0,0,0,0
"P215706","P215706","0","25490","G03","20220506",0,0,0,0,0,0,0,0,0,0,0,0,0,0
"P215706","P215706","0","25490","H03","20220506",0,0,0,0,0,0,0,0,0,0,0,0,0,0
"P215706","P215706","0","25490","G04","20220506",0,0,0,0,0,0,0,0,0,0,0,0,0,0
"P215706","P215706","0","25490","H04","20220506",0,0,0,0,0,0,0,0,0,0,0,0,0,0
"P215706","P215706","0","25490","G05","20220506",0,0,0,0,0,0,0,0,0,0,0,0,0,0
"P215706","P215706","0","25490","H05","20220506",0,0,0,0,0,0,0,0,0,0,0,0,0,0
"P215706","P215706","0","25490","G06","20220506",0,0,0,0,0,0,0,0,0,0,0,0,0,0
"P215706","P215706","0","25490","H06","20220506",0,0,0,0,0,0,0,0,0,0,0,0,0,0
"P215706","P215706","0","25490","G07","20220506",0,0,0,0,0,0,0,0,0,0,0,0,0,0
"P215706","P215706","0","25490","H07","20220506",0,0,0,0,0,0,0,0,0,0,0,0,0,0
"P215706","P215706","0","25490","G08","20220506",0,0,0,0,0,0,0,0,0,0,0,0,0,0
"P215706","P215706","0","25490","H08","20220506",0,0,0,0,0,0,0,0,0,0,0,0,0,0
"P215706","P215706","0","25490","G09","20220506",0,0,0,0,0,0,0,0,0,0,0,0,0,0
"P215706","P215706","0","25490","H09","20220506",0,0,0,0,0,0,0,0,0,0,0,0,0,0
"P215706","P215706","0","25490","G10","20220506",0,0,0,0,0,0,0,0,0,0,0,0,0,0
"P215706","P215706","0","25490","H10","20220506",0,0,0,0,0,0,0,0,0,0,0,0,0,0
"P215706","P215706","0","25490","G11","20220506",0,0,0,0,0,0,0,0,0,0,0,0,0,0
"P215706","P215706","0","25490","H11","20220506",0,0,0,0,0,0,0,0,0,0,0,0,0,0
"P215706","P215706","0","25490","G12","20220506",0,0,0,0,0,0,0,0,0,0,0,0,0,0
"P215706","P215706","0","25490","H12","20220506",0,0,0,0,0,0,0,0,0,0,0,0,0,0
"P215706","P215706","0","25492","G01","20220506",1,NA,NA,NA,NA,NA,NA,NA,NA,NA,NA,NA,NA,0
"P215706","P215706","0","25492","H01","20220506",0,0,0,0,0,0,0,0,0,0,0,0,0,0
"P215706","P215706","0","25492","G02","20220506",0,0,0,0,0,0,0,0,0,0,0,0,0,0
"P215706","P215706","0","25492","H02","20220506",0,0,0,0,0,0,0,0,0,0,0,0,0,0
"P215706","P215706","0","25492","G03","20220506",0,0,0,0,0,0,0,0,0,0,0,0,0,0
"P215706","P215706","0","25492","H03","20220506",0,0,0,0,0,0,0,0,0,0,0,0,0,0
"P215706","P215706","0","25492","G04","20220506",0,0,0,0,0,0,0,0,0,0,0,0,0,0
"P215706","P215706","0","25492","H04","20220506",0,0,0,0,0,0,0,0,0,0,0,0,0,0
"P215706","P215706","0","25492","G05","20220506",0,0,0,0,0,0,0,0,0,0,0,0,0,0
"P215706","P215706","0","25492","H05","20220506",0,0,0,0,0,0,0,0,0,0,0,0,0,0
"P215706","P215706","0","25492","G06","20220506",0,0,0,0,0,0,0,0,0,0,0,0,0,0
"P215706","P215706","0","25492","H06","20220506",0,0,0,0,0,0,0,0,0,0,0,0,0,0
"P215706","P215706","0","25492","G07","20220506",1,NA,NA,NA,NA,NA,NA,NA,NA,NA,NA,NA,NA,0
"P215706","P215706","0","25492","H07","20220506",0,0,0,0,0,0,0,0,0,0,0,0,0,0
"P215706","P215706","0","25492","G08","20220506",0,0,0,0,0,0,0,0,0,0,0,0,0,0
"P215706","P215706","0","25492","H08","20220506",0,0,0,0,0,0,0,0,0,0,0,0,0,0
"P215706","P215706","0","25492","G09","20220506",0,0,0,0,0,0,0,0,0,0,0,0,0,0
"P215706","P215706","0","25492","H09","20220506",0,0,0,0,0,0,0,0,0,0,0,0,0,0
"P215706","P215706","0","25492","G10","20220506",0,0,0,0,0,0,0,0,0,0,0,0,0,0
"P215706","P215706","0","25492","H10","20220506",NA,NA,NA,NA,NA,NA,NA,NA,NA,NA,NA,NA,NA,1
"P215706","P215706","0","25492","G11","20220506",0,0,0,0,0,0,0,0,0,0,0,0,0,0
"P215706","P215706","0","25492","H11","20220506",0,0,0,0,0,0,0,0,0,0,0,0,0,0
"P215706","P215706","0","25492","G12","20220506",0,0,0,0,0,0,0,0,0,0,0,0,0,0
"P215706","P215706","0","25492","H12","20220506",0,0,0,0,0,0,0,0,0,0,0,0,0,0
"P215706","P215706","0","25493","G01","20220506",0,0,0,0,1,1,1,0,0,0,0,0,0,0
"P215706","P215706","0","25493","H01","20220506",0,0,0,0,0,0,0,0,0,0,0,0,0,0
"P215706","P215706","0","25493","G02","20220506",0,0,0,0,0,0,0,0,0,0,0,0,0,0
"P215706","P215706","0","25493","H02","20220506",0,0,0,0,0,0,0,0,0,0,0,0,0,0
"P215706","P215706","0","25493","G03","20220506",0,0,0,0,0,0,0,0,0,0,0,0,0,0
"P215706","P215706","0","25493","H03","20220506",0,0,0,0,0,0,0,0,0,0,0,0,0,0
"P215706","P215706","0","25493","G04","20220506",0,0,0,0,0,0,0,0,0,0,0,0,0,0
"P215706","P215706","0","25493","H04","20220506",0,0,0,0,0,0,0,0,0,0,0,0,0,0
"P215706","P215706","0","25493","G05","20220506",0,0,0,0,0,0,0,0,0,0,0,0,0,0
"P215706","P215706","0","25493","H05","20220506",0,0,0,0,0,0,0,0,0,0,0,0,0,0
"P215706","P215706","0","25493","G06","20220506",0,0,0,0,0,0,0,0,0,0,0,0,0,0
"P215706","P215706","0","25493","H06","20220506",0,0,0,0,0,0,0,0,0,0,0,0,0,0
"P215706","P215706","0","25493","G07","20220506",0,0,0,0,0,0,0,0,0,0,0,0,0,0
"P215706","P215706","0","25493","H07","20220506",0,0,0,0,0,0,0,0,0,0,0,0,0,0
"P215706","P215706","0","25493","G08","20220506",0,0,0,0,0,0,0,0,0,0,0,0,0,0
"P215706","P215706","0","25493","H08","20220506",0,0,0,0,0,0,0,0,0,0,0,0,0,0
"P215706","P215706","0","25493","G09","20220506",0,0,0,0,0,0,0,0,0,0,0,0,0,0
"P215706","P215706","0","25493","H09","20220506",0,0,0,0,0,0,0,0,0,0,0,0,0,0
"P215706","P215706","0","25493","G10","20220506",0,0,0,0,0,0,0,0,0,0,0,0,0,0
"P215706","P215706","0","25493","H10","20220506",0,0,0,0,0,0,0,0,0,0,0,0,0,0
"P215706","P215706","0","25493","G11","20220506",0,0,0,0,0,0,0,0,0,0,0,0,0,0
"P215706","P215706","0","25493","H11","20220506",0,0,0,0,0,0,0,0,0,0,0,0,0,0
"P215706","P215706","0","25493","G12","20220506",0,0,0,0,0,0,0,0,0,0,0,0,0,0
"P215706","P215706","0","25493","H12","20220506",0,0,0,0,0,0,0,0,0,0,0,0,0,0
"P215706","P215706","1","25484","E01","20220506",0,0,0,0,0,0,0,0,0,0,0,0,0,0
"P215706","P215706","1","25484","F01","20220506",0,0,0,0,0,0,0,0,0,0,0,0,0,0
"P215706","P215706","1","25484","E02","20220506",0,0,0,0,0,0,0,0,0,0,0,0,0,0
"P215706","P215706","1","25484","F02","20220506",0,0,0,0,0,0,0,0,0,0,0,0,0,0
"P215706","P215706","1","25484","E03","20220506",0,0,0,0,0,0,0,0,0,0,0,0,0,0
"P215706","P215706","1","25484","F03","20220506",0,0,0,0,0,0,0,0,0,0,0,0,0,0
"P215706","P215706","1","25484","E04","20220506",0,0,0,0,0,0,0,0,0,0,0,0,0,0
"P215706","P215706","1","25484","F04","20220506",0,0,0,0,0,0,0,0,0,0,0,0,0,0
"P215706","P215706","1","25484","E05","20220506",0,0,0,0,0,0,0,0,0,0,0,0,0,0
"P215706","P215706","1","25484","F05","20220506",0,0,0,0,0,0,0,0,0,0,0,0,0,0
"P215706","P215706","1","25484","E06","20220506",0,0,0,0,0,0,0,0,0,0,0,0,0,0
"P215706","P215706","1","25484","F06","20220506",0,0,0,0,0,0,0,0,0,0,0,0,0,0
"P215706","P215706","1","25484","E07","20220506",0,0,0,0,0,0,0,0,0,0,0,0,0,0
"P215706","P215706","1","25484","F07","20220506",0,0,0,0,0,0,0,0,0,0,0,0,0,0
"P215706","P215706","1","25484","E08","20220506",0,0,0,0,0,0,0,0,0,0,0,0,0,0
"P215706","P215706","1","25484","F08","20220506",0,0,0,0,0,0,0,0,0,0,0,0,0,0
"P215706","P215706","1","25484","E09","20220506",0,0,0,0,0,0,0,0,0,0,0,0,0,0
"P215706","P215706","1","25484","F09","20220506",0,0,0,0,0,0,0,0,0,0,0,0,0,0
"P215706","P215706","1","25484","E10","20220506",0,0,0,0,0,0,0,0,0,0,0,0,0,0
"P215706","P215706","1","25484","F10","20220506",0,0,0,0,0,0,0,0,0,0,0,0,0,0
"P215706","P215706","1","25484","E11","20220506",1,NA,NA,NA,NA,NA,NA,NA,NA,NA,NA,NA,NA,0
"P215706","P215706","1","25484","F11","20220506",0,0,0,0,0,0,0,0,0,0,0,0,0,0
"P215706","P215706","1","25484","E12","20220506",0,0,0,0,0,0,0,0,0,0,0,0,0,0
"P215706","P215706","1","25484","F12","20220506",0,0,0,0,0,0,0,0,0,0,0,0,0,0
"P215706","P215706","1","25485","E01","20220506",0,0,0,0,0,0,0,0,0,0,0,0,0,0
"P215706","P215706","1","25485","F01","20220506",0,0,0,0,0,0,0,0,0,0,0,0,0,0
"P215706","P215706","1","25485","E02","20220506",0,0,0,0,0,0,0,0,0,0,0,0,0,0
"P215706","P215706","1","25485","F02","20220506",0,0,0,0,0,0,0,0,0,0,0,0,0,0
"P215706","P215706","1","25485","E03","20220506",0,0,0,0,0,0,0,0,0,0,0,0,0,0
"P215706","P215706","1","25485","F03","20220506",0,0,0,0,0,0,0,0,0,0,0,0,0,0
"P215706","P215706","1","25485","E04","20220506",0,0,0,0,0,0,0,0,0,0,0,0,0,0
"P215706","P215706","1","25485","F04","20220506",0,0,0,0,0,0,0,0,0,0,0,0,0,0
"P215706","P215706","1","25485","E05","20220506",0,0,0,0,0,0,0,0,0,0,0,0,0,0
"P215706","P215706","1","25485","F05","20220506",0,0,0,0,0,0,0,0,0,0,0,0,0,0
"P215706","P215706","1","25485","E06","20220506",0,0,0,0,0,0,0,0,0,0,0,0,0,0
"P215706","P215706","1","25485","F06","20220506",0,0,0,0,0,0,0,0,0,0,0,0,0,0
"P215706","P215706","1","25485","E07","20220506",0,0,0,0,0,0,0,0,0,0,0,0,0,0
"P215706","P215706","1","25485","F07","20220506",0,0,0,1,NA,NA,NA,NA,NA,NA,NA,NA,NA,0
"P215706","P215706","1","25485","E08","20220506",0,0,0,0,0,0,0,0,0,0,0,0,0,0
"P215706","P215706","1","25485","F08","20220506",0,0,0,0,0,0,0,0,0,0,0,0,0,0
"P215706","P215706","1","25485","E09","20220506",0,0,0,0,0,0,0,0,0,0,0,0,0,0
"P215706","P215706","1","25485","F09","20220506",0,0,0,0,0,0,0,0,0,0,0,0,0,0
"P215706","P215706","1","25485","E10","20220506",0,0,0,0,0,0,0,0,0,0,0,0,0,0
"P215706","P215706","1","25485","F10","20220506",0,0,0,0,0,0,0,0,0,0,0,0,0,0
"P215706","P215706","1","25485","E11","20220506",0,0,0,0,0,0,0,0,0,0,0,0,0,0
"P215706","P215706","1","25485","F11","20220506",0,0,0,0,0,0,0,0,0,0,0,0,0,0
"P215706","P215706","1","25485","E12","20220506",0,0,0,0,0,0,0,0,0,0,0,0,0,0
"P215706","P215706","1","25485","F12","20220506",0,0,0,0,0,0,0,0,0,0,0,0,0,0
"P215706","P215706","1","25486","E01","20220506",0,0,0,0,0,0,0,0,0,0,0,0,0,0
"P215706","P215706","1","25486","F01","20220506",0,0,0,0,0,0,0,0,0,0,0,0,0,0
"P215706","P215706","1","25486","E02","20220506",0,0,0,0,0,0,0,0,0,0,0,0,0,0
"P215706","P215706","1","25486","F02","20220506",0,0,0,0,0,0,0,0,0,0,0,0,0,0
"P215706","P215706","1","25486","E03","20220506",0,0,0,0,0,0,0,0,0,0,0,0,0,0
"P215706","P215706","1","25486","F03","20220506",0,0,0,0,0,0,0,0,0,0,0,0,0,0
"P215706","P215706","1","25486","E04","20220506",0,0,0,0,0,0,0,0,0,0,0,0,0,0
"P215706","P215706","1","25486","F04","20220506",0,0,0,0,0,0,0,0,0,0,0,0,0,0
"P215706","P215706","1","25486","E05","20220506",0,0,0,0,0,0,0,0,0,0,0,0,0,0
"P215706","P215706","1","25486","F05","20220506",0,0,0,0,0,0,0,0,0,0,0,0,0,0
"P215706","P215706","1","25486","E06","20220506",0,0,0,0,0,0,0,0,0,0,0,0,0,0
"P215706","P215706","1","25486","F06","20220506",0,0,0,0,0,0,0,0,0,0,0,0,0,0
"P215706","P215706","1","25486","E07","20220506",0,0,0,0,0,0,0,0,0,0,0,0,0,0
"P215706","P215706","1","25486","F07","20220506",0,0,0,0,0,0,0,0,0,0,0,0,0,0
"P215706","P215706","1","25486","E08","20220506",0,0,0,0,0,0,0,0,0,0,0,0,0,0
"P215706","P215706","1","25486","F08","20220506",0,0,0,0,0,0,0,0,0,0,0,0,0,0
"P215706","P215706","1","25486","E09","20220506",0,0,0,0,0,0,0,0,0,0,0,0,0,0
"P215706","P215706","1","25486","F09","20220506",0,0,0,0,0,0,0,0,0,0,0,0,0,0
"P215706","P215706","1","25486","E10","20220506",0,0,0,0,0,0,0,0,0,0,0,0,0,0
"P215706","P215706","1","25486","F10","20220506",0,0,0,0,0,0,0,0,0,0,0,0,0,0
"P215706","P215706","1","25486","E11","20220506",0,0,0,0,0,0,0,0,0,0,0,0,0,0
"P215706","P215706","1","25486","F11","20220506",0,0,0,0,0,0,0,0,0,0,0,0,0,0
"P215706","P215706","1","25486","E12","20220506",0,0,0,0,0,0,0,0,0,0,0,0,0,0
"P215706","P215706","1","25486","F12","20220506",0,0,0,0,0,0,0,0,0,0,0,0,0,0
"P215706","P215706","1","25487","E01","20220506",0,0,0,0,0,0,0,0,0,0,0,0,0,0
"P215706","P215706","1","25487","F01","20220506",0,0,0,0,0,0,0,0,0,0,0,0,0,0
"P215706","P215706","1","25487","E02","20220506",0,0,0,0,0,0,0,0,0,0,0,0,0,0
"P215706","P215706","1","25487","F02","20220506",0,0,0,0,0,0,0,0,0,0,0,0,0,0
"P215706","P215706","1","25487","E03","20220506",0,0,0,0,0,0,0,0,0,0,0,0,0,0
"P215706","P215706","1","25487","F03","20220506",0,0,0,0,0,0,0,0,0,0,0,0,0,0
"P215706","P215706","1","25487","E04","20220506",0,0,0,0,0,0,0,0,0,0,0,0,0,0
"P215706","P215706","1","25487","F04","20220506",0,0,0,0,0,0,0,0,0,0,0,0,0,0
"P215706","P215706","1","25487","E05","20220506",0,0,0,0,0,0,0,0,0,0,0,0,0,0
"P215706","P215706","1","25487","F05","20220506",0,0,0,0,0,0,0,0,0,0,0,0,0,0
"P215706","P215706","1","25487","E06","20220506",0,0,0,0,0,0,0,0,0,0,0,0,0,0
"P215706","P215706","1","25487","F06","20220506",0,0,0,0,0,0,0,0,0,0,0,0,0,0
"P215706","P215706","1","25487","E07","20220506",0,0,0,0,0,0,0,0,0,0,0,0,0,0
"P215706","P215706","1","25487","F07","20220506",0,0,0,0,0,0,0,0,0,0,0,0,0,0
"P215706","P215706","1","25487","E08","20220506",0,0,0,0,0,0,0,0,0,0,0,0,0,0
"P215706","P215706","1","25487","F08","20220506",NA,NA,NA,NA,NA,NA,NA,NA,NA,NA,NA,NA,NA,1
"P215706","P215706","1","25487","E09","20220506",0,0,0,0,0,0,0,0,0,0,0,0,0,0
"P215706","P215706","1","25487","F09","20220506",0,0,0,0,0,0,0,0,0,0,0,0,0,0
"P215706","P215706","1","25487","E10","20220506",0,0,0,0,0,0,0,0,0,0,0,0,0,0
"P215706","P215706","1","25487","F10","20220506",NA,NA,NA,NA,NA,NA,NA,NA,NA,NA,NA,NA,NA,1
"P215706","P215706","1","25487","E11","20220506",0,0,0,0,0,0,0,0,0,0,0,0,0,0
"P215706","P215706","1","25487","F11","20220506",0,0,0,0,0,0,0,0,0,0,0,0,0,0
"P215706","P215706","1","25487","E12","20220506",0,0,0,0,0,0,0,0,0,0,0,0,0,0
"P215706","P215706","1","25487","F12","20220506",0,0,0,0,0,0,0,0,0,0,0,0,0,0
"P215706","P215706","1","25488","E01","20220506",0,0,0,0,0,0,0,0,0,0,0,0,0,0
"P215706","P215706","1","25488","F01","20220506",0,0,0,0,0,0,0,0,0,0,0,0,0,0
"P215706","P215706","1","25488","E02","20220506",0,0,0,0,0,0,0,0,0,0,0,0,0,0
"P215706","P215706","1","25488","F02","20220506",0,0,0,0,0,0,0,0,0,0,0,0,0,0
"P215706","P215706","1","25488","E03","20220506",0,0,0,0,0,0,0,0,0,0,0,0,0,0
"P215706","P215706","1","25488","F03","20220506",0,0,0,0,0,0,0,0,0,0,0,0,0,0
"P215706","P215706","1","25488","E04","20220506",0,0,0,0,0,0,0,0,0,0,0,0,0,0
"P215706","P215706","1","25488","F04","20220506",0,0,0,0,0,0,0,0,0,0,0,0,0,0
"P215706","P215706","1","25488","E05","20220506",0,0,0,0,0,0,0,0,0,0,0,0,0,0
"P215706","P215706","1","25488","F05","20220506",0,0,0,0,0,0,0,0,0,0,0,0,0,0
"P215706","P215706","1","25488","E06","20220506",0,0,0,0,0,0,0,0,0,0,0,0,0,0
"P215706","P215706","1","25488","F06","20220506",0,0,0,0,0,0,0,0,0,0,0,0,0,0
"P215706","P215706","1","25488","E07","20220506",0,0,0,0,0,0,0,0,0,0,0,0,0,0
"P215706","P215706","1","25488","F07","20220506",0,0,0,0,0,0,0,0,0,0,0,0,0,0
"P215706","P215706","1","25488","E08","20220506",0,0,0,0,0,0,0,0,0,0,0,0,0,0
"P215706","P215706","1","25488","F08","20220506",0,0,0,0,0,0,0,0,0,0,0,0,0,0
"P215706","P215706","1","25488","E09","20220506",0,0,0,0,0,0,0,0,0,0,0,0,0,0
"P215706","P215706","1","25488","F09","20220506",0,0,0,0,0,0,0,0,0,0,0,0,0,0
"P215706","P215706","1","25488","E10","20220506",0,0,0,0,0,0,0,0,0,0,0,0,0,0
"P215706","P215706","1","25488","F10","20220506",0,0,0,0,0,0,0,0,0,0,0,0,0,0
"P215706","P215706","1","25488","E11","20220506",0,0,0,0,0,0,0,0,0,0,0,0,0,0
"P215706","P215706","1","25488","F11","20220506",0,0,0,0,0,0,0,0,0,0,0,0,0,0
"P215706","P215706","1","25488","E12","20220506",0,0,0,0,0,0,0,0,0,0,0,0,0,0
"P215706","P215706","1","25488","F12","20220506",0,0,0,0,0,0,0,0,0,0,0,0,0,0
"P215706","P215706","1","25489","E01","20220506",0,0,0,0,0,0,0,0,0,0,0,0,0,0
"P215706","P215706","1","25489","F01","20220506",0,0,0,0,0,0,0,0,0,0,0,0,0,0
"P215706","P215706","1","25489","E02","20220506",0,0,0,0,0,0,0,0,0,0,0,0,0,0
"P215706","P215706","1","25489","F02","20220506",0,0,0,0,0,0,0,0,0,0,0,0,0,0
"P215706","P215706","1","25489","E03","20220506",0,0,0,0,0,0,0,0,0,0,0,0,0,0
"P215706","P215706","1","25489","F03","20220506",0,0,0,0,0,0,0,0,0,0,0,0,0,0
"P215706","P215706","1","25489","E04","20220506",0,0,0,0,0,0,0,0,0,0,0,0,0,0
"P215706","P215706","1","25489","F04","20220506",0,0,0,0,0,0,0,0,0,0,0,0,0,0
"P215706","P215706","1","25489","E05","20220506",0,0,0,0,1,0,0,0,0,0,0,0,0,0
"P215706","P215706","1","25489","F05","20220506",0,0,0,0,0,0,0,0,0,0,0,0,0,0
"P215706","P215706","1","25489","E06","20220506",0,0,0,0,0,0,0,0,0,0,0,0,0,0
"P215706","P215706","1","25489","F06","20220506",0,0,0,0,0,0,0,0,0,0,0,0,0,0
"P215706","P215706","1","25489","E07","20220506",0,0,0,0,0,0,0,0,0,0,0,0,0,0
"P215706","P215706","1","25489","F07","20220506",0,0,0,0,0,0,0,0,0,0,0,0,0,0
"P215706","P215706","1","25489","E08","20220506",0,0,0,0,0,0,0,0,0,0,0,0,0,0
"P215706","P215706","1","25489","F08","20220506",0,0,0,0,0,0,0,0,0,0,0,0,0,0
"P215706","P215706","1","25489","E09","20220506",0,0,0,0,0,0,0,0,0,0,0,0,0,0
"P215706","P215706","1","25489","F09","20220506",0,0,0,0,0,0,0,0,0,0,0,0,0,0
"P215706","P215706","1","25489","E10","20220506",0,0,0,0,0,0,0,0,0,0,0,0,0,0
"P215706","P215706","1","25489","F10","20220506",0,0,0,0,0,0,0,0,0,0,0,0,0,0
"P215706","P215706","1","25489","E11","20220506",0,0,0,0,0,0,0,0,0,0,0,0,0,0
"P215706","P215706","1","25489","F11","20220506",0,0,0,0,0,0,0,0,0,0,0,0,0,0
"P215706","P215706","1","25489","E12","20220506",0,0,0,0,0,0,0,0,0,0,0,0,0,0
"P215706","P215706","1","25489","F12","20220506",0,0,0,0,0,0,0,0,0,0,0,0,0,0
"P215706","P215706","1","25490","E01","20220506",0,0,0,0,0,0,0,0,0,0,0,0,0,0
"P215706","P215706","1","25490","F01","20220506",0,0,0,0,0,0,0,0,0,0,0,0,0,0
"P215706","P215706","1","25490","E02","20220506",0,0,0,0,0,0,0,0,0,0,0,0,0,0
"P215706","P215706","1","25490","F02","20220506",0,0,0,0,0,0,0,0,0,0,0,0,0,0
"P215706","P215706","1","25490","E03","20220506",0,0,0,0,0,0,0,0,0,0,0,0,0,0
"P215706","P215706","1","25490","F03","20220506",0,0,0,0,0,0,0,0,0,0,0,0,0,0
"P215706","P215706","1","25490","E04","20220506",0,0,0,0,0,0,0,0,0,0,0,0,0,0
"P215706","P215706","1","25490","F04","20220506",0,0,0,0,0,0,0,0,0,0,0,0,0,0
"P215706","P215706","1","25490","E05","20220506",0,0,0,0,0,0,0,0,0,0,0,0,0,0
"P215706","P215706","1","25490","F05","20220506",0,0,0,0,0,0,0,0,0,0,0,0,0,0
"P215706","P215706","1","25490","E06","20220506",0,0,0,0,0,0,0,0,0,0,0,0,0,0
"P215706","P215706","1","25490","F06","20220506",0,0,0,0,0,0,0,0,0,0,0,0,0,0
"P215706","P215706","1","25490","E07","20220506",0,0,0,0,0,0,0,0,0,0,0,0,0,0
"P215706","P215706","1","25490","F07","20220506",0,0,0,0,0,0,0,0,0,0,0,0,0,0
"P215706","P215706","1","25490","E08","20220506",0,0,0,0,0,0,0,0,0,0,0,0,0,0
"P215706","P215706","1","25490","F08","20220506",0,0,0,0,0,0,0,0,0,0,0,0,0,0
"P215706","P215706","1","25490","E09","20220506",0,0,0,0,0,0,0,0,0,0,0,0,0,0
"P215706","P215706","1","25490","F09","20220506",0,0,0,0,0,0,0,0,0,0,0,0,0,0
"P215706","P215706","1","25490","E10","20220506",0,0,0,0,0,0,0,0,0,0,0,0,0,0
"P215706","P215706","1","25490","F10","20220506",0,0,0,0,0,0,0,0,0,0,0,0,0,0
"P215706","P215706","1","25490","E11","20220506",0,0,0,0,0,0,0,0,0,0,0,0,0,0
"P215706","P215706","1","25490","F11","20220506",0,0,0,0,0,0,0,0,0,0,0,0,0,0
"P215706","P215706","1","25490","E12","20220506",0,0,0,0,0,0,0,0,0,0,0,0,0,0
"P215706","P215706","1","25490","F12","20220506",0,0,0,0,0,0,0,0,0,0,0,0,0,0
"P215706","P215706","1","25492","E01","20220506",0,0,0,0,0,0,0,0,0,0,0,0,0,0
"P215706","P215706","1","25492","F01","20220506",0,0,0,0,0,0,0,0,0,0,0,0,0,0
"P215706","P215706","1","25492","E02","20220506",0,0,0,0,0,0,0,0,0,0,0,0,0,0
"P215706","P215706","1","25492","F02","20220506",0,0,0,0,0,0,0,0,0,0,0,0,0,0
"P215706","P215706","1","25492","E03","20220506",0,0,0,0,0,0,0,0,0,0,0,0,0,0
"P215706","P215706","1","25492","F03","20220506",0,0,0,0,0,0,0,0,0,0,0,0,0,0
"P215706","P215706","1","25492","E04","20220506",0,0,0,0,0,0,0,0,0,0,0,0,0,0
"P215706","P215706","1","25492","F04","20220506",0,0,0,0,0,0,0,0,0,0,0,0,0,0
"P215706","P215706","1","25492","E05","20220506",0,0,0,0,0,0,0,0,0,0,0,0,0,0
"P215706","P215706","1","25492","F05","20220506",0,0,0,0,0,0,0,0,0,0,0,0,0,0
"P215706","P215706","1","25492","E06","20220506",0,0,0,0,0,0,0,0,0,0,0,0,0,0
"P215706","P215706","1","25492","F06","20220506",0,0,0,0,0,0,0,0,0,0,0,0,0,0
"P215706","P215706","1","25492","E07","20220506",0,0,0,0,0,0,0,0,0,0,0,0,0,0
"P215706","P215706","1","25492","F07","20220506",0,0,0,0,0,0,0,0,0,0,0,0,0,0
"P215706","P215706","1","25492","E08","20220506",0,0,0,0,0,0,0,0,0,0,0,0,0,0
"P215706","P215706","1","25492","F08","20220506",0,0,0,0,0,0,0,0,0,0,0,0,0,0
"P215706","P215706","1","25492","E09","20220506",0,0,0,0,0,0,0,0,0,0,0,0,0,0
"P215706","P215706","1","25492","F09","20220506",0,0,0,0,0,0,0,0,0,0,0,0,0,0
"P215706","P215706","1","25492","E10","20220506",NA,NA,NA,NA,NA,NA,NA,NA,NA,NA,NA,NA,NA,1
"P215706","P215706","1","25492","F10","20220506",0,0,0,0,0,0,0,0,0,0,0,0,0,0
"P215706","P215706","1","25492","E11","20220506",0,0,0,0,0,0,0,0,0,0,0,0,0,0
"P215706","P215706","1","25492","F11","20220506",0,0,0,0,0,0,0,0,0,0,0,0,0,0
"P215706","P215706","1","25492","E12","20220506",0,0,0,0,0,0,0,0,0,0,0,0,0,0
"P215706","P215706","1","25492","F12","20220506",0,0,0,0,0,0,0,0,0,0,0,0,0,0
"P215706","P215706","1","25493","E01","20220506",0,0,0,0,0,0,0,0,0,0,0,0,0,0
"P215706","P215706","1","25493","F01","20220506",0,0,0,0,0,0,0,0,0,0,0,0,0,0
"P215706","P215706","1","25493","E02","20220506",0,0,0,0,0,0,0,0,0,0,0,0,0,0
"P215706","P215706","1","25493","F02","20220506",0,0,0,0,0,0,0,0,0,0,0,0,0,0
"P215706","P215706","1","25493","E03","20220506",0,0,0,0,0,0,0,0,0,0,0,0,0,0
"P215706","P215706","1","25493","F03","20220506",0,0,0,0,0,0,0,0,0,0,0,0,0,0
"P215706","P215706","1","25493","E04","20220506",0,0,0,0,0,0,0,0,0,0,0,0,0,0
"P215706","P215706","1","25493","F04","20220506",0,0,0,0,0,0,0,0,0,0,0,0,0,0
"P215706","P215706","1","25493","E05","20220506",0,0,0,0,0,0,0,0,0,0,0,0,0,0
"P215706","P215706","1","25493","F05","20220506",0,0,0,0,0,0,0,0,0,0,0,0,0,0
"P215706","P215706","1","25493","E06","20220506",0,0,0,0,0,0,0,0,0,0,0,0,0,0
"P215706","P215706","1","25493","F06","20220506",0,0,0,0,0,0,0,0,0,0,0,0,0,0
"P215706","P215706","1","25493","E07","20220506",0,0,0,0,0,0,0,0,0,0,0,0,0,0
"P215706","P215706","1","25493","F07","20220506",0,0,0,0,0,0,0,0,0,0,0,0,0,0
"P215706","P215706","1","25493","E08","20220506",0,0,0,0,0,0,0,0,0,0,0,0,0,0
"P215706","P215706","1","25493","F08","20220506",0,0,0,0,0,0,0,0,0,0,0,0,0,0
"P215706","P215706","1","25493","E09","20220506",0,0,0,0,0,0,0,0,0,0,0,0,0,0
"P215706","P215706","1","25493","F09","20220506",0,0,0,0,0,0,0,0,0,0,0,0,0,0
"P215706","P215706","1","25493","E10","20220506",0,0,0,0,0,0,0,0,0,0,0,0,0,0
"P215706","P215706","1","25493","F10","20220506",0,0,0,0,0,0,0,0,0,0,0,0,0,0
"P215706","P215706","1","25493","E11","20220506",0,0,0,0,0,0,0,0,0,0,0,0,0,0
"P215706","P215706","1","25493","F11","20220506",0,0,0,0,0,0,0,0,0,0,0,0,0,0
"P215706","P215706","1","25493","E12","20220506",0,0,0,0,0,0,0,0,0,0,0,0,0,0
"P215706","P215706","1","25493","F12","20220506",0,0,0,0,0,0,0,0,0,0,0,0,0,0
"P215706","P215706","5","25484","C01","20220506",0,0,0,0,0,0,0,0,0,0,0,0,0,0
"P215706","P215706","5","25484","D01","20220506",0,0,0,0,0,0,0,0,0,0,0,0,0,0
"P215706","P215706","5","25484","C02","20220506",0,0,0,0,0,0,0,0,0,0,0,0,0,0
"P215706","P215706","5","25484","D02","20220506",0,0,0,0,0,0,0,0,0,0,0,0,0,0
"P215706","P215706","5","25484","C03","20220506",0,0,0,0,0,0,0,0,0,0,0,0,0,0
"P215706","P215706","5","25484","D03","20220506",0,0,0,0,0,0,0,0,0,0,0,0,0,0
"P215706","P215706","5","25484","C04","20220506",0,0,0,1,NA,NA,NA,NA,NA,NA,NA,NA,NA,0
"P215706","P215706","5","25484","D04","20220506",0,0,0,0,0,0,0,0,0,0,0,0,0,0
"P215706","P215706","5","25484","C05","20220506",0,0,0,0,0,0,0,0,0,0,0,0,0,0
"P215706","P215706","5","25484","D05","20220506",0,0,0,0,0,0,0,0,0,0,0,0,0,0
"P215706","P215706","5","25484","C06","20220506",0,0,0,0,0,0,0,0,0,0,0,0,0,0
"P215706","P215706","5","25484","D06","20220506",0,0,0,0,0,0,0,0,0,0,0,0,0,0
"P215706","P215706","5","25484","C07","20220506",0,0,0,0,0,0,0,0,0,0,0,0,0,0
"P215706","P215706","5","25484","D07","20220506",0,0,0,0,0,0,0,0,0,0,0,0,0,0
"P215706","P215706","5","25484","C08","20220506",0,0,0,0,0,0,0,0,0,0,0,0,0,0
"P215706","P215706","5","25484","D08","20220506",0,0,0,1,NA,NA,NA,NA,NA,NA,NA,NA,NA,0
"P215706","P215706","5","25484","C09","20220506",0,0,0,0,0,0,0,0,0,0,0,0,0,0
"P215706","P215706","5","25484","D09","20220506",0,0,0,0,0,0,0,0,0,0,0,0,0,0
"P215706","P215706","5","25484","C10","20220506",0,0,0,0,0,0,0,0,0,0,0,0,0,0
"P215706","P215706","5","25484","D10","20220506",0,0,0,0,0,0,0,0,0,0,0,0,0,0
"P215706","P215706","5","25484","C11","20220506",0,0,0,0,0,0,0,0,0,0,0,0,0,0
"P215706","P215706","5","25484","D11","20220506",0,0,0,0,0,0,0,0,0,0,0,0,0,0
"P215706","P215706","5","25484","C12","20220506",0,0,0,0,0,0,0,0,0,0,0,0,0,0
"P215706","P215706","5","25484","D12","20220506",0,0,0,0,0,0,0,0,0,0,0,0,0,0
"P215706","P215706","5","25485","C01","20220506",0,0,0,0,0,0,0,0,0,0,0,0,0,0
"P215706","P215706","5","25485","D01","20220506",0,0,0,0,0,0,0,0,0,0,0,0,0,0
"P215706","P215706","5","25485","C02","20220506",0,0,0,0,1,0,1,0,0,0,0,0,0,0
"P215706","P215706","5","25485","D02","20220506",0,0,0,1,NA,NA,NA,NA,NA,NA,NA,NA,NA,0
"P215706","P215706","5","25485","C03","20220506",0,0,0,0,0,0,0,0,0,0,0,0,0,0
"P215706","P215706","5","25485","D03","20220506",0,0,0,0,0,0,0,0,0,0,0,0,0,0
"P215706","P215706","5","25485","C04","20220506",0,0,0,0,0,0,0,0,0,0,0,0,0,0
"P215706","P215706","5","25485","D04","20220506",0,0,0,0,0,0,0,0,0,0,0,0,0,0
"P215706","P215706","5","25485","C05","20220506",0,0,0,0,0,0,0,0,0,0,0,0,0,0
"P215706","P215706","5","25485","D05","20220506",0,0,0,0,0,0,0,0,0,0,0,0,0,0
"P215706","P215706","5","25485","C06","20220506",0,0,0,0,0,0,0,0,0,0,0,0,0,0
"P215706","P215706","5","25485","D06","20220506",0,0,0,0,0,0,0,0,0,0,0,0,0,0
"P215706","P215706","5","25485","C07","20220506",0,0,0,0,0,0,0,0,0,0,0,0,0,0
"P215706","P215706","5","25485","D07","20220506",0,0,0,0,0,0,0,0,0,0,0,0,0,0
"P215706","P215706","5","25485","C08","20220506",0,0,0,0,0,0,0,0,0,0,0,0,0,0
"P215706","P215706","5","25485","D08","20220506",0,0,0,0,0,0,0,0,0,0,0,0,0,0
"P215706","P215706","5","25485","C09","20220506",0,0,0,0,0,0,0,0,0,0,0,0,0,0
"P215706","P215706","5","25485","D09","20220506",0,0,0,0,0,0,0,0,0,0,0,0,0,0
"P215706","P215706","5","25485","C10","20220506",0,0,0,0,0,0,0,0,0,0,0,0,0,0
"P215706","P215706","5","25485","D10","20220506",0,0,0,0,0,0,0,0,0,0,0,0,0,0
"P215706","P215706","5","25485","C11","20220506",0,0,0,0,0,0,0,0,0,0,0,0,0,0
"P215706","P215706","5","25485","D11","20220506",0,0,0,1,NA,NA,NA,NA,NA,NA,NA,NA,NA,0
"P215706","P215706","5","25485","C12","20220506",0,0,0,0,0,0,0,0,0,0,0,0,0,0
"P215706","P215706","5","25485","D12","20220506",0,0,0,0,0,0,0,0,0,0,0,0,0,0
"P215706","P215706","5","25486","C01","20220506",0,0,0,0,0,0,0,0,0,0,0,0,0,0
"P215706","P215706","5","25486","D01","20220506",0,0,0,0,0,0,0,0,0,0,0,0,0,0
"P215706","P215706","5","25486","C02","20220506",0,0,0,0,0,0,0,0,0,0,0,0,0,0
"P215706","P215706","5","25486","D02","20220506",0,0,0,0,0,0,0,0,0,0,0,0,0,0
"P215706","P215706","5","25486","C03","20220506",0,0,0,0,0,0,0,0,0,0,0,0,0,0
"P215706","P215706","5","25486","D03","20220506",0,0,0,0,0,0,0,0,0,0,0,0,0,0
"P215706","P215706","5","25486","C04","20220506",0,0,0,0,0,0,0,0,0,0,0,0,0,0
"P215706","P215706","5","25486","D04","20220506",0,0,0,0,0,0,0,0,0,0,0,0,0,0
"P215706","P215706","5","25486","C05","20220506",0,0,0,0,0,0,0,0,0,0,0,0,0,0
"P215706","P215706","5","25486","D05","20220506",0,0,0,0,0,0,0,0,0,0,0,0,0,0
"P215706","P215706","5","25486","C06","20220506",0,0,0,0,0,0,0,0,0,0,0,0,0,0
"P215706","P215706","5","25486","D06","20220506",0,0,0,0,0,0,0,0,0,0,0,0,0,0
"P215706","P215706","5","25486","C07","20220506",0,0,0,0,0,0,0,0,0,0,0,0,0,0
"P215706","P215706","5","25486","D07","20220506",0,0,0,0,0,0,0,0,0,0,0,0,0,0
"P215706","P215706","5","25486","C08","20220506",0,0,0,0,0,0,0,0,0,0,0,0,0,0
"P215706","P215706","5","25486","D08","20220506",0,0,0,0,0,0,0,0,0,0,0,0,0,0
"P215706","P215706","5","25486","C09","20220506",0,0,0,0,0,0,0,0,0,0,0,0,0,0
"P215706","P215706","5","25486","D09","20220506",0,0,0,0,0,0,0,0,0,0,0,0,0,0
"P215706","P215706","5","25486","C10","20220506",0,0,0,0,0,0,0,0,0,0,0,0,0,0
"P215706","P215706","5","25486","D10","20220506",0,0,0,0,0,0,0,0,0,0,0,0,0,0
"P215706","P215706","5","25486","C11","20220506",0,0,0,0,0,0,0,0,0,0,0,0,0,0
"P215706","P215706","5","25486","D11","20220506",0,0,0,0,0,0,0,0,0,0,0,0,0,0
"P215706","P215706","5","25486","C12","20220506",0,0,0,0,0,0,0,0,0,0,0,0,0,0
"P215706","P215706","5","25486","D12","20220506",0,0,0,0,0,0,0,0,0,0,0,0,0,0
"P215706","P215706","5","25487","C01","20220506",0,0,0,0,0,0,0,0,0,0,0,0,0,0
"P215706","P215706","5","25487","D01","20220506",0,0,0,0,0,0,0,0,0,0,0,0,0,0
"P215706","P215706","5","25487","C02","20220506",0,0,0,0,0,0,0,0,0,0,0,0,0,0
"P215706","P215706","5","25487","D02","20220506",0,0,0,0,0,0,0,0,0,0,0,0,0,0
"P215706","P215706","5","25487","C03","20220506",0,0,0,0,0,0,0,0,0,0,0,0,0,0
"P215706","P215706","5","25487","D03","20220506",0,0,0,0,0,0,0,0,0,0,0,0,0,0
"P215706","P215706","5","25487","C04","20220506",0,0,0,0,0,0,0,0,0,0,0,0,0,0
"P215706","P215706","5","25487","D04","20220506",0,0,0,0,0,0,0,0,0,0,0,0,0,0
"P215706","P215706","5","25487","C05","20220506",0,0,0,0,0,0,0,0,0,0,0,0,0,0
"P215706","P215706","5","25487","D05","20220506",0,0,0,0,0,0,0,0,0,0,0,0,0,0
"P215706","P215706","5","25487","C06","20220506",0,0,0,0,0,0,0,0,0,0,0,0,0,0
"P215706","P215706","5","25487","D06","20220506",0,0,0,0,0,0,0,0,0,0,0,0,0,0
"P215706","P215706","5","25487","C07","20220506",0,0,0,0,0,0,0,0,0,0,0,0,0,0
"P215706","P215706","5","25487","D07","20220506",NA,NA,NA,NA,NA,NA,NA,NA,NA,NA,NA,NA,NA,1
"P215706","P215706","5","25487","C08","20220506",0,0,0,0,0,0,0,0,0,0,0,0,0,0
"P215706","P215706","5","25487","D08","20220506",0,0,0,0,0,0,0,0,0,0,0,0,0,0
"P215706","P215706","5","25487","C09","20220506",0,0,0,0,0,0,0,0,0,0,0,0,0,0
"P215706","P215706","5","25487","D09","20220506",0,0,0,0,0,0,0,0,0,0,0,0,0,0
"P215706","P215706","5","25487","C10","20220506",0,0,0,0,0,0,0,0,0,0,0,0,0,0
"P215706","P215706","5","25487","D10","20220506",0,0,0,0,0,0,0,0,0,0,0,0,0,0
"P215706","P215706","5","25487","C11","20220506",0,0,0,0,0,0,0,0,0,0,0,0,0,0
"P215706","P215706","5","25487","D11","20220506",0,0,0,0,0,0,0,0,0,0,0,0,0,0
"P215706","P215706","5","25487","C12","20220506",0,0,0,0,0,0,0,0,0,0,0,0,0,0
"P215706","P215706","5","25487","D12","20220506",0,0,0,0,0,0,0,0,0,0,0,0,0,0
"P215706","P215706","5","25488","C01","20220506",0,0,0,0,0,0,0,0,0,0,0,0,0,0
"P215706","P215706","5","25488","D01","20220506",0,0,0,0,0,0,0,0,0,0,0,0,0,0
"P215706","P215706","5","25488","C02","20220506",1,NA,NA,NA,NA,NA,NA,NA,NA,NA,NA,NA,NA,0
"P215706","P215706","5","25488","D02","20220506",0,0,0,0,0,0,0,0,0,0,0,0,0,0
"P215706","P215706","5","25488","C03","20220506",0,0,0,0,0,0,0,0,0,0,0,0,0,0
"P215706","P215706","5","25488","D03","20220506",0,0,0,0,0,0,0,0,0,0,0,0,0,0
"P215706","P215706","5","25488","C04","20220506",0,0,0,0,0,0,0,0,0,0,0,0,0,0
"P215706","P215706","5","25488","D04","20220506",0,0,0,0,0,0,0,0,0,0,0,0,0,0
"P215706","P215706","5","25488","C05","20220506",0,0,0,0,0,0,0,0,0,0,0,0,0,0
"P215706","P215706","5","25488","D05","20220506",0,0,0,0,0,0,0,0,0,0,0,0,0,0
"P215706","P215706","5","25488","C06","20220506",0,0,0,0,0,0,0,0,0,0,0,0,0,0
"P215706","P215706","5","25488","D06","20220506",0,0,0,0,0,0,0,0,0,0,0,0,0,0
"P215706","P215706","5","25488","C07","20220506",0,0,0,0,0,0,0,0,0,0,0,0,0,0
"P215706","P215706","5","25488","D07","20220506",0,0,0,0,0,0,0,0,0,0,0,0,0,0
"P215706","P215706","5","25488","C08","20220506",0,0,0,0,0,0,0,0,0,0,0,0,0,0
"P215706","P215706","5","25488","D08","20220506",1,NA,NA,NA,NA,NA,NA,NA,NA,NA,NA,NA,NA,0
"P215706","P215706","5","25488","C09","20220506",0,0,0,0,0,0,0,0,0,0,0,0,0,0
"P215706","P215706","5","25488","D09","20220506",0,0,0,0,0,0,0,0,0,0,0,0,0,0
"P215706","P215706","5","25488","C10","20220506",0,0,0,0,0,0,0,0,0,0,0,0,0,0
"P215706","P215706","5","25488","D10","20220506",0,0,0,0,0,0,0,0,0,0,0,0,0,0
"P215706","P215706","5","25488","C11","20220506",0,0,0,0,0,1,0,0,0,0,0,0,0,0
"P215706","P215706","5","25488","D11","20220506",0,0,0,0,0,0,0,0,0,0,0,0,0,0
"P215706","P215706","5","25488","C12","20220506",0,0,0,0,0,0,0,0,0,0,0,0,0,0
"P215706","P215706","5","25488","D12","20220506",0,0,0,0,0,0,0,0,0,0,0,0,0,0
"P215706","P215706","5","25489","C01","20220506",0,0,0,0,0,0,0,0,0,0,0,0,0,0
"P215706","P215706","5","25489","D01","20220506",1,NA,NA,NA,NA,NA,NA,NA,NA,NA,NA,NA,NA,0
"P215706","P215706","5","25489","C02","20220506",0,0,0,0,0,0,0,0,0,0,0,0,0,0
"P215706","P215706","5","25489","D02","20220506",0,0,0,0,0,0,0,0,0,0,0,0,0,0
"P215706","P215706","5","25489","C03","20220506",0,0,0,0,0,0,0,0,0,0,0,0,0,0
"P215706","P215706","5","25489","D03","20220506",0,0,0,0,0,0,0,0,0,0,0,0,0,0
"P215706","P215706","5","25489","C04","20220506",0,0,0,0,0,0,0,0,0,0,0,0,0,0
"P215706","P215706","5","25489","D04","20220506",0,0,0,0,0,0,0,0,0,0,0,0,0,0
"P215706","P215706","5","25489","C05","20220506",0,0,0,0,0,0,0,0,0,0,0,0,0,0
"P215706","P215706","5","25489","D05","20220506",0,0,0,0,0,0,0,0,0,0,0,0,0,0
"P215706","P215706","5","25489","C06","20220506",0,0,0,0,0,0,0,0,0,0,0,0,0,0
"P215706","P215706","5","25489","D06","20220506",0,0,0,0,0,0,0,0,0,0,0,0,0,0
"P215706","P215706","5","25489","C07","20220506",0,0,0,0,0,0,0,0,0,0,0,0,0,0
"P215706","P215706","5","25489","D07","20220506",0,0,0,0,0,0,0,0,0,0,0,0,0,0
"P215706","P215706","5","25489","C08","20220506",0,0,0,0,0,0,0,0,0,0,0,0,0,0
"P215706","P215706","5","25489","D08","20220506",0,0,0,0,0,0,0,0,0,0,0,0,0,0
"P215706","P215706","5","25489","C09","20220506",0,0,0,0,0,0,0,0,0,0,0,0,0,0
"P215706","P215706","5","25489","D09","20220506",0,0,0,0,0,0,0,0,0,0,0,0,0,0
"P215706","P215706","5","25489","C10","20220506",0,0,0,0,0,0,0,0,0,0,0,0,0,0
"P215706","P215706","5","25489","D10","20220506",NA,NA,NA,NA,NA,NA,NA,NA,NA,NA,NA,NA,NA,1
"P215706","P215706","5","25489","C11","20220506",0,0,0,0,0,0,0,0,0,0,0,0,0,0
"P215706","P215706","5","25489","D11","20220506",1,NA,NA,NA,NA,NA,NA,NA,NA,NA,NA,NA,NA,0
"P215706","P215706","5","25489","C12","20220506",0,0,0,0,0,0,0,0,0,0,0,0,0,0
"P215706","P215706","5","25489","D12","20220506",0,0,0,0,0,0,0,0,0,0,0,0,0,0
"P215706","P215706","5","25490","C01","20220506",0,0,0,0,0,0,0,0,0,0,0,0,0,0
"P215706","P215706","5","25490","D01","20220506",0,0,0,0,0,0,0,0,0,0,0,0,0,0
"P215706","P215706","5","25490","C02","20220506",0,0,0,0,0,0,0,0,0,0,0,0,0,0
"P215706","P215706","5","25490","D02","20220506",0,0,0,0,0,0,0,0,0,0,0,0,0,0
"P215706","P215706","5","25490","C03","20220506",0,0,0,0,0,0,0,0,0,0,0,0,0,0
"P215706","P215706","5","25490","D03","20220506",0,0,0,0,0,0,0,0,0,0,0,0,0,0
"P215706","P215706","5","25490","C04","20220506",0,0,0,0,0,0,0,0,0,0,0,0,0,0
"P215706","P215706","5","25490","D04","20220506",0,0,0,0,0,0,0,0,0,0,0,0,0,0
"P215706","P215706","5","25490","C05","20220506",0,0,0,0,0,0,0,0,0,0,0,0,0,0
"P215706","P215706","5","25490","D05","20220506",0,0,0,0,0,0,0,0,0,0,0,0,0,0
"P215706","P215706","5","25490","C06","20220506",0,0,0,0,0,0,0,0,0,0,0,0,0,0
"P215706","P215706","5","25490","D06","20220506",0,0,0,0,0,0,0,0,0,0,0,0,0,0
"P215706","P215706","5","25490","C07","20220506",0,0,0,1,NA,NA,NA,NA,NA,NA,NA,NA,NA,0
"P215706","P215706","5","25490","D07","20220506",1,NA,NA,NA,NA,NA,NA,NA,NA,NA,NA,NA,NA,0
"P215706","P215706","5","25490","C08","20220506",0,0,0,0,0,0,0,0,0,0,0,0,0,0
"P215706","P215706","5","25490","D08","20220506",0,0,0,0,0,0,0,0,0,0,0,0,0,0
"P215706","P215706","5","25490","C09","20220506",0,0,0,0,0,0,0,0,0,0,0,0,0,0
"P215706","P215706","5","25490","D09","20220506",0,0,0,0,0,0,0,0,0,0,0,0,0,0
"P215706","P215706","5","25490","C10","20220506",0,0,0,0,0,0,0,0,0,0,0,0,0,0
"P215706","P215706","5","25490","D10","20220506",0,0,0,0,0,0,0,0,0,0,0,0,0,0
"P215706","P215706","5","25490","C11","20220506",0,0,0,0,0,0,0,0,0,0,0,0,0,0
"P215706","P215706","5","25490","D11","20220506",0,0,0,0,0,0,0,0,0,0,0,0,0,0
"P215706","P215706","5","25490","C12","20220506",0,0,0,0,0,0,0,0,0,0,0,0,0,0
"P215706","P215706","5","25490","D12","20220506",0,0,0,0,0,0,0,0,0,0,0,0,0,0
"P215706","P215706","5","25492","C01","20220506",0,0,0,0,0,0,0,0,0,0,0,0,0,0
"P215706","P215706","5","25492","D01","20220506",0,0,0,0,0,0,0,0,0,0,0,0,0,0
"P215706","P215706","5","25492","C02","20220506",0,0,0,0,0,0,0,0,0,0,0,0,0,0
"P215706","P215706","5","25492","D02","20220506",0,0,0,0,0,0,0,0,0,0,0,0,0,0
"P215706","P215706","5","25492","C03","20220506",0,0,0,0,0,0,0,0,0,0,0,0,0,0
"P215706","P215706","5","25492","D03","20220506",0,0,0,0,0,0,0,0,0,0,0,0,0,0
"P215706","P215706","5","25492","C04","20220506",0,0,0,0,0,0,0,0,0,0,0,0,0,0
"P215706","P215706","5","25492","D04","20220506",0,0,0,0,0,0,0,0,0,0,0,0,0,0
"P215706","P215706","5","25492","C05","20220506",0,0,0,0,0,0,0,0,0,0,0,0,0,0
"P215706","P215706","5","25492","D05","20220506",0,0,0,0,0,0,0,0,0,0,0,0,0,0
"P215706","P215706","5","25492","C06","20220506",0,0,0,0,0,0,0,0,0,0,0,0,0,0
"P215706","P215706","5","25492","D06","20220506",0,0,0,0,0,0,0,0,0,0,0,0,0,0
"P215706","P215706","5","25492","C07","20220506",0,0,0,0,0,0,0,0,0,0,0,0,0,0
"P215706","P215706","5","25492","D07","20220506",0,0,0,0,0,0,0,0,0,0,0,0,0,0
"P215706","P215706","5","25492","C08","20220506",0,0,0,0,0,0,0,0,0,0,0,0,0,0
"P215706","P215706","5","25492","D08","20220506",0,0,0,0,0,0,0,0,0,0,0,0,0,0
"P215706","P215706","5","25492","C09","20220506",0,0,0,0,0,0,0,0,0,0,0,0,0,0
"P215706","P215706","5","25492","D09","20220506",0,0,0,0,0,0,0,0,0,0,0,0,0,0
"P215706","P215706","5","25492","C10","20220506",0,0,0,0,0,0,0,0,0,0,0,0,0,0
"P215706","P215706","5","25492","D10","20220506",0,0,0,0,0,0,0,0,0,0,0,0,0,0
"P215706","P215706","5","25492","C11","20220506",0,0,0,0,0,0,0,0,0,0,0,0,0,0
"P215706","P215706","5","25492","D11","20220506",0,0,0,0,0,0,0,0,0,0,0,0,0,0
"P215706","P215706","5","25492","C12","20220506",0,0,0,0,0,0,0,0,0,0,0,0,0,0
"P215706","P215706","5","25492","D12","20220506",0,0,0,0,0,0,0,0,0,0,0,0,0,0
"P215706","P215706","5","25493","C01","20220506",0,0,0,0,0,0,0,0,0,0,0,0,0,0
"P215706","P215706","5","25493","D01","20220506",0,0,0,0,0,0,0,0,0,0,0,0,0,0
"P215706","P215706","5","25493","C02","20220506",0,0,0,0,0,0,0,0,0,0,0,0,0,0
"P215706","P215706","5","25493","D02","20220506",0,0,0,0,0,0,0,0,0,0,0,0,0,0
"P215706","P215706","5","25493","C03","20220506",0,0,0,0,0,0,0,0,0,0,0,0,0,0
"P215706","P215706","5","25493","D03","20220506",0,0,0,0,0,0,0,0,0,0,0,0,0,0
"P215706","P215706","5","25493","C04","20220506",0,0,0,0,0,0,0,0,0,0,0,0,0,0
"P215706","P215706","5","25493","D04","20220506",0,0,0,0,0,0,0,0,0,0,0,0,0,0
"P215706","P215706","5","25493","C05","20220506",0,0,0,0,0,0,0,0,0,0,0,0,0,0
"P215706","P215706","5","25493","D05","20220506",0,0,0,0,0,0,0,0,0,0,0,0,0,0
"P215706","P215706","5","25493","C06","20220506",0,0,0,0,0,0,0,0,0,0,0,0,0,0
"P215706","P215706","5","25493","D06","20220506",0,0,0,0,0,0,0,0,0,0,0,0,0,0
"P215706","P215706","5","25493","C07","20220506",0,0,0,0,0,0,0,0,0,0,0,0,0,0
"P215706","P215706","5","25493","D07","20220506",0,0,0,0,0,0,0,0,0,0,0,0,0,0
"P215706","P215706","5","25493","C08","20220506",0,0,0,0,0,0,0,0,0,0,0,0,0,0
"P215706","P215706","5","25493","D08","20220506",0,0,0,0,0,0,0,0,0,0,0,0,0,0
"P215706","P215706","5","25493","C09","20220506",0,0,0,0,0,0,0,0,0,0,0,0,0,0
"P215706","P215706","5","25493","D09","20220506",0,0,0,0,0,0,0,0,0,0,0,0,0,0
"P215706","P215706","5","25493","C10","20220506",0,0,0,0,0,0,0,0,0,0,0,0,0,0
"P215706","P215706","5","25493","D10","20220506",0,0,0,0,0,0,0,0,0,0,0,0,0,0
"P215706","P215706","5","25493","C11","20220506",0,0,0,0,0,0,0,0,0,0,0,0,0,0
"P215706","P215706","5","25493","D11","20220506",0,0,0,0,0,0,0,0,0,0,0,0,0,0
"P215706","P215706","5","25493","C12","20220506",0,0,0,0,0,0,0,0,0,0,0,0,0,0
"P215706","P215706","5","25493","D12","20220506",0,0,0,0,0,0,0,0,0,0,0,0,0,0
"P215706","P215706","10","25484","A01","20220506",0,0,0,0,0,0,0,0,0,0,0,0,0,0
"P215706","P215706","10","25484","B01","20220506",1,NA,NA,NA,NA,NA,NA,NA,NA,NA,NA,NA,NA,0
"P215706","P215706","10","25484","A02","20220506",0,0,0,0,0,0,0,0,0,0,0,0,0,0
"P215706","P215706","10","25484","B02","20220506",1,NA,NA,NA,NA,NA,NA,NA,NA,NA,NA,NA,NA,0
"P215706","P215706","10","25484","A03","20220506",1,NA,NA,NA,NA,NA,NA,NA,NA,NA,NA,NA,NA,0
"P215706","P215706","10","25484","B03","20220506",1,NA,NA,NA,NA,NA,NA,NA,NA,NA,NA,NA,NA,0
"P215706","P215706","10","25484","A04","20220506",1,NA,NA,NA,NA,NA,NA,NA,NA,NA,NA,NA,NA,0
"P215706","P215706","10","25484","B04","20220506",1,NA,NA,NA,NA,NA,NA,NA,NA,NA,NA,NA,NA,0
"P215706","P215706","10","25484","A05","20220506",1,NA,NA,NA,NA,NA,NA,NA,NA,NA,NA,NA,NA,0
"P215706","P215706","10","25484","B05","20220506",1,NA,NA,NA,NA,NA,NA,NA,NA,NA,NA,NA,NA,0
"P215706","P215706","10","25484","A06","20220506",0,0,0,0,0,0,0,0,0,0,0,0,0,0
"P215706","P215706","10","25484","B06","20220506",1,NA,NA,NA,NA,NA,NA,NA,NA,NA,NA,NA,NA,0
"P215706","P215706","10","25484","A07","20220506",1,NA,NA,NA,NA,NA,NA,NA,NA,NA,NA,NA,NA,0
"P215706","P215706","10","25484","B07","20220506",1,NA,NA,NA,NA,NA,NA,NA,NA,NA,NA,NA,NA,0
"P215706","P215706","10","25484","A08","20220506",1,NA,NA,NA,NA,NA,NA,NA,NA,NA,NA,NA,NA,0
"P215706","P215706","10","25484","B08","20220506",1,NA,NA,NA,NA,NA,NA,NA,NA,NA,NA,NA,NA,0
"P215706","P215706","10","25484","A09","20220506",1,NA,NA,NA,NA,NA,NA,NA,NA,NA,NA,NA,NA,0
"P215706","P215706","10","25484","B09","20220506",1,NA,NA,NA,NA,NA,NA,NA,NA,NA,NA,NA,NA,0
"P215706","P215706","10","25484","A10","20220506",0,0,0,0,0,0,0,0,0,0,0,0,0,0
"P215706","P215706","10","25484","B10","20220506",1,NA,NA,NA,NA,NA,NA,NA,NA,NA,NA,NA,NA,0
"P215706","P215706","10","25484","A11","20220506",0,0,0,0,0,0,0,0,0,0,0,0,0,0
"P215706","P215706","10","25484","B11","20220506",1,NA,NA,NA,NA,NA,NA,NA,NA,NA,NA,NA,NA,0
"P215706","P215706","10","25484","A12","20220506",1,NA,NA,NA,NA,NA,NA,NA,NA,NA,NA,NA,NA,0
"P215706","P215706","10","25484","B12","20220506",1,NA,NA,NA,NA,NA,NA,NA,NA,NA,NA,NA,NA,0
"P215706","P215706","10","25485","A01","20220506",1,NA,NA,NA,NA,NA,NA,NA,NA,NA,NA,NA,NA,0
"P215706","P215706","10","25485","B01","20220506",1,NA,NA,NA,NA,NA,NA,NA,NA,NA,NA,NA,NA,0
"P215706","P215706","10","25485","A02","20220506",1,NA,NA,NA,NA,NA,NA,NA,NA,NA,NA,NA,NA,0
"P215706","P215706","10","25485","B02","20220506",1,NA,NA,NA,NA,NA,NA,NA,NA,NA,NA,NA,NA,0
"P215706","P215706","10","25485","A03","20220506",0,0,0,0,0,0,0,0,0,0,0,0,0,0
"P215706","P215706","10","25485","B03","20220506",1,NA,NA,NA,NA,NA,NA,NA,NA,NA,NA,NA,NA,0
"P215706","P215706","10","25485","A04","20220506",1,NA,NA,NA,NA,NA,NA,NA,NA,NA,NA,NA,NA,0
"P215706","P215706","10","25485","B04","20220506",1,NA,NA,NA,NA,NA,NA,NA,NA,NA,NA,NA,NA,0
"P215706","P215706","10","25485","A05","20220506",1,NA,NA,NA,NA,NA,NA,NA,NA,NA,NA,NA,NA,0
"P215706","P215706","10","25485","B05","20220506",0,0,0,0,0,0,0,0,0,0,0,0,0,0
"P215706","P215706","10","25485","A06","20220506",0,0,0,0,0,0,0,0,0,0,0,0,0,0
"P215706","P215706","10","25485","B06","20220506",1,NA,NA,NA,NA,NA,NA,NA,NA,NA,NA,NA,NA,0
"P215706","P215706","10","25485","A07","20220506",1,NA,NA,NA,NA,NA,NA,NA,NA,NA,NA,NA,NA,0
"P215706","P215706","10","25485","B07","20220506",1,NA,NA,NA,NA,NA,NA,NA,NA,NA,NA,NA,NA,0
"P215706","P215706","10","25485","A08","20220506",1,NA,NA,NA,NA,NA,NA,NA,NA,NA,NA,NA,NA,0
"P215706","P215706","10","25485","B08","20220506",1,NA,NA,NA,NA,NA,NA,NA,NA,NA,NA,NA,NA,0
"P215706","P215706","10","25485","A09","20220506",1,NA,NA,NA,NA,NA,NA,NA,NA,NA,NA,NA,NA,0
"P215706","P215706","10","25485","B09","20220506",1,NA,NA,NA,NA,NA,NA,NA,NA,NA,NA,NA,NA,0
"P215706","P215706","10","25485","A10","20220506",1,NA,NA,NA,NA,NA,NA,NA,NA,NA,NA,NA,NA,0
"P215706","P215706","10","25485","B10","20220506",1,NA,NA,NA,NA,NA,NA,NA,NA,NA,NA,NA,NA,0
"P215706","P215706","10","25485","A11","20220506",1,NA,NA,NA,NA,NA,NA,NA,NA,NA,NA,NA,NA,0
"P215706","P215706","10","25485","B11","20220506",0,0,0,0,0,0,0,0,0,0,0,0,0,0
"P215706","P215706","10","25485","A12","20220506",1,NA,NA,NA,NA,NA,NA,NA,NA,NA,NA,NA,NA,0
"P215706","P215706","10","25485","B12","20220506",1,NA,NA,NA,NA,NA,NA,NA,NA,NA,NA,NA,NA,0
"P215706","P215706","10","25486","A01","20220506",0,0,0,0,0,0,0,0,0,0,0,0,0,0
"P215706","P215706","10","25486","B01","20220506",0,0,0,0,0,0,0,0,0,0,0,0,0,0
"P215706","P215706","10","25486","A02","20220506",0,0,0,0,0,0,0,0,0,0,0,0,0,0
"P215706","P215706","10","25486","B02","20220506",0,0,0,0,0,0,0,0,0,0,0,0,0,0
"P215706","P215706","10","25486","A03","20220506",0,0,0,0,0,0,0,0,0,0,0,0,0,0
"P215706","P215706","10","25486","B03","20220506",0,0,0,0,0,0,0,0,0,0,0,0,0,0
"P215706","P215706","10","25486","A04","20220506",0,0,0,0,0,0,0,0,0,0,0,0,0,0
"P215706","P215706","10","25486","B04","20220506",0,0,0,0,0,0,0,0,0,0,0,0,0,0
"P215706","P215706","10","25486","A05","20220506",0,0,0,0,0,0,0,0,0,0,0,0,0,0
"P215706","P215706","10","25486","B05","20220506",0,0,0,0,0,0,0,0,0,0,0,0,0,0
"P215706","P215706","10","25486","A06","20220506",0,0,0,0,0,0,0,0,0,0,0,0,0,0
"P215706","P215706","10","25486","B06","20220506",0,0,0,0,0,0,0,0,0,0,0,0,0,0
"P215706","P215706","10","25486","A07","20220506",0,0,0,0,0,0,0,0,0,0,0,0,0,0
"P215706","P215706","10","25486","B07","20220506",0,0,0,0,0,0,0,0,0,0,0,0,0,0
"P215706","P215706","10","25486","A08","20220506",0,0,0,0,0,0,0,0,0,0,0,0,0,0
"P215706","P215706","10","25486","B08","20220506",0,0,0,0,0,0,0,0,0,0,0,0,0,0
"P215706","P215706","10","25486","A09","20220506",0,0,0,0,0,0,0,0,0,0,0,0,0,0
"P215706","P215706","10","25486","B09","20220506",0,0,0,0,0,0,0,0,0,0,0,0,0,0
"P215706","P215706","10","25486","A10","20220506",0,0,0,0,0,0,0,0,0,0,0,0,0,0
"P215706","P215706","10","25486","B10","20220506",0,0,0,0,0,0,0,0,0,0,0,0,0,0
"P215706","P215706","10","25486","A11","20220506",0,0,0,0,0,0,0,0,0,0,0,0,0,0
"P215706","P215706","10","25486","B11","20220506",0,0,0,0,0,0,0,0,0,0,0,0,0,0
"P215706","P215706","10","25486","A12","20220506",0,0,0,0,0,0,0,0,0,0,0,0,0,0
"P215706","P215706","10","25486","B12","20220506",0,0,0,0,0,0,0,0,0,0,0,0,0,0
"P215706","P215706","10","25487","A01","20220506",0,0,0,0,0,0,0,0,0,0,0,0,0,0
"P215706","P215706","10","25487","B01","20220506",0,0,0,0,0,0,0,0,0,0,0,0,0,0
"P215706","P215706","10","25487","A02","20220506",0,0,0,0,0,0,0,0,0,0,0,0,0,0
"P215706","P215706","10","25487","B02","20220506",0,0,0,0,0,0,0,0,0,0,0,0,0,0
"P215706","P215706","10","25487","A03","20220506",0,0,0,0,0,0,0,0,0,0,0,0,0,0
"P215706","P215706","10","25487","B03","20220506",0,0,0,0,0,0,0,0,0,0,0,0,0,0
"P215706","P215706","10","25487","A04","20220506",0,0,0,0,0,0,0,0,0,0,0,0,0,0
"P215706","P215706","10","25487","B04","20220506",0,0,0,0,0,0,0,0,0,0,0,0,0,0
"P215706","P215706","10","25487","A05","20220506",0,0,0,0,0,0,0,0,0,0,0,0,0,0
"P215706","P215706","10","25487","B05","20220506",0,0,0,0,0,0,0,0,0,0,0,0,0,0
"P215706","P215706","10","25487","A06","20220506",0,0,0,0,0,0,0,0,0,0,0,0,0,0
"P215706","P215706","10","25487","B06","20220506",0,0,0,0,0,0,0,0,0,0,0,0,0,0
"P215706","P215706","10","25487","A07","20220506",0,0,0,0,0,0,0,0,0,0,0,0,0,0
"P215706","P215706","10","25487","B07","20220506",0,0,0,0,0,0,0,0,0,0,0,0,0,0
"P215706","P215706","10","25487","A08","20220506",NA,NA,NA,NA,NA,NA,NA,NA,NA,NA,NA,NA,NA,1
"P215706","P215706","10","25487","B08","20220506",0,0,0,0,0,0,0,0,0,0,0,0,0,0
"P215706","P215706","10","25487","A09","20220506",0,0,0,0,0,0,0,0,0,0,0,0,0,0
"P215706","P215706","10","25487","B09","20220506",0,0,0,0,0,0,0,0,0,0,0,0,0,0
"P215706","P215706","10","25487","A10","20220506",0,0,0,0,0,0,0,0,0,0,0,0,0,0
"P215706","P215706","10","25487","B10","20220506",0,0,0,0,0,0,0,0,0,0,0,0,0,0
"P215706","P215706","10","25487","A11","20220506",0,0,0,0,0,0,0,0,0,0,0,0,0,0
"P215706","P215706","10","25487","B11","20220506",0,0,0,0,0,0,0,0,0,0,0,0,0,0
"P215706","P215706","10","25487","A12","20220506",0,0,0,0,0,0,0,0,0,0,0,0,0,0
"P215706","P215706","10","25487","B12","20220506",0,0,0,0,0,0,0,0,0,0,0,0,0,0
"P215706","P215706","10","25488","A01","20220506",0,0,0,0,0,0,0,0,0,0,0,0,0,0
"P215706","P215706","10","25488","B01","20220506",0,0,0,0,0,0,0,0,0,0,0,0,0,0
"P215706","P215706","10","25488","A02","20220506",0,0,0,0,0,0,0,0,0,0,0,0,0,0
"P215706","P215706","10","25488","B02","20220506",0,0,0,0,0,0,0,0,0,0,0,0,0,0
"P215706","P215706","10","25488","A03","20220506",0,0,0,0,0,0,0,0,0,0,0,0,0,0
"P215706","P215706","10","25488","B03","20220506",0,0,0,0,0,0,0,0,0,0,0,0,0,0
"P215706","P215706","10","25488","A04","20220506",0,0,0,0,0,0,0,0,0,0,0,0,0,0
"P215706","P215706","10","25488","B04","20220506",1,NA,NA,NA,NA,NA,NA,NA,NA,NA,NA,NA,NA,0
"P215706","P215706","10","25488","A05","20220506",0,0,0,0,0,0,0,0,0,0,0,0,0,0
"P215706","P215706","10","25488","B05","20220506",0,0,0,0,0,0,0,0,0,0,0,0,0,0
"P215706","P215706","10","25488","A06","20220506",0,0,0,0,0,0,0,0,0,0,0,0,0,0
"P215706","P215706","10","25488","B06","20220506",0,0,0,0,0,0,0,0,0,0,0,0,0,0
"P215706","P215706","10","25488","A07","20220506",0,0,0,0,0,0,0,0,0,0,0,0,0,0
"P215706","P215706","10","25488","B07","20220506",0,0,0,0,0,0,0,0,0,0,0,0,0,0
"P215706","P215706","10","25488","A08","20220506",0,0,0,0,0,0,0,0,0,0,0,0,0,0
"P215706","P215706","10","25488","B08","20220506",0,0,0,0,0,0,0,0,0,0,0,0,0,0
"P215706","P215706","10","25488","A09","20220506",0,0,0,0,0,0,0,0,0,0,0,0,0,0
"P215706","P215706","10","25488","B09","20220506",0,0,0,0,0,0,0,0,0,0,0,0,0,0
"P215706","P215706","10","25488","A10","20220506",0,0,0,0,0,0,0,0,0,0,0,0,0,0
"P215706","P215706","10","25488","B10","20220506",0,0,0,0,0,0,0,0,0,0,0,0,0,0
"P215706","P215706","10","25488","A11","20220506",0,0,0,0,0,0,0,0,0,0,0,0,0,0
"P215706","P215706","10","25488","B11","20220506",0,0,0,0,0,0,0,0,0,0,0,0,0,0
"P215706","P215706","10","25488","A12","20220506",0,0,0,0,0,0,0,0,0,0,0,0,0,0
"P215706","P215706","10","25488","B12","20220506",0,0,0,0,0,0,0,0,0,0,0,0,0,0
"P215706","P215706","10","25489","A01","20220506",0,0,0,0,0,0,0,0,0,0,0,0,0,0
"P215706","P215706","10","25489","B01","20220506",0,0,0,0,0,0,0,0,0,0,0,0,0,0
"P215706","P215706","10","25489","A02","20220506",0,0,0,0,0,0,0,0,0,0,0,0,0,0
"P215706","P215706","10","25489","B02","20220506",0,0,0,0,0,0,0,0,0,0,0,0,0,0
"P215706","P215706","10","25489","A03","20220506",0,0,0,0,0,0,0,0,0,0,0,0,0,0
"P215706","P215706","10","25489","B03","20220506",0,0,0,0,0,0,0,0,0,0,0,0,0,0
"P215706","P215706","10","25489","A04","20220506",0,0,0,0,0,0,0,0,0,0,0,0,0,0
"P215706","P215706","10","25489","B04","20220506",0,0,0,0,0,0,0,0,0,0,0,0,0,0
"P215706","P215706","10","25489","A05","20220506",0,0,0,0,0,0,0,0,0,0,0,0,0,0
"P215706","P215706","10","25489","B05","20220506",0,0,0,0,0,0,0,0,0,0,0,0,0,0
"P215706","P215706","10","25489","A06","20220506",0,0,0,0,0,0,0,0,0,0,0,0,0,0
"P215706","P215706","10","25489","B06","20220506",0,0,0,0,0,0,0,0,0,0,0,0,0,0
"P215706","P215706","10","25489","A07","20220506",0,0,0,0,0,0,0,0,0,0,0,0,0,0
"P215706","P215706","10","25489","B07","20220506",0,0,0,0,0,0,0,0,0,0,0,0,0,0
"P215706","P215706","10","25489","A08","20220506",0,0,0,0,0,0,0,0,0,0,0,0,0,0
"P215706","P215706","10","25489","B08","20220506",0,0,0,0,0,0,0,0,0,0,0,0,0,0
"P215706","P215706","10","25489","A09","20220506",0,0,0,0,0,0,0,0,0,0,0,0,0,0
"P215706","P215706","10","25489","B09","20220506",0,0,0,0,0,0,0,0,0,0,0,0,0,0
"P215706","P215706","10","25489","A10","20220506",0,0,0,0,0,0,0,0,0,0,0,0,0,0
"P215706","P215706","10","25489","B10","20220506",0,0,0,0,0,0,0,0,0,0,0,0,0,0
"P215706","P215706","10","25489","A11","20220506",0,0,0,0,0,0,0,0,0,0,0,0,0,0
"P215706","P215706","10","25489","B11","20220506",0,0,0,0,0,0,0,0,0,0,0,0,0,0
"P215706","P215706","10","25489","A12","20220506",0,0,0,0,0,0,0,0,0,0,0,0,0,0
"P215706","P215706","10","25489","B12","20220506",0,0,0,0,0,0,0,0,0,0,0,0,0,0
"P215706","P215706","10","25490","A01","20220506",0,0,0,0,0,0,0,0,0,0,0,0,0,0
"P215706","P215706","10","25490","B01","20220506",0,0,0,0,0,0,0,0,0,0,0,0,0,0
"P215706","P215706","10","25490","A02","20220506",0,0,0,0,0,0,0,0,0,0,0,0,0,0
"P215706","P215706","10","25490","B02","20220506",0,0,0,0,0,0,0,0,0,0,0,0,0,0
"P215706","P215706","10","25490","A03","20220506",0,0,0,0,0,0,0,0,0,0,0,0,0,0
"P215706","P215706","10","25490","B03","20220506",0,0,0,0,0,0,0,0,0,0,0,0,0,0
"P215706","P215706","10","25490","A04","20220506",0,0,0,0,0,0,0,0,0,0,0,0,0,0
"P215706","P215706","10","25490","B04","20220506",0,0,0,0,0,0,0,0,0,0,0,0,0,0
"P215706","P215706","10","25490","A05","20220506",0,0,0,0,0,0,0,0,0,0,0,0,0,0
"P215706","P215706","10","25490","B05","20220506",0,0,0,0,0,0,0,0,0,0,0,0,0,0
"P215706","P215706","10","25490","A06","20220506",1,NA,NA,NA,NA,NA,NA,NA,NA,NA,NA,NA,NA,0
"P215706","P215706","10","25490","B06","20220506",0,0,0,0,0,0,0,0,0,0,0,0,0,0
"P215706","P215706","10","25490","A07","20220506",0,0,0,0,0,0,0,0,0,0,0,0,0,0
"P215706","P215706","10","25490","B07","20220506",0,0,0,0,0,0,0,0,0,0,0,0,0,0
"P215706","P215706","10","25490","A08","20220506",0,0,0,0,0,0,0,0,0,0,0,0,0,0
"P215706","P215706","10","25490","B08","20220506",0,0,0,0,0,0,0,0,0,0,0,0,0,0
"P215706","P215706","10","25490","A09","20220506",0,0,0,0,0,0,0,0,0,0,0,0,0,0
"P215706","P215706","10","25490","B09","20220506",0,0,0,0,1,1,1,1,1,0,0,1,0,0
"P215706","P215706","10","25490","A10","20220506",0,0,0,0,0,0,0,0,0,0,0,0,0,0
"P215706","P215706","10","25490","B10","20220506",0,0,0,0,0,0,0,0,0,0,0,0,0,0
"P215706","P215706","10","25490","A11","20220506",0,0,0,0,0,0,0,0,0,0,0,0,0,0
"P215706","P215706","10","25490","B11","20220506",0,0,0,0,0,0,0,0,0,0,0,0,0,0
"P215706","P215706","10","25490","A12","20220506",0,0,0,0,0,0,0,0,0,0,0,0,0,0
"P215706","P215706","10","25490","B12","20220506",0,0,0,0,0,0,0,0,0,0,0,0,0,0
"P215706","P215706","10","25492","A01","20220506",0,0,0,0,0,0,0,0,0,0,0,0,0,0
"P215706","P215706","10","25492","B01","20220506",0,0,0,0,0,0,0,0,0,0,0,0,0,0
"P215706","P215706","10","25492","A02","20220506",0,0,0,0,0,0,0,0,0,0,0,0,0,0
"P215706","P215706","10","25492","B02","20220506",0,0,0,0,0,0,0,0,0,0,0,0,0,0
"P215706","P215706","10","25492","A03","20220506",0,0,0,0,0,0,0,0,0,0,0,0,0,0
"P215706","P215706","10","25492","B03","20220506",0,0,0,0,0,0,0,0,0,0,0,0,0,0
"P215706","P215706","10","25492","A04","20220506",0,0,0,0,0,0,0,0,0,0,0,0,0,0
"P215706","P215706","10","25492","B04","20220506",0,0,0,0,0,0,0,0,0,0,0,0,0,0
"P215706","P215706","10","25492","A05","20220506",0,0,0,0,0,0,0,0,0,0,0,0,0,0
"P215706","P215706","10","25492","B05","20220506",0,0,0,0,0,0,0,0,0,0,0,0,0,0
"P215706","P215706","10","25492","A06","20220506",0,0,0,0,0,0,0,0,0,0,0,0,0,0
"P215706","P215706","10","25492","B06","20220506",0,0,0,0,0,0,0,0,0,0,0,0,0,0
"P215706","P215706","10","25492","A07","20220506",0,0,0,0,0,0,0,0,0,0,0,0,0,0
"P215706","P215706","10","25492","B07","20220506",0,0,0,0,0,0,0,0,0,0,0,0,0,0
"P215706","P215706","10","25492","A08","20220506",0,0,0,0,0,0,0,0,0,0,0,0,0,0
"P215706","P215706","10","25492","B08","20220506",0,0,0,0,0,0,0,0,0,0,0,0,0,0
"P215706","P215706","10","25492","A09","20220506",0,0,0,0,0,0,0,0,0,0,0,0,0,0
"P215706","P215706","10","25492","B09","20220506",0,0,0,0,0,0,0,0,0,0,0,0,0,0
"P215706","P215706","10","25492","A10","20220506",0,0,0,0,0,0,0,0,0,0,0,0,0,0
"P215706","P215706","10","25492","B10","20220506",0,0,0,0,0,0,0,0,0,0,0,0,0,0
"P215706","P215706","10","25492","A11","20220506",0,0,0,0,0,0,0,0,0,0,0,0,0,0
"P215706","P215706","10","25492","B11","20220506",0,0,0,0,0,0,0,0,0,0,0,0,0,0
"P215706","P215706","10","25492","A12","20220506",0,0,0,0,0,0,0,0,0,0,0,0,0,0
"P215706","P215706","10","25492","B12","20220506",0,0,0,0,0,0,0,0,0,0,0,0,0,0
"P215706","P215706","10","25493","A01","20220506",0,0,0,0,0,0,0,0,0,0,0,0,0,0
"P215706","P215706","10","25493","B01","20220506",0,0,0,0,0,0,0,0,0,0,0,0,0,0
"P215706","P215706","10","25493","A02","20220506",0,0,0,0,0,0,0,0,0,0,0,0,0,0
"P215706","P215706","10","25493","B02","20220506",0,0,0,0,1,0,1,0,0,0,0,0,0,0
"P215706","P215706","10","25493","A03","20220506",0,0,0,0,0,0,0,0,0,0,0,0,0,0
"P215706","P215706","10","25493","B03","20220506",0,0,0,0,0,0,0,0,0,0,0,0,0,0
"P215706","P215706","10","25493","A04","20220506",0,0,0,0,0,0,0,0,0,0,0,0,0,0
"P215706","P215706","10","25493","B04","20220506",0,0,0,0,0,0,0,0,0,0,0,0,0,0
"P215706","P215706","10","25493","A05","20220506",0,0,0,0,0,0,0,0,0,0,0,0,0,0
"P215706","P215706","10","25493","B05","20220506",0,0,0,0,0,0,0,0,0,0,0,0,0,0
"P215706","P215706","10","25493","A06","20220506",0,0,0,0,0,0,0,0,0,0,0,0,0,0
"P215706","P215706","10","25493","B06","20220506",0,0,0,0,0,0,0,0,0,0,0,0,0,0
"P215706","P215706","10","25493","A07","20220506",0,0,0,0,0,0,0,0,0,0,0,0,0,0
"P215706","P215706","10","25493","B07","20220506",0,0,0,0,0,0,0,0,0,0,0,0,0,0
"P215706","P215706","10","25493","A08","20220506",0,0,0,0,0,0,0,0,0,0,0,0,0,0
"P215706","P215706","10","25493","B08","20220506",0,0,0,0,0,0,0,0,0,0,0,0,0,0
"P215706","P215706","10","25493","A09","20220506",0,0,0,0,0,0,0,0,0,0,0,0,0,0
"P215706","P215706","10","25493","B09","20220506",0,0,0,0,0,0,0,0,0,0,0,0,0,0
"P215706","P215706","10","25493","A10","20220506",0,0,0,0,0,0,0,0,0,0,0,0,0,0
"P215706","P215706","10","25493","B10","20220506",0,0,0,0,0,0,0,0,0,0,0,0,0,0
"P215706","P215706","10","25493","A11","20220506",0,0,0,0,0,0,0,0,0,0,0,0,0,0
"P215706","P215706","10","25493","B11","20220506",0,0,0,0,0,0,0,0,0,0,0,0,0,0
"P215706","P215706","10","25493","A12","20220506",0,0,0,0,0,0,0,0,0,0,0,0,0,0
"P215706","P215706","10","25493","B12","20220506",0,0,0,0,0,0,0,0,0,0,0,0,0,0
